<annotation>
    <folder>JPEGImages</folder>
    <filename>111.jpg</filename>
    <size>
        <width>320</width>
        <height>320</height>
        <depth>3</depth>
    </size>
    <object>
        <name>8</name>
        <difficult>0</difficult>
        <keypoints>
            <x1>236</x1>
            <y1>255</y1>
            <v1>2</v1>
        </keypoints>
        <bndbox>
            <xmin>236</xmin>
            <ymin>255</ymin>
            <xmax>236</xmax>
            <ymax>255</ymax>
        </bndbox>
    </object>
    <object>
        <name>7</name>
        <difficult>0</difficult>
        <keypoints>
            <x1>66</x1>
            <y1>202</y1>
            <v1>2</v1>
        </keypoints>
        <bndbox>
            <xmin>66</xmin>
            <ymin>202</ymin>
            <xmax>66</xmax>
            <ymax>202</ymax>
        </bndbox>
    </object>
    <object>
        <name>6</name>
        <difficult>0</difficult>
        <keypoints>
            <x1>192</x1>
            <y1>174</y1>
            <v1>2</v1>
        </keypoints>
        <bndbox>
            <xmin>192</xmin>
            <ymin>174</ymin>
            <xmax>192</xmax>
            <ymax>174</ymax>
        </bndbox>
    </object>
    <object>
        <name>5</name>
        <difficult>0</difficult>
        <keypoints>
            <x1>144</x1>
            <y1>159</y1>
            <v1>2</v1>
        </keypoints>
        <bndbox>
            <xmin>144</xmin>
            <ymin>159</ymin>
            <xmax>144</xmax>
            <ymax>159</ymax>
        </bndbox>
    </object>
    <object>
        <name>4</name>
        <difficult>0</difficult>
        <keypoints>
            <x1>293</x1>
            <y1>115</y1>
            <v1>2</v1>
        </keypoints>
        <bndbox>
            <xmin>293</xmin>
            <ymin>115</ymin>
            <xmax>293</xmax>
            <ymax>115</ymax>
        </bndbox>
    </object>
    <object>
        <name>3</name>
        <difficult>0</difficult>
        <keypoints>
            <x1>248</x1>
            <y1>105</y1>
            <v1>2</v1>
        </keypoints>
        <bndbox>
            <xmin>248</xmin>
            <ymin>105</ymin>
            <xmax>248</xmax>
            <ymax>105</ymax>
        </bndbox>
    </object>
    <object>
        <name>1</name>
        <difficult>0</difficult>
        <keypoints>
            <x1>300</x1>
            <y1>79</y1>
            <v1>2</v1>
        </keypoints>
        <bndbox>
            <xmin>300</xmin>
            <ymin>79</ymin>
            <xmax>300</xmax>
            <ymax>79</ymax>
        </bndbox>
    </object>
</annotation>