<annotation>
    <folder>JPEGImages</folder>
    <filename>138.jpg</filename>
    <size>
        <width>320</width>
        <height>320</height>
        <depth>3</depth>
    </size>
    <object>
        <name>28</name>
        <difficult>0</difficult>
        <keypoints>
            <x1>245</x1>
            <y1>231</y1>
            <v1>2</v1>
        </keypoints>
        <bndbox>
            <xmin>245</xmin>
            <ymin>231</ymin>
            <xmax>245</xmax>
            <ymax>231</ymax>
        </bndbox>
    </object>
    <object>
        <name>27</name>
        <difficult>0</difficult>
        <keypoints>
            <x1>197</x1>
            <y1>192</y1>
            <v1>2</v1>
        </keypoints>
        <bndbox>
            <xmin>197</xmin>
            <ymin>192</ymin>
            <xmax>197</xmax>
            <ymax>192</ymax>
        </bndbox>
    </object>
    <object>
        <name>21</name>
        <difficult>0</difficult>
        <keypoints>
            <x1>304</x1>
            <y1>279</y1>
            <v1>2</v1>
        </keypoints>
        <bndbox>
            <xmin>304</xmin>
            <ymin>279</ymin>
            <xmax>304</xmax>
            <ymax>279</ymax>
        </bndbox>
    </object>
    <object>
        <name>17</name>
        <difficult>0</difficult>
        <keypoints>
            <x1>283</x1>
            <y1>180</y1>
            <v1>2</v1>
        </keypoints>
        <bndbox>
            <xmin>283</xmin>
            <ymin>180</ymin>
            <xmax>283</xmax>
            <ymax>180</ymax>
        </bndbox>
    </object>
    <object>
        <name>15</name>
        <difficult>0</difficult>
        <keypoints>
            <x1>166</x1>
            <y1>164</y1>
            <v1>2</v1>
        </keypoints>
        <bndbox>
            <xmin>166</xmin>
            <ymin>164</ymin>
            <xmax>166</xmax>
            <ymax>164</ymax>
        </bndbox>
    </object>
    <object>
        <name>14</name>
        <difficult>0</difficult>
        <keypoints>
            <x1>285</x1>
            <y1>155</y1>
            <v1>2</v1>
        </keypoints>
        <bndbox>
            <xmin>285</xmin>
            <ymin>155</ymin>
            <xmax>285</xmax>
            <ymax>155</ymax>
        </bndbox>
    </object>
    <object>
        <name>13</name>
        <difficult>0</difficult>
        <keypoints>
            <x1>246</x1>
            <y1>133</y1>
            <v1>2</v1>
        </keypoints>
        <bndbox>
            <xmin>246</xmin>
            <ymin>133</ymin>
            <xmax>246</xmax>
            <ymax>133</ymax>
        </bndbox>
    </object>
</annotation>