<annotation>
    <folder>JPEGImages</folder>
    <filename>17.jpg</filename>
    <size>
        <width>320</width>
        <height>320</height>
        <depth>3</depth>
    </size>
    <object>
        <name>28</name>
        <difficult>0</difficult>
        <keypoints>
            <x1>158</x1>
            <y1>203</y1>
            <v1>2</v1>
        </keypoints>
        <bndbox>
            <xmin>158</xmin>
            <ymin>203</ymin>
            <xmax>158</xmax>
            <ymax>203</ymax>
        </bndbox>
    </object>
    <object>
        <name>27</name>
        <difficult>0</difficult>
        <keypoints>
            <x1>118</x1>
            <y1>167</y1>
            <v1>2</v1>
        </keypoints>
        <bndbox>
            <xmin>118</xmin>
            <ymin>167</ymin>
            <xmax>118</xmax>
            <ymax>167</ymax>
        </bndbox>
    </object>
    <object>
        <name>21</name>
        <difficult>0</difficult>
        <keypoints>
            <x1>207</x1>
            <y1>246</y1>
            <v1>2</v1>
        </keypoints>
        <bndbox>
            <xmin>207</xmin>
            <ymin>246</ymin>
            <xmax>207</xmax>
            <ymax>246</ymax>
        </bndbox>
    </object>
    <object>
        <name>19</name>
        <difficult>0</difficult>
        <keypoints>
            <x1>243</x1>
            <y1>195</y1>
            <v1>2</v1>
        </keypoints>
        <bndbox>
            <xmin>243</xmin>
            <ymin>195</ymin>
            <xmax>243</xmax>
            <ymax>195</ymax>
        </bndbox>
    </object>
    <object>
        <name>18</name>
        <difficult>0</difficult>
        <keypoints>
            <x1>279</x1>
            <y1>189</y1>
            <v1>2</v1>
        </keypoints>
        <bndbox>
            <xmin>279</xmin>
            <ymin>189</ymin>
            <xmax>279</xmax>
            <ymax>189</ymax>
        </bndbox>
    </object>
    <object>
        <name>17</name>
        <difficult>0</difficult>
        <keypoints>
            <x1>182</x1>
            <y1>154</y1>
            <v1>2</v1>
        </keypoints>
        <bndbox>
            <xmin>182</xmin>
            <ymin>154</ymin>
            <xmax>182</xmax>
            <ymax>154</ymax>
        </bndbox>
    </object>
    <object>
        <name>16</name>
        <difficult>0</difficult>
        <keypoints>
            <x1>213</x1>
            <y1>149</y1>
            <v1>2</v1>
        </keypoints>
        <bndbox>
            <xmin>213</xmin>
            <ymin>149</ymin>
            <xmax>213</xmax>
            <ymax>149</ymax>
        </bndbox>
    </object>
    <object>
        <name>15</name>
        <difficult>0</difficult>
        <keypoints>
            <x1>90</x1>
            <y1>143</y1>
            <v1>2</v1>
        </keypoints>
        <bndbox>
            <xmin>90</xmin>
            <ymin>143</ymin>
            <xmax>90</xmax>
            <ymax>143</ymax>
        </bndbox>
    </object>
    <object>
        <name>14</name>
        <difficult>0</difficult>
        <keypoints>
            <x1>182</x1>
            <y1>130</y1>
            <v1>2</v1>
        </keypoints>
        <bndbox>
            <xmin>182</xmin>
            <ymin>130</ymin>
            <xmax>182</xmax>
            <ymax>130</ymax>
        </bndbox>
    </object>
    <object>
        <name>13</name>
        <difficult>0</difficult>
        <keypoints>
            <x1>150</x1>
            <y1>111</y1>
            <v1>2</v1>
        </keypoints>
        <bndbox>
            <xmin>150</xmin>
            <ymin>111</ymin>
            <xmax>150</xmax>
            <ymax>111</ymax>
        </bndbox>
    </object>
</annotation>