<annotation>
    <folder>JPEGImages</folder>
    <filename>18.jpg</filename>
    <size>
        <width>320</width>
        <height>320</height>
        <depth>3</depth>
    </size>
    <object>
        <name>28</name>
        <difficult>0</difficult>
        <keypoints>
            <x1>136</x1>
            <y1>209</y1>
            <v1>2</v1>
        </keypoints>
        <bndbox>
            <xmin>136</xmin>
            <ymin>209</ymin>
            <xmax>136</xmax>
            <ymax>209</ymax>
        </bndbox>
    </object>
    <object>
        <name>27</name>
        <difficult>0</difficult>
        <keypoints>
            <x1>93</x1>
            <y1>173</y1>
            <v1>2</v1>
        </keypoints>
        <bndbox>
            <xmin>93</xmin>
            <ymin>173</ymin>
            <xmax>93</xmax>
            <ymax>173</ymax>
        </bndbox>
    </object>
    <object>
        <name>21</name>
        <difficult>0</difficult>
        <keypoints>
            <x1>185</x1>
            <y1>253</y1>
            <v1>2</v1>
        </keypoints>
        <bndbox>
            <xmin>185</xmin>
            <ymin>253</ymin>
            <xmax>185</xmax>
            <ymax>253</ymax>
        </bndbox>
    </object>
    <object>
        <name>20</name>
        <difficult>0</difficult>
        <keypoints>
            <x1>313</x1>
            <y1>227</y1>
            <v1>2</v1>
        </keypoints>
        <bndbox>
            <xmin>313</xmin>
            <ymin>227</ymin>
            <xmax>313</xmax>
            <ymax>227</ymax>
        </bndbox>
    </object>
    <object>
        <name>19</name>
        <difficult>0</difficult>
        <keypoints>
            <x1>223</x1>
            <y1>201</y1>
            <v1>2</v1>
        </keypoints>
        <bndbox>
            <xmin>223</xmin>
            <ymin>201</ymin>
            <xmax>223</xmax>
            <ymax>201</ymax>
        </bndbox>
    </object>
    <object>
        <name>18</name>
        <difficult>0</difficult>
        <keypoints>
            <x1>259</x1>
            <y1>194</y1>
            <v1>2</v1>
        </keypoints>
        <bndbox>
            <xmin>259</xmin>
            <ymin>194</ymin>
            <xmax>259</xmax>
            <ymax>194</ymax>
        </bndbox>
    </object>
    <object>
        <name>17</name>
        <difficult>0</difficult>
        <keypoints>
            <x1>161</x1>
            <y1>158</y1>
            <v1>2</v1>
        </keypoints>
        <bndbox>
            <xmin>161</xmin>
            <ymin>158</ymin>
            <xmax>161</xmax>
            <ymax>158</ymax>
        </bndbox>
    </object>
    <object>
        <name>16</name>
        <difficult>0</difficult>
        <keypoints>
            <x1>192</x1>
            <y1>154</y1>
            <v1>2</v1>
        </keypoints>
        <bndbox>
            <xmin>192</xmin>
            <ymin>154</ymin>
            <xmax>192</xmax>
            <ymax>154</ymax>
        </bndbox>
    </object>
    <object>
        <name>15</name>
        <difficult>0</difficult>
        <keypoints>
            <x1>64</x1>
            <y1>148</y1>
            <v1>2</v1>
        </keypoints>
        <bndbox>
            <xmin>64</xmin>
            <ymin>148</ymin>
            <xmax>64</xmax>
            <ymax>148</ymax>
        </bndbox>
    </object>
    <object>
        <name>14</name>
        <difficult>0</difficult>
        <keypoints>
            <x1>159</x1>
            <y1>134</y1>
            <v1>2</v1>
        </keypoints>
        <bndbox>
            <xmin>159</xmin>
            <ymin>134</ymin>
            <xmax>159</xmax>
            <ymax>134</ymax>
        </bndbox>
    </object>
    <object>
        <name>13</name>
        <difficult>0</difficult>
        <keypoints>
            <x1>127</x1>
            <y1>115</y1>
            <v1>2</v1>
        </keypoints>
        <bndbox>
            <xmin>127</xmin>
            <ymin>115</ymin>
            <xmax>127</xmax>
            <ymax>115</ymax>
        </bndbox>
    </object>
</annotation>