<annotation>
    <folder>JPEGImages</folder>
    <filename>201.jpg</filename>
    <size>
        <width>320</width>
        <height>320</height>
        <depth>3</depth>
    </size>
    <object>
        <name>24</name>
        <difficult>0</difficult>
        <keypoints>
            <x1>20</x1>
            <y1>164</y1>
            <v1>2</v1>
        </keypoints>
        <bndbox>
            <xmin>20</xmin>
            <ymin>164</ymin>
            <xmax>20</xmax>
            <ymax>164</ymax>
        </bndbox>
    </object>
    <object>
        <name>23</name>
        <difficult>0</difficult>
        <keypoints>
            <x1>80</x1>
            <y1>127</y1>
            <v1>2</v1>
        </keypoints>
        <bndbox>
            <xmin>80</xmin>
            <ymin>127</ymin>
            <xmax>80</xmax>
            <ymax>127</ymax>
        </bndbox>
    </object>
    <object>
        <name>2</name>
        <difficult>0</difficult>
        <keypoints>
            <x1>118</x1>
            <y1>105</y1>
            <v1>2</v1>
        </keypoints>
        <bndbox>
            <xmin>118</xmin>
            <ymin>105</ymin>
            <xmax>118</xmax>
            <ymax>105</ymax>
        </bndbox>
    </object>
    <object>
        <name>0</name>
        <difficult>0</difficult>
        <keypoints>
            <x1>43</x1>
            <y1>77</y1>
            <v1>2</v1>
        </keypoints>
        <bndbox>
            <xmin>43</xmin>
            <ymin>77</ymin>
            <xmax>43</xmax>
            <ymax>77</ymax>
        </bndbox>
    </object>
</annotation>