<annotation>
    <folder>JPEGImages</folder>
    <filename>205.jpg</filename>
    <size>
        <width>320</width>
        <height>320</height>
        <depth>3</depth>
    </size>
    <object>
        <name>24</name>
        <difficult>0</difficult>
        <keypoints>
            <x1>46</x1>
            <y1>163</y1>
            <v1>2</v1>
        </keypoints>
        <bndbox>
            <xmin>46</xmin>
            <ymin>163</ymin>
            <xmax>46</xmax>
            <ymax>163</ymax>
        </bndbox>
    </object>
    <object>
        <name>23</name>
        <difficult>0</difficult>
        <keypoints>
            <x1>96</x1>
            <y1>133</y1>
            <v1>2</v1>
        </keypoints>
        <bndbox>
            <xmin>96</xmin>
            <ymin>133</ymin>
            <xmax>96</xmax>
            <ymax>133</ymax>
        </bndbox>
    </object>
    <object>
        <name>4</name>
        <difficult>0</difficult>
        <keypoints>
            <x1>22</x1>
            <y1>123</y1>
            <v1>2</v1>
        </keypoints>
        <bndbox>
            <xmin>22</xmin>
            <ymin>123</ymin>
            <xmax>22</xmax>
            <ymax>123</ymax>
        </bndbox>
    </object>
    <object>
        <name>2</name>
        <difficult>0</difficult>
        <keypoints>
            <x1>129</x1>
            <y1>112</y1>
            <v1>2</v1>
        </keypoints>
        <bndbox>
            <xmin>129</xmin>
            <ymin>112</ymin>
            <xmax>129</xmax>
            <ymax>112</ymax>
        </bndbox>
    </object>
    <object>
        <name>1</name>
        <difficult>0</difficult>
        <keypoints>
            <x1>26</x1>
            <y1>104</y1>
            <v1>2</v1>
        </keypoints>
        <bndbox>
            <xmin>26</xmin>
            <ymin>104</ymin>
            <xmax>26</xmax>
            <ymax>104</ymax>
        </bndbox>
    </object>
    <object>
        <name>0</name>
        <difficult>0</difficult>
        <keypoints>
            <x1>66</x1>
            <y1>89</y1>
            <v1>2</v1>
        </keypoints>
        <bndbox>
            <xmin>66</xmin>
            <ymin>89</ymin>
            <xmax>66</xmax>
            <ymax>89</ymax>
        </bndbox>
    </object>
</annotation>