<annotation>
    <folder>JPEGImages</folder>
    <filename>209.jpg</filename>
    <size>
        <width>320</width>
        <height>320</height>
        <depth>3</depth>
    </size>
    <object>
        <name>24</name>
        <difficult>0</difficult>
        <keypoints>
            <x1>249</x1>
            <y1>187</y1>
            <v1>2</v1>
        </keypoints>
        <bndbox>
            <xmin>249</xmin>
            <ymin>187</ymin>
            <xmax>249</xmax>
            <ymax>187</ymax>
        </bndbox>
    </object>
    <object>
        <name>23</name>
        <difficult>0</difficult>
        <keypoints>
            <x1>317</x1>
            <y1>152</y1>
            <v1>2</v1>
        </keypoints>
        <bndbox>
            <xmin>317</xmin>
            <ymin>152</ymin>
            <xmax>317</xmax>
            <ymax>152</ymax>
        </bndbox>
    </object>
    <object>
        <name>8</name>
        <difficult>0</difficult>
        <keypoints>
            <x1>170</x1>
            <y1>230</y1>
            <v1>2</v1>
        </keypoints>
        <bndbox>
            <xmin>170</xmin>
            <ymin>230</ymin>
            <xmax>170</xmax>
            <ymax>230</ymax>
        </bndbox>
    </object>
    <object>
        <name>6</name>
        <difficult>0</difficult>
        <keypoints>
            <x1>128</x1>
            <y1>174</y1>
            <v1>2</v1>
        </keypoints>
        <bndbox>
            <xmin>128</xmin>
            <ymin>174</ymin>
            <xmax>128</xmax>
            <ymax>174</ymax>
        </bndbox>
    </object>
    <object>
        <name>5</name>
        <difficult>0</difficult>
        <keypoints>
            <x1>81</x1>
            <y1>166</y1>
            <v1>2</v1>
        </keypoints>
        <bndbox>
            <xmin>81</xmin>
            <ymin>166</ymin>
            <xmax>81</xmax>
            <ymax>166</ymax>
        </bndbox>
    </object>
    <object>
        <name>4</name>
        <difficult>0</difficult>
        <keypoints>
            <x1>221</x1>
            <y1>135</y1>
            <v1>2</v1>
        </keypoints>
        <bndbox>
            <xmin>221</xmin>
            <ymin>135</ymin>
            <xmax>221</xmax>
            <ymax>135</ymax>
        </bndbox>
    </object>
    <object>
        <name>3</name>
        <difficult>0</difficult>
        <keypoints>
            <x1>182</x1>
            <y1>129</y1>
            <v1>2</v1>
        </keypoints>
        <bndbox>
            <xmin>182</xmin>
            <ymin>129</ymin>
            <xmax>182</xmax>
            <ymax>129</ymax>
        </bndbox>
    </object>
    <object>
        <name>1</name>
        <difficult>0</difficult>
        <keypoints>
            <x1>228</x1>
            <y1>112</y1>
            <v1>2</v1>
        </keypoints>
        <bndbox>
            <xmin>228</xmin>
            <ymin>112</ymin>
            <xmax>228</xmax>
            <ymax>112</ymax>
        </bndbox>
    </object>
    <object>
        <name>0</name>
        <difficult>0</difficult>
        <keypoints>
            <x1>277</x1>
            <y1>91</y1>
            <v1>2</v1>
        </keypoints>
        <bndbox>
            <xmin>277</xmin>
            <ymin>91</ymin>
            <xmax>277</xmax>
            <ymax>91</ymax>
        </bndbox>
    </object>
</annotation>