<annotation>
    <folder>JPEGImages</folder>
    <filename>27.jpg</filename>
    <size>
        <width>320</width>
        <height>320</height>
        <depth>3</depth>
    </size>
    <object>
        <name>28</name>
        <difficult>0</difficult>
        <keypoints>
            <x1>200</x1>
            <y1>226</y1>
            <v1>2</v1>
        </keypoints>
        <bndbox>
            <xmin>200</xmin>
            <ymin>226</ymin>
            <xmax>200</xmax>
            <ymax>226</ymax>
        </bndbox>
    </object>
    <object>
        <name>27</name>
        <difficult>0</difficult>
        <keypoints>
            <x1>171</x1>
            <y1>199</y1>
            <v1>2</v1>
        </keypoints>
        <bndbox>
            <xmin>171</xmin>
            <ymin>199</ymin>
            <xmax>171</xmax>
            <ymax>199</ymax>
        </bndbox>
    </object>
    <object>
        <name>21</name>
        <difficult>0</difficult>
        <keypoints>
            <x1>236</x1>
            <y1>260</y1>
            <v1>2</v1>
        </keypoints>
        <bndbox>
            <xmin>236</xmin>
            <ymin>260</ymin>
            <xmax>236</xmax>
            <ymax>260</ymax>
        </bndbox>
    </object>
    <object>
        <name>19</name>
        <difficult>0</difficult>
        <keypoints>
            <x1>262</x1>
            <y1>223</y1>
            <v1>2</v1>
        </keypoints>
        <bndbox>
            <xmin>262</xmin>
            <ymin>223</ymin>
            <xmax>262</xmax>
            <ymax>223</ymax>
        </bndbox>
    </object>
    <object>
        <name>18</name>
        <difficult>0</difficult>
        <keypoints>
            <x1>290</x1>
            <y1>220</y1>
            <v1>2</v1>
        </keypoints>
        <bndbox>
            <xmin>290</xmin>
            <ymin>220</ymin>
            <xmax>290</xmax>
            <ymax>220</ymax>
        </bndbox>
    </object>
    <object>
        <name>17</name>
        <difficult>0</difficult>
        <keypoints>
            <x1>219</x1>
            <y1>191</y1>
            <v1>2</v1>
        </keypoints>
        <bndbox>
            <xmin>219</xmin>
            <ymin>191</ymin>
            <xmax>219</xmax>
            <ymax>191</ymax>
        </bndbox>
    </object>
    <object>
        <name>16</name>
        <difficult>0</difficult>
        <keypoints>
            <x1>241</x1>
            <y1>188</y1>
            <v1>2</v1>
        </keypoints>
        <bndbox>
            <xmin>241</xmin>
            <ymin>188</ymin>
            <xmax>241</xmax>
            <ymax>188</ymax>
        </bndbox>
    </object>
    <object>
        <name>15</name>
        <difficult>0</difficult>
        <keypoints>
            <x1>151</x1>
            <y1>181</y1>
            <v1>2</v1>
        </keypoints>
        <bndbox>
            <xmin>151</xmin>
            <ymin>181</ymin>
            <xmax>151</xmax>
            <ymax>181</ymax>
        </bndbox>
    </object>
    <object>
        <name>14</name>
        <difficult>0</difficult>
        <keypoints>
            <x1>218</x1>
            <y1>174</y1>
            <v1>2</v1>
        </keypoints>
        <bndbox>
            <xmin>218</xmin>
            <ymin>174</ymin>
            <xmax>218</xmax>
            <ymax>174</ymax>
        </bndbox>
    </object>
    <object>
        <name>13</name>
        <difficult>0</difficult>
        <keypoints>
            <x1>195</x1>
            <y1>159</y1>
            <v1>2</v1>
        </keypoints>
        <bndbox>
            <xmin>195</xmin>
            <ymin>159</ymin>
            <xmax>195</xmax>
            <ymax>159</ymax>
        </bndbox>
    </object>
</annotation>