<annotation>
    <folder>JPEGImages</folder>
    <filename>29.jpg</filename>
    <size>
        <width>320</width>
        <height>320</height>
        <depth>3</depth>
    </size>
    <object>
        <name>27</name>
        <difficult>0</difficult>
        <keypoints>
            <x1>319</x1>
            <y1>199</y1>
            <v1>2</v1>
        </keypoints>
        <bndbox>
            <xmin>319</xmin>
            <ymin>199</ymin>
            <xmax>319</xmax>
            <ymax>199</ymax>
        </bndbox>
    </object>
    <object>
        <name>26</name>
        <difficult>0</difficult>
        <keypoints>
            <x1>41</x1>
            <y1>272</y1>
            <v1>2</v1>
        </keypoints>
        <bndbox>
            <xmin>41</xmin>
            <ymin>272</ymin>
            <xmax>41</xmax>
            <ymax>272</ymax>
        </bndbox>
    </object>
    <object>
        <name>25</name>
        <difficult>0</difficult>
        <keypoints>
            <x1>41</x1>
            <y1>210</y1>
            <v1>2</v1>
        </keypoints>
        <bndbox>
            <xmin>41</xmin>
            <ymin>210</ymin>
            <xmax>41</xmax>
            <ymax>210</ymax>
        </bndbox>
    </object>
    <object>
        <name>15</name>
        <difficult>0</difficult>
        <keypoints>
            <x1>288</x1>
            <y1>169</y1>
            <v1>2</v1>
        </keypoints>
        <bndbox>
            <xmin>288</xmin>
            <ymin>169</ymin>
            <xmax>288</xmax>
            <ymax>169</ymax>
        </bndbox>
    </object>
    <object>
        <name>11</name>
        <difficult>0</difficult>
        <keypoints>
            <x1>42</x1>
            <y1>238</y1>
            <v1>2</v1>
        </keypoints>
        <bndbox>
            <xmin>42</xmin>
            <ymin>238</ymin>
            <xmax>42</xmax>
            <ymax>238</ymax>
        </bndbox>
    </object>
    <object>
        <name>10</name>
        <difficult>0</difficult>
        <keypoints>
            <x1>40</x1>
            <y1>155</y1>
            <v1>2</v1>
        </keypoints>
        <bndbox>
            <xmin>40</xmin>
            <ymin>155</ymin>
            <xmax>40</xmax>
            <ymax>155</ymax>
        </bndbox>
    </object>
</annotation>