<annotation>
    <folder>JPEGImages</folder>
    <filename>31.jpg</filename>
    <size>
        <width>320</width>
        <height>320</height>
        <depth>3</depth>
    </size>
    <object>
        <name>24</name>
        <difficult>0</difficult>
        <keypoints>
            <x1>180</x1>
            <y1>221</y1>
            <v1>2</v1>
        </keypoints>
        <bndbox>
            <xmin>180</xmin>
            <ymin>221</ymin>
            <xmax>180</xmax>
            <ymax>221</ymax>
        </bndbox>
    </object>
    <object>
        <name>23</name>
        <difficult>0</difficult>
        <keypoints>
            <x1>229</x1>
            <y1>179</y1>
            <v1>2</v1>
        </keypoints>
        <bndbox>
            <xmin>229</xmin>
            <ymin>179</ymin>
            <xmax>229</xmax>
            <ymax>179</ymax>
        </bndbox>
    </object>
    <object>
        <name>8</name>
        <difficult>0</difficult>
        <keypoints>
            <x1>124</x1>
            <y1>271</y1>
            <v1>2</v1>
        </keypoints>
        <bndbox>
            <xmin>124</xmin>
            <ymin>271</ymin>
            <xmax>124</xmax>
            <ymax>271</ymax>
        </bndbox>
    </object>
    <object>
        <name>6</name>
        <difficult>0</difficult>
        <keypoints>
            <x1>82</x1>
            <y1>213</y1>
            <v1>2</v1>
        </keypoints>
        <bndbox>
            <xmin>82</xmin>
            <ymin>213</ymin>
            <xmax>82</xmax>
            <ymax>213</ymax>
        </bndbox>
    </object>
    <object>
        <name>5</name>
        <difficult>0</difficult>
        <keypoints>
            <x1>40</x1>
            <y1>206</y1>
            <v1>2</v1>
        </keypoints>
        <bndbox>
            <xmin>40</xmin>
            <ymin>206</ymin>
            <xmax>40</xmax>
            <ymax>206</ymax>
        </bndbox>
    </object>
    <object>
        <name>4</name>
        <difficult>0</difficult>
        <keypoints>
            <x1>152</x1>
            <y1>163</y1>
            <v1>2</v1>
        </keypoints>
        <bndbox>
            <xmin>152</xmin>
            <ymin>163</ymin>
            <xmax>152</xmax>
            <ymax>163</ymax>
        </bndbox>
    </object>
    <object>
        <name>3</name>
        <difficult>0</difficult>
        <keypoints>
            <x1>117</x1>
            <y1>158</y1>
            <v1>2</v1>
        </keypoints>
        <bndbox>
            <xmin>117</xmin>
            <ymin>158</ymin>
            <xmax>117</xmax>
            <ymax>158</ymax>
        </bndbox>
    </object>
    <object>
        <name>2</name>
        <difficult>0</difficult>
        <keypoints>
            <x1>262</x1>
            <y1>150</y1>
            <v1>2</v1>
        </keypoints>
        <bndbox>
            <xmin>262</xmin>
            <ymin>150</ymin>
            <xmax>262</xmax>
            <ymax>150</ymax>
        </bndbox>
    </object>
    <object>
        <name>1</name>
        <difficult>0</difficult>
        <keypoints>
            <x1>153</x1>
            <y1>136</y1>
            <v1>2</v1>
        </keypoints>
        <bndbox>
            <xmin>153</xmin>
            <ymin>136</ymin>
            <xmax>153</xmax>
            <ymax>136</ymax>
        </bndbox>
    </object>
    <object>
        <name>0</name>
        <difficult>0</difficult>
        <keypoints>
            <x1>191</x1>
            <y1>112</y1>
            <v1>2</v1>
        </keypoints>
        <bndbox>
            <xmin>191</xmin>
            <ymin>112</ymin>
            <xmax>191</xmax>
            <ymax>112</ymax>
        </bndbox>
    </object>
</annotation>