<annotation>
    <folder>JPEGImages</folder>
    <filename>32.jpg</filename>
    <size>
        <width>320</width>
        <height>320</height>
        <depth>3</depth>
    </size>
    <object>
        <name>24</name>
        <difficult>0</difficult>
        <keypoints>
            <x1>204</x1>
            <y1>252</y1>
            <v1>2</v1>
        </keypoints>
        <bndbox>
            <xmin>204</xmin>
            <ymin>252</ymin>
            <xmax>204</xmax>
            <ymax>252</ymax>
        </bndbox>
    </object>
    <object>
        <name>23</name>
        <difficult>0</difficult>
        <keypoints>
            <x1>266</x1>
            <y1>198</y1>
            <v1>2</v1>
        </keypoints>
        <bndbox>
            <xmin>266</xmin>
            <ymin>198</ymin>
            <xmax>266</xmax>
            <ymax>198</ymax>
        </bndbox>
    </object>
    <object>
        <name>8</name>
        <difficult>0</difficult>
        <keypoints>
            <x1>132</x1>
            <y1>316</y1>
            <v1>2</v1>
        </keypoints>
        <bndbox>
            <xmin>132</xmin>
            <ymin>316</ymin>
            <xmax>132</xmax>
            <ymax>316</ymax>
        </bndbox>
    </object>
    <object>
        <name>6</name>
        <difficult>0</difficult>
        <keypoints>
            <x1>77</x1>
            <y1>240</y1>
            <v1>2</v1>
        </keypoints>
        <bndbox>
            <xmin>77</xmin>
            <ymin>240</ymin>
            <xmax>77</xmax>
            <ymax>240</ymax>
        </bndbox>
    </object>
    <object>
        <name>5</name>
        <difficult>0</difficult>
        <keypoints>
            <x1>23</x1>
            <y1>231</y1>
            <v1>2</v1>
        </keypoints>
        <bndbox>
            <xmin>23</xmin>
            <ymin>231</ymin>
            <xmax>23</xmax>
            <ymax>231</ymax>
        </bndbox>
    </object>
    <object>
        <name>4</name>
        <difficult>0</difficult>
        <keypoints>
            <x1>168</x1>
            <y1>177</y1>
            <v1>2</v1>
        </keypoints>
        <bndbox>
            <xmin>168</xmin>
            <ymin>177</ymin>
            <xmax>168</xmax>
            <ymax>177</ymax>
        </bndbox>
    </object>
    <object>
        <name>3</name>
        <difficult>0</difficult>
        <keypoints>
            <x1>122</x1>
            <y1>170</y1>
            <v1>2</v1>
        </keypoints>
        <bndbox>
            <xmin>122</xmin>
            <ymin>170</ymin>
            <xmax>122</xmax>
            <ymax>170</ymax>
        </bndbox>
    </object>
    <object>
        <name>2</name>
        <difficult>0</difficult>
        <keypoints>
            <x1>310</x1>
            <y1>161</y1>
            <v1>2</v1>
        </keypoints>
        <bndbox>
            <xmin>310</xmin>
            <ymin>161</ymin>
            <xmax>310</xmax>
            <ymax>161</ymax>
        </bndbox>
    </object>
    <object>
        <name>1</name>
        <difficult>0</difficult>
        <keypoints>
            <x1>169</x1>
            <y1>141</y1>
            <v1>2</v1>
        </keypoints>
        <bndbox>
            <xmin>169</xmin>
            <ymin>141</ymin>
            <xmax>169</xmax>
            <ymax>141</ymax>
        </bndbox>
    </object>
    <object>
        <name>0</name>
        <difficult>0</difficult>
        <keypoints>
            <x1>217</x1>
            <y1>112</y1>
            <v1>2</v1>
        </keypoints>
        <bndbox>
            <xmin>217</xmin>
            <ymin>112</ymin>
            <xmax>217</xmax>
            <ymax>112</ymax>
        </bndbox>
    </object>
</annotation>