<annotation>
    <folder>JPEGImages</folder>
    <filename>37.jpg</filename>
    <size>
        <width>320</width>
        <height>320</height>
        <depth>3</depth>
    </size>
    <object>
        <name>24</name>
        <difficult>0</difficult>
        <keypoints>
            <x1>305</x1>
            <y1>276</y1>
            <v1>2</v1>
        </keypoints>
        <bndbox>
            <xmin>305</xmin>
            <ymin>276</ymin>
            <xmax>305</xmax>
            <ymax>276</ymax>
        </bndbox>
    </object>
    <object>
        <name>7</name>
        <difficult>0</difficult>
        <keypoints>
            <x1>5</x1>
            <y1>297</y1>
            <v1>2</v1>
        </keypoints>
        <bndbox>
            <xmin>5</xmin>
            <ymin>297</ymin>
            <xmax>5</xmax>
            <ymax>297</ymax>
        </bndbox>
    </object>
    <object>
        <name>6</name>
        <difficult>0</difficult>
        <keypoints>
            <x1>156</x1>
            <y1>254</y1>
            <v1>2</v1>
        </keypoints>
        <bndbox>
            <xmin>156</xmin>
            <ymin>254</ymin>
            <xmax>156</xmax>
            <ymax>254</ymax>
        </bndbox>
    </object>
    <object>
        <name>5</name>
        <difficult>0</difficult>
        <keypoints>
            <x1>96</x1>
            <y1>242</y1>
            <v1>2</v1>
        </keypoints>
        <bndbox>
            <xmin>96</xmin>
            <ymin>242</ymin>
            <xmax>96</xmax>
            <ymax>242</ymax>
        </bndbox>
    </object>
    <object>
        <name>4</name>
        <difficult>0</difficult>
        <keypoints>
            <x1>262</x1>
            <y1>186</y1>
            <v1>2</v1>
        </keypoints>
        <bndbox>
            <xmin>262</xmin>
            <ymin>186</ymin>
            <xmax>262</xmax>
            <ymax>186</ymax>
        </bndbox>
    </object>
    <object>
        <name>3</name>
        <difficult>0</difficult>
        <keypoints>
            <x1>209</x1>
            <y1>175</y1>
            <v1>2</v1>
        </keypoints>
        <bndbox>
            <xmin>209</xmin>
            <ymin>175</ymin>
            <xmax>209</xmax>
            <ymax>175</ymax>
        </bndbox>
    </object>
    <object>
        <name>1</name>
        <difficult>0</difficult>
        <keypoints>
            <x1>263</x1>
            <y1>144</y1>
            <v1>2</v1>
        </keypoints>
        <bndbox>
            <xmin>263</xmin>
            <ymin>144</ymin>
            <xmax>263</xmax>
            <ymax>144</ymax>
        </bndbox>
    </object>
</annotation>