<annotation>
    <folder>JPEGImages</folder>
    <filename>42.jpg</filename>
    <size>
        <width>320</width>
        <height>320</height>
        <depth>3</depth>
    </size>
    <object>
        <name>24</name>
        <difficult>0</difficult>
        <keypoints>
            <x1>307</x1>
            <y1>215</y1>
            <v1>2</v1>
        </keypoints>
        <bndbox>
            <xmin>307</xmin>
            <ymin>215</ymin>
            <xmax>307</xmax>
            <ymax>215</ymax>
        </bndbox>
    </object>
    <object>
        <name>9</name>
        <difficult>0</difficult>
        <keypoints>
            <x1>42</x1>
            <y1>268</y1>
            <v1>2</v1>
        </keypoints>
        <bndbox>
            <xmin>42</xmin>
            <ymin>268</ymin>
            <xmax>42</xmax>
            <ymax>268</ymax>
        </bndbox>
    </object>
    <object>
        <name>8</name>
        <difficult>0</difficult>
        <keypoints>
            <x1>254</x1>
            <y1>255</y1>
            <v1>2</v1>
        </keypoints>
        <bndbox>
            <xmin>254</xmin>
            <ymin>255</ymin>
            <xmax>254</xmax>
            <ymax>255</ymax>
        </bndbox>
    </object>
    <object>
        <name>7</name>
        <difficult>0</difficult>
        <keypoints>
            <x1>127</x1>
            <y1>221</y1>
            <v1>2</v1>
        </keypoints>
        <bndbox>
            <xmin>127</xmin>
            <ymin>221</ymin>
            <xmax>127</xmax>
            <ymax>221</ymax>
        </bndbox>
    </object>
    <object>
        <name>6</name>
        <difficult>0</difficult>
        <keypoints>
            <x1>215</x1>
            <y1>199</y1>
            <v1>2</v1>
        </keypoints>
        <bndbox>
            <xmin>215</xmin>
            <ymin>199</ymin>
            <xmax>215</xmax>
            <ymax>199</ymax>
        </bndbox>
    </object>
    <object>
        <name>5</name>
        <difficult>0</difficult>
        <keypoints>
            <x1>179</x1>
            <y1>190</y1>
            <v1>2</v1>
        </keypoints>
        <bndbox>
            <xmin>179</xmin>
            <ymin>190</ymin>
            <xmax>179</xmax>
            <ymax>190</ymax>
        </bndbox>
    </object>
    <object>
        <name>4</name>
        <difficult>0</difficult>
        <keypoints>
            <x1>280</x1>
            <y1>159</y1>
            <v1>2</v1>
        </keypoints>
        <bndbox>
            <xmin>280</xmin>
            <ymin>159</ymin>
            <xmax>280</xmax>
            <ymax>159</ymax>
        </bndbox>
    </object>
    <object>
        <name>3</name>
        <difficult>0</difficult>
        <keypoints>
            <x1>248</x1>
            <y1>152</y1>
            <v1>2</v1>
        </keypoints>
        <bndbox>
            <xmin>248</xmin>
            <ymin>152</ymin>
            <xmax>248</xmax>
            <ymax>152</ymax>
        </bndbox>
    </object>
    <object>
        <name>1</name>
        <difficult>0</difficult>
        <keypoints>
            <x1>281</x1>
            <y1>134</y1>
            <v1>2</v1>
        </keypoints>
        <bndbox>
            <xmin>281</xmin>
            <ymin>134</ymin>
            <xmax>281</xmax>
            <ymax>134</ymax>
        </bndbox>
    </object>
    <object>
        <name>0</name>
        <difficult>0</difficult>
        <keypoints>
            <x1>318</x1>
            <y1>114</y1>
            <v1>2</v1>
        </keypoints>
        <bndbox>
            <xmin>318</xmin>
            <ymin>114</ymin>
            <xmax>318</xmax>
            <ymax>114</ymax>
        </bndbox>
    </object>
</annotation>