<annotation>
    <folder>JPEGImages</folder>
    <filename>55.jpg</filename>
    <size>
        <width>320</width>
        <height>320</height>
        <depth>3</depth>
    </size>
    <object>
        <name>28</name>
        <difficult>0</difficult>
        <keypoints>
            <x1>261</x1>
            <y1>188</y1>
            <v1>2</v1>
        </keypoints>
        <bndbox>
            <xmin>261</xmin>
            <ymin>188</ymin>
            <xmax>261</xmax>
            <ymax>188</ymax>
        </bndbox>
    </object>
    <object>
        <name>27</name>
        <difficult>0</difficult>
        <keypoints>
            <x1>233</x1>
            <y1>162</y1>
            <v1>2</v1>
        </keypoints>
        <bndbox>
            <xmin>233</xmin>
            <ymin>162</ymin>
            <xmax>233</xmax>
            <ymax>162</ymax>
        </bndbox>
    </object>
    <object>
        <name>26</name>
        <difficult>0</difficult>
        <keypoints>
            <x1>64</x1>
            <y1>211</y1>
            <v1>2</v1>
        </keypoints>
        <bndbox>
            <xmin>64</xmin>
            <ymin>211</ymin>
            <xmax>64</xmax>
            <ymax>211</ymax>
        </bndbox>
    </object>
    <object>
        <name>25</name>
        <difficult>0</difficult>
        <keypoints>
            <x1>63</x1>
            <y1>173</y1>
            <v1>2</v1>
        </keypoints>
        <bndbox>
            <xmin>63</xmin>
            <ymin>173</ymin>
            <xmax>63</xmax>
            <ymax>173</ymax>
        </bndbox>
    </object>
    <object>
        <name>21</name>
        <difficult>0</difficult>
        <keypoints>
            <x1>295</x1>
            <y1>221</y1>
            <v1>2</v1>
        </keypoints>
        <bndbox>
            <xmin>295</xmin>
            <ymin>221</ymin>
            <xmax>295</xmax>
            <ymax>221</ymax>
        </bndbox>
    </object>
    <object>
        <name>17</name>
        <difficult>0</difficult>
        <keypoints>
            <x1>279</x1>
            <y1>156</y1>
            <v1>2</v1>
        </keypoints>
        <bndbox>
            <xmin>279</xmin>
            <ymin>156</ymin>
            <xmax>279</xmax>
            <ymax>156</ymax>
        </bndbox>
    </object>
    <object>
        <name>16</name>
        <difficult>0</difficult>
        <keypoints>
            <x1>301</x1>
            <y1>155</y1>
            <v1>2</v1>
        </keypoints>
        <bndbox>
            <xmin>301</xmin>
            <ymin>155</ymin>
            <xmax>301</xmax>
            <ymax>155</ymax>
        </bndbox>
    </object>
    <object>
        <name>15</name>
        <difficult>0</difficult>
        <keypoints>
            <x1>216</x1>
            <y1>144</y1>
            <v1>2</v1>
        </keypoints>
        <bndbox>
            <xmin>216</xmin>
            <ymin>144</ymin>
            <xmax>216</xmax>
            <ymax>144</ymax>
        </bndbox>
    </object>
    <object>
        <name>14</name>
        <difficult>0</difficult>
        <keypoints>
            <x1>279</x1>
            <y1>140</y1>
            <v1>2</v1>
        </keypoints>
        <bndbox>
            <xmin>279</xmin>
            <ymin>140</ymin>
            <xmax>279</xmax>
            <ymax>140</ymax>
        </bndbox>
    </object>
    <object>
        <name>13</name>
        <difficult>0</difficult>
        <keypoints>
            <x1>257</x1>
            <y1>126</y1>
            <v1>2</v1>
        </keypoints>
        <bndbox>
            <xmin>257</xmin>
            <ymin>126</ymin>
            <xmax>257</xmax>
            <ymax>126</ymax>
        </bndbox>
    </object>
    <object>
        <name>12</name>
        <difficult>0</difficult>
        <keypoints>
            <x1>66</x1>
            <y1>305</y1>
            <v1>2</v1>
        </keypoints>
        <bndbox>
            <xmin>66</xmin>
            <ymin>305</ymin>
            <xmax>66</xmax>
            <ymax>305</ymax>
        </bndbox>
    </object>
    <object>
        <name>11</name>
        <difficult>0</difficult>
        <keypoints>
            <x1>63</x1>
            <y1>190</y1>
            <v1>2</v1>
        </keypoints>
        <bndbox>
            <xmin>63</xmin>
            <ymin>190</ymin>
            <xmax>63</xmax>
            <ymax>190</ymax>
        </bndbox>
    </object>
    <object>
        <name>10</name>
        <difficult>0</difficult>
        <keypoints>
            <x1>62</x1>
            <y1>139</y1>
            <v1>2</v1>
        </keypoints>
        <bndbox>
            <xmin>62</xmin>
            <ymin>139</ymin>
            <xmax>62</xmax>
            <ymax>139</ymax>
        </bndbox>
    </object>
</annotation>