<annotation>
    <folder>JPEGImages</folder>
    <filename>72.jpg</filename>
    <size>
        <width>320</width>
        <height>320</height>
        <depth>3</depth>
    </size>
    <object>
        <name>28</name>
        <difficult>0</difficult>
        <keypoints>
            <x1>69</x1>
            <y1>239</y1>
            <v1>2</v1>
        </keypoints>
        <bndbox>
            <xmin>69</xmin>
            <ymin>239</ymin>
            <xmax>69</xmax>
            <ymax>239</ymax>
        </bndbox>
    </object>
    <object>
        <name>21</name>
        <difficult>0</difficult>
        <keypoints>
            <x1>165</x1>
            <y1>290</y1>
            <v1>2</v1>
        </keypoints>
        <bndbox>
            <xmin>165</xmin>
            <ymin>290</ymin>
            <xmax>165</xmax>
            <ymax>290</ymax>
        </bndbox>
    </object>
    <object>
        <name>19</name>
        <difficult>0</difficult>
        <keypoints>
            <x1>197</x1>
            <y1>220</y1>
            <v1>2</v1>
        </keypoints>
        <bndbox>
            <xmin>197</xmin>
            <ymin>220</ymin>
            <xmax>197</xmax>
            <ymax>220</ymax>
        </bndbox>
    </object>
    <object>
        <name>18</name>
        <difficult>0</difficult>
        <keypoints>
            <x1>246</x1>
            <y1>208</y1>
            <v1>2</v1>
        </keypoints>
        <bndbox>
            <xmin>246</xmin>
            <ymin>208</ymin>
            <xmax>246</xmax>
            <ymax>208</ymax>
        </bndbox>
    </object>
    <object>
        <name>17</name>
        <difficult>0</difficult>
        <keypoints>
            <x1>86</x1>
            <y1>174</y1>
            <v1>2</v1>
        </keypoints>
        <bndbox>
            <xmin>86</xmin>
            <ymin>174</ymin>
            <xmax>86</xmax>
            <ymax>174</ymax>
        </bndbox>
    </object>
    <object>
        <name>16</name>
        <difficult>0</difficult>
        <keypoints>
            <x1>130</x1>
            <y1>165</y1>
            <v1>2</v1>
        </keypoints>
        <bndbox>
            <xmin>130</xmin>
            <ymin>165</ymin>
            <xmax>130</xmax>
            <ymax>165</ymax>
        </bndbox>
    </object>
    <object>
        <name>14</name>
        <difficult>0</difficult>
        <keypoints>
            <x1>75</x1>
            <y1>145</y1>
            <v1>2</v1>
        </keypoints>
        <bndbox>
            <xmin>75</xmin>
            <ymin>145</ymin>
            <xmax>75</xmax>
            <ymax>145</ymax>
        </bndbox>
    </object>
    <object>
        <name>13</name>
        <difficult>0</difficult>
        <keypoints>
            <x1>17</x1>
            <y1>125</y1>
            <v1>2</v1>
        </keypoints>
        <bndbox>
            <xmin>17</xmin>
            <ymin>125</ymin>
            <xmax>17</xmax>
            <ymax>125</ymax>
        </bndbox>
    </object>
</annotation>