<annotation>
    <folder>JPEGImages</folder>
    <filename>76.jpg</filename>
    <size>
        <width>320</width>
        <height>320</height>
        <depth>3</depth>
    </size>
    <object>
        <name>9</name>
        <difficult>0</difficult>
        <keypoints>
            <x1>2</x1>
            <y1>226</y1>
            <v1>2</v1>
        </keypoints>
        <bndbox>
            <xmin>2</xmin>
            <ymin>226</ymin>
            <xmax>2</xmax>
            <ymax>226</ymax>
        </bndbox>
    </object>
    <object>
        <name>8</name>
        <difficult>0</difficult>
        <keypoints>
            <x1>245</x1>
            <y1>230</y1>
            <v1>2</v1>
        </keypoints>
        <bndbox>
            <xmin>245</xmin>
            <ymin>230</ymin>
            <xmax>245</xmax>
            <ymax>230</ymax>
        </bndbox>
    </object>
    <object>
        <name>7</name>
        <difficult>0</difficult>
        <keypoints>
            <x1>117</x1>
            <y1>187</y1>
            <v1>2</v1>
        </keypoints>
        <bndbox>
            <xmin>117</xmin>
            <ymin>187</ymin>
            <xmax>117</xmax>
            <ymax>187</ymax>
        </bndbox>
    </object>
    <object>
        <name>6</name>
        <difficult>0</difficult>
        <keypoints>
            <x1>221</x1>
            <y1>176</y1>
            <v1>2</v1>
        </keypoints>
        <bndbox>
            <xmin>221</xmin>
            <ymin>176</ymin>
            <xmax>221</xmax>
            <ymax>176</ymax>
        </bndbox>
    </object>
    <object>
        <name>5</name>
        <difficult>0</difficult>
        <keypoints>
            <x1>186</x1>
            <y1>166</y1>
            <v1>2</v1>
        </keypoints>
        <bndbox>
            <xmin>186</xmin>
            <ymin>166</ymin>
            <xmax>186</xmax>
            <ymax>166</ymax>
        </bndbox>
    </object>
    <object>
        <name>4</name>
        <difficult>0</difficult>
        <keypoints>
            <x1>312</x1>
            <y1>144</y1>
            <v1>2</v1>
        </keypoints>
        <bndbox>
            <xmin>312</xmin>
            <ymin>144</ymin>
            <xmax>312</xmax>
            <ymax>144</ymax>
        </bndbox>
    </object>
    <object>
        <name>3</name>
        <difficult>0</difficult>
        <keypoints>
            <x1>276</x1>
            <y1>137</y1>
            <v1>2</v1>
        </keypoints>
        <bndbox>
            <xmin>276</xmin>
            <ymin>137</ymin>
            <xmax>276</xmax>
            <ymax>137</ymax>
        </bndbox>
    </object>
</annotation>