<annotation>
    <folder>JPEGImages</folder>
    <filename>9.jpg</filename>
    <size>
        <width>320</width>
        <height>320</height>
        <depth>3</depth>
    </size>
    <object>
        <name>26</name>
        <difficult>0</difficult>
        <keypoints>
            <x1>40</x1>
            <y1>250</y1>
            <v1>2</v1>
        </keypoints>
        <bndbox>
            <xmin>40</xmin>
            <ymin>250</ymin>
            <xmax>40</xmax>
            <ymax>250</ymax>
        </bndbox>
    </object>
    <object>
        <name>25</name>
        <difficult>0</difficult>
        <keypoints>
            <x1>41</x1>
            <y1>191</y1>
            <v1>2</v1>
        </keypoints>
        <bndbox>
            <xmin>41</xmin>
            <ymin>191</ymin>
            <xmax>41</xmax>
            <ymax>191</ymax>
        </bndbox>
    </object>
    <object>
        <name>15</name>
        <difficult>0</difficult>
        <keypoints>
            <x1>302</x1>
            <y1>156</y1>
            <v1>2</v1>
        </keypoints>
        <bndbox>
            <xmin>302</xmin>
            <ymin>156</ymin>
            <xmax>302</xmax>
            <ymax>156</ymax>
        </bndbox>
    </object>
    <object>
        <name>11</name>
        <difficult>0</difficult>
        <keypoints>
            <x1>41</x1>
            <y1>217</y1>
            <v1>2</v1>
        </keypoints>
        <bndbox>
            <xmin>41</xmin>
            <ymin>217</ymin>
            <xmax>41</xmax>
            <ymax>217</ymax>
        </bndbox>
    </object>
    <object>
        <name>10</name>
        <difficult>0</difficult>
        <keypoints>
            <x1>40</x1>
            <y1>144</y1>
            <v1>2</v1>
        </keypoints>
        <bndbox>
            <xmin>40</xmin>
            <ymin>144</ymin>
            <xmax>40</xmax>
            <ymax>144</ymax>
        </bndbox>
    </object>
</annotation>