<annotation>
    <folder>JPEGImages</folder>
    <filename>Bayern 0 - [1] Liverpool.mp4_frame_30.jpg</filename>
    <size>
        <width>320</width>
        <height>320</height>
        <depth>3</depth>
    </size>
    <object>
        <name>26</name>
        <difficult>0</difficult>
        <keypoints>
            <x1>277</x1>
            <y1>198</y1>
            <v1>2</v1>
        </keypoints>
        <bndbox>
            <xmin>277</xmin>
            <ymin>198</ymin>
            <xmax>277</xmax>
            <ymax>198</ymax>
        </bndbox>
    </object>
    <object>
        <name>25</name>
        <difficult>0</difficult>
        <keypoints>
            <x1>278</x1>
            <y1>132</y1>
            <v1>2</v1>
        </keypoints>
        <bndbox>
            <xmin>278</xmin>
            <ymin>132</ymin>
            <xmax>278</xmax>
            <ymax>132</ymax>
        </bndbox>
    </object>
    <object>
        <name>11</name>
        <difficult>0</difficult>
        <keypoints>
            <x1>278</x1>
            <y1>161</y1>
            <v1>2</v1>
        </keypoints>
        <bndbox>
            <xmin>278</xmin>
            <ymin>161</ymin>
            <xmax>278</xmax>
            <ymax>161</ymax>
        </bndbox>
    </object>
    <object>
        <name>10</name>
        <difficult>0</difficult>
        <keypoints>
            <x1>277</x1>
            <y1>84</y1>
            <v1>2</v1>
        </keypoints>
        <bndbox>
            <xmin>277</xmin>
            <ymin>84</ymin>
            <xmax>277</xmax>
            <ymax>84</ymax>
        </bndbox>
    </object>
</annotation>