<annotation>
    <folder>JPEGImages</folder>
    <filename>Bayern 0 - [1] Liverpool.mp4_frame_150.jpg</filename>
    <size>
        <width>320</width>
        <height>320</height>
        <depth>3</depth>
    </size>
    <object>
        <name>28</name>
        <difficult>0</difficult>
        <keypoints>
            <x1>211</x1>
            <y1>187</y1>
            <v1>2</v1>
        </keypoints>
        <bndbox>
            <xmin>211</xmin>
            <ymin>187</ymin>
            <xmax>211</xmax>
            <ymax>187</ymax>
        </bndbox>
    </object>
    <object>
        <name>27</name>
        <difficult>0</difficult>
        <keypoints>
            <x1>139</x1>
            <y1>154</y1>
            <v1>2</v1>
        </keypoints>
        <bndbox>
            <xmin>139</xmin>
            <ymin>154</ymin>
            <xmax>139</xmax>
            <ymax>154</ymax>
        </bndbox>
    </object>
    <object>
        <name>21</name>
        <difficult>0</difficult>
        <keypoints>
            <x1>308</x1>
            <y1>232</y1>
            <v1>2</v1>
        </keypoints>
        <bndbox>
            <xmin>308</xmin>
            <ymin>232</ymin>
            <xmax>308</xmax>
            <ymax>232</ymax>
        </bndbox>
    </object>
    <object>
        <name>17</name>
        <difficult>0</difficult>
        <keypoints>
            <x1>218</x1>
            <y1>142</y1>
            <v1>2</v1>
        </keypoints>
        <bndbox>
            <xmin>218</xmin>
            <ymin>142</ymin>
            <xmax>218</xmax>
            <ymax>142</ymax>
        </bndbox>
    </object>
    <object>
        <name>16</name>
        <difficult>0</difficult>
        <keypoints>
            <x1>255</x1>
            <y1>137</y1>
            <v1>2</v1>
        </keypoints>
        <bndbox>
            <xmin>255</xmin>
            <ymin>137</ymin>
            <xmax>255</xmax>
            <ymax>137</ymax>
        </bndbox>
    </object>
    <object>
        <name>15</name>
        <difficult>0</difficult>
        <keypoints>
            <x1>91</x1>
            <y1>132</y1>
            <v1>2</v1>
        </keypoints>
        <bndbox>
            <xmin>91</xmin>
            <ymin>132</ymin>
            <xmax>91</xmax>
            <ymax>132</ymax>
        </bndbox>
    </object>
    <object>
        <name>14</name>
        <difficult>0</difficult>
        <keypoints>
            <x1>204</x1>
            <y1>122</y1>
            <v1>2</v1>
        </keypoints>
        <bndbox>
            <xmin>204</xmin>
            <ymin>122</ymin>
            <xmax>204</xmax>
            <ymax>122</ymax>
        </bndbox>
    </object>
    <object>
        <name>13</name>
        <difficult>0</difficult>
        <keypoints>
            <x1>155</x1>
            <y1>106</y1>
            <v1>2</v1>
        </keypoints>
        <bndbox>
            <xmin>155</xmin>
            <ymin>106</ymin>
            <xmax>155</xmax>
            <ymax>106</ymax>
        </bndbox>
    </object>
</annotation>