<annotation>
    <folder>JPEGImages</folder>
    <filename>Bayern 0 - [1] Liverpool.mp4_frame_10.jpg</filename>
    <size>
        <width>320</width>
        <height>320</height>
        <depth>3</depth>
    </size>
    <object>
        <name>26</name>
        <difficult>0</difficult>
        <keypoints>
            <x1>292</x1>
            <y1>198</y1>
            <v1>2</v1>
        </keypoints>
        <bndbox>
            <xmin>292</xmin>
            <ymin>198</ymin>
            <xmax>292</xmax>
            <ymax>198</ymax>
        </bndbox>
    </object>
    <object>
        <name>25</name>
        <difficult>0</difficult>
        <keypoints>
            <x1>291</x1>
            <y1>132</y1>
            <v1>2</v1>
        </keypoints>
        <bndbox>
            <xmin>291</xmin>
            <ymin>132</ymin>
            <xmax>291</xmax>
            <ymax>132</ymax>
        </bndbox>
    </object>
    <object>
        <name>11</name>
        <difficult>0</difficult>
        <keypoints>
            <x1>292</x1>
            <y1>160</y1>
            <v1>2</v1>
        </keypoints>
        <bndbox>
            <xmin>292</xmin>
            <ymin>160</ymin>
            <xmax>292</xmax>
            <ymax>160</ymax>
        </bndbox>
    </object>
    <object>
        <name>10</name>
        <difficult>0</difficult>
        <keypoints>
            <x1>292</x1>
            <y1>83</y1>
            <v1>2</v1>
        </keypoints>
        <bndbox>
            <xmin>292</xmin>
            <ymin>83</ymin>
            <xmax>292</xmax>
            <ymax>83</ymax>
        </bndbox>
    </object>
</annotation>