<annotation>
    <folder>JPEGImages</folder>
    <filename>Bayern 0 - [1] Liverpool.mp4_frame_170.jpg</filename>
    <size>
        <width>320</width>
        <height>320</height>
        <depth>3</depth>
    </size>
    <object>
        <name>28</name>
        <difficult>0</difficult>
        <keypoints>
            <x1>184</x1>
            <y1>192</y1>
            <v1>2</v1>
        </keypoints>
        <bndbox>
            <xmin>184</xmin>
            <ymin>192</ymin>
            <xmax>184</xmax>
            <ymax>192</ymax>
        </bndbox>
    </object>
    <object>
        <name>27</name>
        <difficult>0</difficult>
        <keypoints>
            <x1>114</x1>
            <y1>161</y1>
            <v1>2</v1>
        </keypoints>
        <bndbox>
            <xmin>114</xmin>
            <ymin>161</ymin>
            <xmax>114</xmax>
            <ymax>161</ymax>
        </bndbox>
    </object>
    <object>
        <name>21</name>
        <difficult>0</difficult>
        <keypoints>
            <x1>280</x1>
            <y1>235</y1>
            <v1>2</v1>
        </keypoints>
        <bndbox>
            <xmin>280</xmin>
            <ymin>235</ymin>
            <xmax>280</xmax>
            <ymax>235</ymax>
        </bndbox>
    </object>
    <object>
        <name>19</name>
        <difficult>0</difficult>
        <keypoints>
            <x1>295</x1>
            <y1>183</y1>
            <v1>2</v1>
        </keypoints>
        <bndbox>
            <xmin>295</xmin>
            <ymin>183</ymin>
            <xmax>295</xmax>
            <ymax>183</ymax>
        </bndbox>
    </object>
    <object>
        <name>17</name>
        <difficult>0</difficult>
        <keypoints>
            <x1>193</x1>
            <y1>147</y1>
            <v1>2</v1>
        </keypoints>
        <bndbox>
            <xmin>193</xmin>
            <ymin>147</ymin>
            <xmax>193</xmax>
            <ymax>147</ymax>
        </bndbox>
    </object>
    <object>
        <name>16</name>
        <difficult>0</difficult>
        <keypoints>
            <x1>228</x1>
            <y1>143</y1>
            <v1>2</v1>
        </keypoints>
        <bndbox>
            <xmin>228</xmin>
            <ymin>143</ymin>
            <xmax>228</xmax>
            <ymax>143</ymax>
        </bndbox>
    </object>
    <object>
        <name>15</name>
        <difficult>0</difficult>
        <keypoints>
            <x1>67</x1>
            <y1>139</y1>
            <v1>2</v1>
        </keypoints>
        <bndbox>
            <xmin>67</xmin>
            <ymin>139</ymin>
            <xmax>67</xmax>
            <ymax>139</ymax>
        </bndbox>
    </object>
    <object>
        <name>14</name>
        <difficult>0</difficult>
        <keypoints>
            <x1>177</x1>
            <y1>128</y1>
            <v1>2</v1>
        </keypoints>
        <bndbox>
            <xmin>177</xmin>
            <ymin>128</ymin>
            <xmax>177</xmax>
            <ymax>128</ymax>
        </bndbox>
    </object>
    <object>
        <name>13</name>
        <difficult>0</difficult>
        <keypoints>
            <x1>131</x1>
            <y1>112</y1>
            <v1>2</v1>
        </keypoints>
        <bndbox>
            <xmin>131</xmin>
            <ymin>112</ymin>
            <xmax>131</xmax>
            <ymax>112</ymax>
        </bndbox>
    </object>
</annotation>