<annotation>
    <folder>JPEGImages</folder>
    <filename>Bayern 0 - [1] Liverpool.mp4_frame_160.jpg</filename>
    <size>
        <width>320</width>
        <height>320</height>
        <depth>3</depth>
    </size>
    <object>
        <name>28</name>
        <difficult>0</difficult>
        <keypoints>
            <x1>195</x1>
            <y1>190</y1>
            <v1>2</v1>
        </keypoints>
        <bndbox>
            <xmin>195</xmin>
            <ymin>190</ymin>
            <xmax>195</xmax>
            <ymax>190</ymax>
        </bndbox>
    </object>
    <object>
        <name>27</name>
        <difficult>0</difficult>
        <keypoints>
            <x1>123</x1>
            <y1>158</y1>
            <v1>2</v1>
        </keypoints>
        <bndbox>
            <xmin>123</xmin>
            <ymin>158</ymin>
            <xmax>123</xmax>
            <ymax>158</ymax>
        </bndbox>
    </object>
    <object>
        <name>21</name>
        <difficult>0</difficult>
        <keypoints>
            <x1>290</x1>
            <y1>233</y1>
            <v1>2</v1>
        </keypoints>
        <bndbox>
            <xmin>290</xmin>
            <ymin>233</ymin>
            <xmax>290</xmax>
            <ymax>233</ymax>
        </bndbox>
    </object>
    <object>
        <name>19</name>
        <difficult>0</difficult>
        <keypoints>
            <x1>308</x1>
            <y1>180</y1>
            <v1>2</v1>
        </keypoints>
        <bndbox>
            <xmin>308</xmin>
            <ymin>180</ymin>
            <xmax>308</xmax>
            <ymax>180</ymax>
        </bndbox>
    </object>
    <object>
        <name>17</name>
        <difficult>0</difficult>
        <keypoints>
            <x1>202</x1>
            <y1>144</y1>
            <v1>2</v1>
        </keypoints>
        <bndbox>
            <xmin>202</xmin>
            <ymin>144</ymin>
            <xmax>202</xmax>
            <ymax>144</ymax>
        </bndbox>
    </object>
    <object>
        <name>16</name>
        <difficult>0</difficult>
        <keypoints>
            <x1>238</x1>
            <y1>140</y1>
            <v1>2</v1>
        </keypoints>
        <bndbox>
            <xmin>238</xmin>
            <ymin>140</ymin>
            <xmax>238</xmax>
            <ymax>140</ymax>
        </bndbox>
    </object>
    <object>
        <name>15</name>
        <difficult>0</difficult>
        <keypoints>
            <x1>76</x1>
            <y1>136</y1>
            <v1>2</v1>
        </keypoints>
        <bndbox>
            <xmin>76</xmin>
            <ymin>136</ymin>
            <xmax>76</xmax>
            <ymax>136</ymax>
        </bndbox>
    </object>
    <object>
        <name>14</name>
        <difficult>0</difficult>
        <keypoints>
            <x1>188</x1>
            <y1>124</y1>
            <v1>2</v1>
        </keypoints>
        <bndbox>
            <xmin>188</xmin>
            <ymin>124</ymin>
            <xmax>188</xmax>
            <ymax>124</ymax>
        </bndbox>
    </object>
    <object>
        <name>13</name>
        <difficult>0</difficult>
        <keypoints>
            <x1>140</x1>
            <y1>109</y1>
            <v1>2</v1>
        </keypoints>
        <bndbox>
            <xmin>140</xmin>
            <ymin>109</ymin>
            <xmax>140</xmax>
            <ymax>109</ymax>
        </bndbox>
    </object>
</annotation>