<annotation>
    <folder>JPEGImages</folder>
    <filename>Bayern 0 - [1] Liverpool.mp4_frame_0.jpg</filename>
    <size>
        <width>320</width>
        <height>320</height>
        <depth>3</depth>
    </size>
    <object>
        <name>26</name>
        <difficult>0</difficult>
        <keypoints>
            <x1>297</x1>
            <y1>199</y1>
            <v1>2</v1>
        </keypoints>
        <bndbox>
            <xmin>297</xmin>
            <ymin>199</ymin>
            <xmax>297</xmax>
            <ymax>199</ymax>
        </bndbox>
    </object>
    <object>
        <name>25</name>
        <difficult>0</difficult>
        <keypoints>
            <x1>297</x1>
            <y1>133</y1>
            <v1>2</v1>
        </keypoints>
        <bndbox>
            <xmin>297</xmin>
            <ymin>133</ymin>
            <xmax>297</xmax>
            <ymax>133</ymax>
        </bndbox>
    </object>
    <object>
        <name>11</name>
        <difficult>0</difficult>
        <keypoints>
            <x1>297</x1>
            <y1>160</y1>
            <v1>2</v1>
        </keypoints>
        <bndbox>
            <xmin>297</xmin>
            <ymin>160</ymin>
            <xmax>297</xmax>
            <ymax>160</ymax>
        </bndbox>
    </object>
    <object>
        <name>10</name>
        <difficult>0</difficult>
        <keypoints>
            <x1>298</x1>
            <y1>83</y1>
            <v1>2</v1>
        </keypoints>
        <bndbox>
            <xmin>298</xmin>
            <ymin>83</ymin>
            <xmax>298</xmax>
            <ymax>83</ymax>
        </bndbox>
    </object>
</annotation>