<annotation>
    <folder>JPEGImages</folder>
    <filename>img_BL_15.jpg</filename>
    <size>
        <width>320</width>
        <height>320</height>
        <depth>3</depth>
    </size>
    <object>
        <name>24</name>
        <difficult>0</difficult>
        <keypoints>
            <x1>192</x1>
            <y1>240</y1>
            <v1>2</v1>
        </keypoints>
        <bndbox>
            <xmin>192</xmin>
            <ymin>240</ymin>
            <xmax>192</xmax>
            <ymax>240</ymax>
        </bndbox>
    </object>
    <object>
        <name>23</name>
        <difficult>0</difficult>
        <keypoints>
            <x1>283</x1>
            <y1>187</y1>
            <v1>2</v1>
        </keypoints>
        <bndbox>
            <xmin>283</xmin>
            <ymin>187</ymin>
            <xmax>283</xmax>
            <ymax>187</ymax>
        </bndbox>
    </object>
    <object>
        <name>8</name>
        <difficult>0</difficult>
        <keypoints>
            <x1>68</x1>
            <y1>314</y1>
            <v1>2</v1>
        </keypoints>
        <bndbox>
            <xmin>68</xmin>
            <ymin>314</ymin>
            <xmax>68</xmax>
            <ymax>314</ymax>
        </bndbox>
    </object>
    <object>
        <name>6</name>
        <difficult>0</difficult>
        <keypoints>
            <x1>60</x1>
            <y1>216</y1>
            <v1>2</v1>
        </keypoints>
        <bndbox>
            <xmin>60</xmin>
            <ymin>216</ymin>
            <xmax>60</xmax>
            <ymax>216</ymax>
        </bndbox>
    </object>
    <object>
        <name>5</name>
        <difficult>0</difficult>
        <keypoints>
            <x1>11</x1>
            <y1>202</y1>
            <v1>2</v1>
        </keypoints>
        <bndbox>
            <xmin>11</xmin>
            <ymin>202</ymin>
            <xmax>11</xmax>
            <ymax>202</ymax>
        </bndbox>
    </object>
    <object>
        <name>4</name>
        <difficult>0</difficult>
        <keypoints>
            <x1>190</x1>
            <y1>157</y1>
            <v1>2</v1>
        </keypoints>
        <bndbox>
            <xmin>190</xmin>
            <ymin>157</ymin>
            <xmax>190</xmax>
            <ymax>157</ymax>
        </bndbox>
    </object>
    <object>
        <name>3</name>
        <difficult>0</difficult>
        <keypoints>
            <x1>148</x1>
            <y1>147</y1>
            <v1>2</v1>
        </keypoints>
        <bndbox>
            <xmin>148</xmin>
            <ymin>147</ymin>
            <xmax>148</xmax>
            <ymax>147</ymax>
        </bndbox>
    </object>
    <object>
        <name>1</name>
        <difficult>0</difficult>
        <keypoints>
            <x1>209</x1>
            <y1>124</y1>
            <v1>2</v1>
        </keypoints>
        <bndbox>
            <xmin>209</xmin>
            <ymin>124</ymin>
            <xmax>209</xmax>
            <ymax>124</ymax>
        </bndbox>
    </object>
    <object>
        <name>0</name>
        <difficult>0</difficult>
        <keypoints>
            <x1>269</x1>
            <y1>98</y1>
            <v1>2</v1>
        </keypoints>
        <bndbox>
            <xmin>269</xmin>
            <ymin>98</ymin>
            <xmax>269</xmax>
            <ymax>98</ymax>
        </bndbox>
    </object>
</annotation>