<annotation>
    <folder>JPEGImages</folder>
    <filename>img_L1_119.jpg</filename>
    <size>
        <width>320</width>
        <height>320</height>
        <depth>3</depth>
    </size>
    <object>
        <name>27</name>
        <difficult>0</difficult>
        <keypoints>
            <x1>269</x1>
            <y1>132</y1>
            <v1>2</v1>
        </keypoints>
        <bndbox>
            <xmin>269</xmin>
            <ymin>132</ymin>
            <xmax>269</xmax>
            <ymax>132</ymax>
        </bndbox>
    </object>
    <object>
        <name>15</name>
        <difficult>0</difficult>
        <keypoints>
            <x1>233</x1>
            <y1>95</y1>
            <v1>2</v1>
        </keypoints>
        <bndbox>
            <xmin>233</xmin>
            <ymin>95</ymin>
            <xmax>233</xmax>
            <ymax>95</ymax>
        </bndbox>
    </object>
    <object>
        <name>13</name>
        <difficult>0</difficult>
        <keypoints>
            <x1>295</x1>
            <y1>53</y1>
            <v1>2</v1>
        </keypoints>
        <bndbox>
            <xmin>295</xmin>
            <ymin>53</ymin>
            <xmax>295</xmax>
            <ymax>53</ymax>
        </bndbox>
    </object>
</annotation>