<annotation>
    <folder>JPEGImages</folder>
    <filename>img_L1_41.jpg</filename>
    <size>
        <width>320</width>
        <height>320</height>
        <depth>3</depth>
    </size>
    <object>
        <name>27</name>
        <difficult>0</difficult>
        <keypoints>
            <x1>314</x1>
            <y1>126</y1>
            <v1>2</v1>
        </keypoints>
        <bndbox>
            <xmin>314</xmin>
            <ymin>126</ymin>
            <xmax>314</xmax>
            <ymax>126</ymax>
        </bndbox>
    </object>
    <object>
        <name>15</name>
        <difficult>0</difficult>
        <keypoints>
            <x1>258</x1>
            <y1>101</y1>
            <v1>2</v1>
        </keypoints>
        <bndbox>
            <xmin>258</xmin>
            <ymin>101</ymin>
            <xmax>258</xmax>
            <ymax>101</ymax>
        </bndbox>
    </object>
</annotation>