<annotation>
    <folder>JPEGImages</folder>
    <filename>img_L1_105.jpg</filename>
    <size>
        <width>320</width>
        <height>320</height>
        <depth>3</depth>
    </size>
    <object>
        <name>26</name>
        <difficult>0</difficult>
        <keypoints>
            <x1>292</x1>
            <y1>212</y1>
            <v1>2</v1>
        </keypoints>
        <bndbox>
            <xmin>292</xmin>
            <ymin>212</ymin>
            <xmax>292</xmax>
            <ymax>212</ymax>
        </bndbox>
    </object>
    <object>
        <name>25</name>
        <difficult>0</difficult>
        <keypoints>
            <x1>293</x1>
            <y1>147</y1>
            <v1>2</v1>
        </keypoints>
        <bndbox>
            <xmin>293</xmin>
            <ymin>147</ymin>
            <xmax>293</xmax>
            <ymax>147</ymax>
        </bndbox>
    </object>
    <object>
        <name>23</name>
        <difficult>0</difficult>
        <keypoints>
            <x1>33</x1>
            <y1>131</y1>
            <v1>2</v1>
        </keypoints>
        <bndbox>
            <xmin>33</xmin>
            <ymin>131</ymin>
            <xmax>33</xmax>
            <ymax>131</ymax>
        </bndbox>
    </object>
    <object>
        <name>11</name>
        <difficult>0</difficult>
        <keypoints>
            <x1>293</x1>
            <y1>175</y1>
            <v1>2</v1>
        </keypoints>
        <bndbox>
            <xmin>293</xmin>
            <ymin>175</ymin>
            <xmax>293</xmax>
            <ymax>175</ymax>
        </bndbox>
    </object>
    <object>
        <name>10</name>
        <difficult>0</difficult>
        <keypoints>
            <x1>294</x1>
            <y1>96</y1>
            <v1>2</v1>
        </keypoints>
        <bndbox>
            <xmin>294</xmin>
            <ymin>96</ymin>
            <xmax>294</xmax>
            <ymax>96</ymax>
        </bndbox>
    </object>
    <object>
        <name>2</name>
        <difficult>0</difficult>
        <keypoints>
            <x1>66</x1>
            <y1>106</y1>
            <v1>2</v1>
        </keypoints>
        <bndbox>
            <xmin>66</xmin>
            <ymin>106</ymin>
            <xmax>66</xmax>
            <ymax>106</ymax>
        </bndbox>
    </object>
    <object>
        <name>0</name>
        <difficult>0</difficult>
        <keypoints>
            <x1>13</x1>
            <y1>78</y1>
            <v1>2</v1>
        </keypoints>
        <bndbox>
            <xmin>13</xmin>
            <ymin>78</ymin>
            <xmax>13</xmax>
            <ymax>78</ymax>
        </bndbox>
    </object>
</annotation>