<annotation>
    <folder>JPEGImages</folder>
    <filename>img_L1_32.jpg</filename>
    <size>
        <width>320</width>
        <height>320</height>
        <depth>3</depth>
    </size>
    <object>
        <name>27</name>
        <difficult>0</difficult>
        <keypoints>
            <x1>138</x1>
            <y1>281</y1>
            <v1>2</v1>
        </keypoints>
        <bndbox>
            <xmin>138</xmin>
            <ymin>281</ymin>
            <xmax>138</xmax>
            <ymax>281</ymax>
        </bndbox>
    </object>
    <object>
        <name>15</name>
        <difficult>0</difficult>
        <keypoints>
            <x1>27</x1>
            <y1>233</y1>
            <v1>2</v1>
        </keypoints>
        <bndbox>
            <xmin>27</xmin>
            <ymin>233</ymin>
            <xmax>27</xmax>
            <ymax>233</ymax>
        </bndbox>
    </object>
    <object>
        <name>14</name>
        <difficult>0</difficult>
        <keypoints>
            <x1>280</x1>
            <y1>202</y1>
            <v1>2</v1>
        </keypoints>
        <bndbox>
            <xmin>280</xmin>
            <ymin>202</ymin>
            <xmax>280</xmax>
            <ymax>202</ymax>
        </bndbox>
    </object>
    <object>
        <name>13</name>
        <difficult>0</difficult>
        <keypoints>
            <x1>167</x1>
            <y1>167</y1>
            <v1>2</v1>
        </keypoints>
        <bndbox>
            <xmin>167</xmin>
            <ymin>167</ymin>
            <xmax>167</xmax>
            <ymax>167</ymax>
        </bndbox>
    </object>
</annotation>