<annotation>
    <folder>JPEGImages</folder>
    <filename>img_BL_6.jpg</filename>
    <size>
        <width>1024</width>
        <height>1024</height>
        <depth>3</depth>
    </size>
    <object>
        <name>24</name>
        <difficult>0</difficult>
        <keypoints>
            <x1>602</x1>
            <y1>666</y1>
            <v1>2</v1>
        </keypoints>
        <bndbox>
            <xmin>602</xmin>
            <ymin>666</ymin>
            <xmax>602</xmax>
            <ymax>666</ymax>
        </bndbox>
    </object>
    <object>
        <name>23</name>
        <difficult>0</difficult>
        <keypoints>
            <x1>890</x1>
            <y1>490</y1>
            <v1>2</v1>
        </keypoints>
        <bndbox>
            <xmin>890</xmin>
            <ymin>490</ymin>
            <xmax>890</xmax>
            <ymax>490</ymax>
        </bndbox>
    </object>
    <object>
        <name>8</name>
        <difficult>0</difficult>
        <keypoints>
            <x1>226</x1>
            <y1>909</y1>
            <v1>2</v1>
        </keypoints>
        <bndbox>
            <xmin>226</xmin>
            <ymin>909</ymin>
            <xmax>226</xmax>
            <ymax>909</ymax>
        </bndbox>
    </object>
    <object>
        <name>6</name>
        <difficult>0</difficult>
        <keypoints>
            <x1>197</x1>
            <y1>604</y1>
            <v1>2</v1>
        </keypoints>
        <bndbox>
            <xmin>197</xmin>
            <ymin>604</ymin>
            <xmax>197</xmax>
            <ymax>604</ymax>
        </bndbox>
    </object>
    <object>
        <name>5</name>
        <difficult>0</difficult>
        <keypoints>
            <x1>45</x1>
            <y1>568</y1>
            <v1>2</v1>
        </keypoints>
        <bndbox>
            <xmin>45</xmin>
            <ymin>568</ymin>
            <xmax>45</xmax>
            <ymax>568</ymax>
        </bndbox>
    </object>
    <object>
        <name>4</name>
        <difficult>0</difficult>
        <keypoints>
            <x1>597</x1>
            <y1>407</y1>
            <v1>2</v1>
        </keypoints>
        <bndbox>
            <xmin>597</xmin>
            <ymin>407</ymin>
            <xmax>597</xmax>
            <ymax>407</ymax>
        </bndbox>
    </object>
    <object>
        <name>3</name>
        <difficult>0</difficult>
        <keypoints>
            <x1>467</x1>
            <y1>380</y1>
            <v1>2</v1>
        </keypoints>
        <bndbox>
            <xmin>467</xmin>
            <ymin>380</ymin>
            <xmax>467</xmax>
            <ymax>380</ymax>
        </bndbox>
    </object>
    <object>
        <name>1</name>
        <difficult>0</difficult>
        <keypoints>
            <x1>648</x1>
            <y1>298</y1>
            <v1>2</v1>
        </keypoints>
        <bndbox>
            <xmin>648</xmin>
            <ymin>298</ymin>
            <xmax>648</xmax>
            <ymax>298</ymax>
        </bndbox>
    </object>
    <object>
        <name>0</name>
        <difficult>0</difficult>
        <keypoints>
            <x1>844</x1>
            <y1>211</y1>
            <v1>2</v1>
        </keypoints>
        <bndbox>
            <xmin>844</xmin>
            <ymin>211</ymin>
            <xmax>844</xmax>
            <ymax>211</ymax>
        </bndbox>
    </object>
</annotation>