<annotation>
    <folder>JPEGImages</folder>
    <filename>img_L1_75.jpg</filename>
    <size>
        <width>320</width>
        <height>320</height>
        <depth>3</depth>
    </size>
    <object>
        <name>26</name>
        <difficult>0</difficult>
        <keypoints>
            <x1>289</x1>
            <y1>187</y1>
            <v1>2</v1>
        </keypoints>
        <bndbox>
            <xmin>289</xmin>
            <ymin>187</ymin>
            <xmax>289</xmax>
            <ymax>187</ymax>
        </bndbox>
    </object>
    <object>
        <name>25</name>
        <difficult>0</difficult>
        <keypoints>
            <x1>293</x1>
            <y1>91</y1>
            <v1>2</v1>
        </keypoints>
        <bndbox>
            <xmin>293</xmin>
            <ymin>91</ymin>
            <xmax>293</xmax>
            <ymax>91</ymax>
        </bndbox>
    </object>
    <object>
        <name>11</name>
        <difficult>0</difficult>
        <keypoints>
            <x1>292</x1>
            <y1>134</y1>
            <v1>2</v1>
        </keypoints>
        <bndbox>
            <xmin>292</xmin>
            <ymin>134</ymin>
            <xmax>292</xmax>
            <ymax>134</ymax>
        </bndbox>
    </object>
    <object>
        <name>10</name>
        <difficult>0</difficult>
        <keypoints>
            <x1>296</x1>
            <y1>11</y1>
            <v1>2</v1>
        </keypoints>
        <bndbox>
            <xmin>296</xmin>
            <ymin>11</ymin>
            <xmax>296</xmax>
            <ymax>11</ymax>
        </bndbox>
    </object>
</annotation>