<annotation>
    <folder>JPEGImages</folder>
    <filename>img_L1_54.jpg</filename>
    <size>
        <width>320</width>
        <height>320</height>
        <depth>3</depth>
    </size>
    <object>
        <name>28</name>
        <difficult>0</difficult>
        <keypoints>
            <x1>65</x1>
            <y1>232</y1>
            <v1>2</v1>
        </keypoints>
        <bndbox>
            <xmin>65</xmin>
            <ymin>232</ymin>
            <xmax>65</xmax>
            <ymax>232</ymax>
        </bndbox>
    </object>
    <object>
        <name>21</name>
        <difficult>0</difficult>
        <keypoints>
            <x1>180</x1>
            <y1>309</y1>
            <v1>2</v1>
        </keypoints>
        <bndbox>
            <xmin>180</xmin>
            <ymin>309</ymin>
            <xmax>180</xmax>
            <ymax>309</ymax>
        </bndbox>
    </object>
    <object>
        <name>19</name>
        <difficult>0</difficult>
        <keypoints>
            <x1>211</x1>
            <y1>206</y1>
            <v1>2</v1>
        </keypoints>
        <bndbox>
            <xmin>211</xmin>
            <ymin>206</ymin>
            <xmax>211</xmax>
            <ymax>206</ymax>
        </bndbox>
    </object>
    <object>
        <name>18</name>
        <difficult>0</difficult>
        <keypoints>
            <x1>268</x1>
            <y1>190</y1>
            <v1>2</v1>
        </keypoints>
        <bndbox>
            <xmin>268</xmin>
            <ymin>190</ymin>
            <xmax>268</xmax>
            <ymax>190</ymax>
        </bndbox>
    </object>
    <object>
        <name>17</name>
        <difficult>0</difficult>
        <keypoints>
            <x1>80</x1>
            <y1>138</y1>
            <v1>2</v1>
        </keypoints>
        <bndbox>
            <xmin>80</xmin>
            <ymin>138</ymin>
            <xmax>80</xmax>
            <ymax>138</ymax>
        </bndbox>
    </object>
    <object>
        <name>16</name>
        <difficult>0</difficult>
        <keypoints>
            <x1>133</x1>
            <y1>126</y1>
            <v1>2</v1>
        </keypoints>
        <bndbox>
            <xmin>133</xmin>
            <ymin>126</ymin>
            <xmax>133</xmax>
            <ymax>126</ymax>
        </bndbox>
    </object>
    <object>
        <name>14</name>
        <difficult>0</difficult>
        <keypoints>
            <x1>69</x1>
            <y1>96</y1>
            <v1>2</v1>
        </keypoints>
        <bndbox>
            <xmin>69</xmin>
            <ymin>96</ymin>
            <xmax>69</xmax>
            <ymax>96</ymax>
        </bndbox>
    </object>
</annotation>