<annotation>
    <folder>JPEGImages</folder>
    <filename>img_L1_103.jpg</filename>
    <size>
        <width>320</width>
        <height>320</height>
        <depth>3</depth>
    </size>
    <object>
        <name>24</name>
        <difficult>0</difficult>
        <keypoints>
            <x1>18</x1>
            <y1>173</y1>
            <v1>2</v1>
        </keypoints>
        <bndbox>
            <xmin>18</xmin>
            <ymin>173</ymin>
            <xmax>18</xmax>
            <ymax>173</ymax>
        </bndbox>
    </object>
    <object>
        <name>23</name>
        <difficult>0</difficult>
        <keypoints>
            <x1>81</x1>
            <y1>129</y1>
            <v1>2</v1>
        </keypoints>
        <bndbox>
            <xmin>81</xmin>
            <ymin>129</ymin>
            <xmax>81</xmax>
            <ymax>129</ymax>
        </bndbox>
    </object>
    <object>
        <name>4</name>
        <difficult>0</difficult>
        <keypoints>
            <x1>7</x1>
            <y1>114</y1>
            <v1>2</v1>
        </keypoints>
        <bndbox>
            <xmin>7</xmin>
            <ymin>114</ymin>
            <xmax>7</xmax>
            <ymax>114</ymax>
        </bndbox>
    </object>
    <object>
        <name>2</name>
        <difficult>0</difficult>
        <keypoints>
            <x1>120</x1>
            <y1>101</y1>
            <v1>2</v1>
        </keypoints>
        <bndbox>
            <xmin>120</xmin>
            <ymin>101</ymin>
            <xmax>120</xmax>
            <ymax>101</ymax>
        </bndbox>
    </object>
    <object>
        <name>1</name>
        <difficult>0</difficult>
        <keypoints>
            <x1>17</x1>
            <y1>87</y1>
            <v1>2</v1>
        </keypoints>
        <bndbox>
            <xmin>17</xmin>
            <ymin>87</ymin>
            <xmax>17</xmax>
            <ymax>87</ymax>
        </bndbox>
    </object>
    <object>
        <name>0</name>
        <difficult>0</difficult>
        <keypoints>
            <x1>61</x1>
            <y1>68</y1>
            <v1>2</v1>
        </keypoints>
        <bndbox>
            <xmin>61</xmin>
            <ymin>68</ymin>
            <xmax>61</xmax>
            <ymax>68</ymax>
        </bndbox>
    </object>
</annotation>