<annotation>
    <folder>JPEGImages</folder>
    <filename>img_L1_22.jpg</filename>
    <size>
        <width>320</width>
        <height>320</height>
        <depth>3</depth>
    </size>
    <object>
        <name>24</name>
        <difficult>0</difficult>
        <keypoints>
            <x1>110</x1>
            <y1>155</y1>
            <v1>2</v1>
        </keypoints>
        <bndbox>
            <xmin>110</xmin>
            <ymin>155</ymin>
            <xmax>110</xmax>
            <ymax>155</ymax>
        </bndbox>
    </object>
    <object>
        <name>23</name>
        <difficult>0</difficult>
        <keypoints>
            <x1>176</x1>
            <y1>101</y1>
            <v1>2</v1>
        </keypoints>
        <bndbox>
            <xmin>176</xmin>
            <ymin>101</ymin>
            <xmax>176</xmax>
            <ymax>101</ymax>
        </bndbox>
    </object>
    <object>
        <name>8</name>
        <difficult>0</difficult>
        <keypoints>
            <x1>26</x1>
            <y1>224</y1>
            <v1>2</v1>
        </keypoints>
        <bndbox>
            <xmin>26</xmin>
            <ymin>224</ymin>
            <xmax>26</xmax>
            <ymax>224</ymax>
        </bndbox>
    </object>
    <object>
        <name>4</name>
        <difficult>0</difficult>
        <keypoints>
            <x1>86</x1>
            <y1>77</y1>
            <v1>2</v1>
        </keypoints>
        <bndbox>
            <xmin>86</xmin>
            <ymin>77</ymin>
            <xmax>86</xmax>
            <ymax>77</ymax>
        </bndbox>
    </object>
    <object>
        <name>3</name>
        <difficult>0</difficult>
        <keypoints>
            <x1>42</x1>
            <y1>71</y1>
            <v1>2</v1>
        </keypoints>
        <bndbox>
            <xmin>42</xmin>
            <ymin>71</ymin>
            <xmax>42</xmax>
            <ymax>71</ymax>
        </bndbox>
    </object>
    <object>
        <name>2</name>
        <difficult>0</difficult>
        <keypoints>
            <x1>222</x1>
            <y1>63</y1>
            <v1>2</v1>
        </keypoints>
        <bndbox>
            <xmin>222</xmin>
            <ymin>63</ymin>
            <xmax>222</xmax>
            <ymax>63</ymax>
        </bndbox>
    </object>
    <object>
        <name>1</name>
        <difficult>0</difficult>
        <keypoints>
            <x1>92</x1>
            <y1>43</y1>
            <v1>2</v1>
        </keypoints>
        <bndbox>
            <xmin>92</xmin>
            <ymin>43</ymin>
            <xmax>92</xmax>
            <ymax>43</ymax>
        </bndbox>
    </object>
    <object>
        <name>0</name>
        <difficult>0</difficult>
        <keypoints>
            <x1>141</x1>
            <y1>16</y1>
            <v1>2</v1>
        </keypoints>
        <bndbox>
            <xmin>141</xmin>
            <ymin>16</ymin>
            <xmax>141</xmax>
            <ymax>16</ymax>
        </bndbox>
    </object>
</annotation>