<annotation>
    <folder>JPEGImages</folder>
    <filename>img_L1_70.jpg</filename>
    <size>
        <width>320</width>
        <height>320</height>
        <depth>3</depth>
    </size>
    <object>
        <name>26</name>
        <difficult>0</difficult>
        <keypoints>
            <x1>223</x1>
            <y1>313</y1>
            <v1>2</v1>
        </keypoints>
        <bndbox>
            <xmin>223</xmin>
            <ymin>313</ymin>
            <xmax>223</xmax>
            <ymax>313</ymax>
        </bndbox>
    </object>
    <object>
        <name>25</name>
        <difficult>0</difficult>
        <keypoints>
            <x1>221</x1>
            <y1>184</y1>
            <v1>2</v1>
        </keypoints>
        <bndbox>
            <xmin>221</xmin>
            <ymin>184</ymin>
            <xmax>221</xmax>
            <ymax>184</ymax>
        </bndbox>
    </object>
    <object>
        <name>11</name>
        <difficult>0</difficult>
        <keypoints>
            <x1>223</x1>
            <y1>240</y1>
            <v1>2</v1>
        </keypoints>
        <bndbox>
            <xmin>223</xmin>
            <ymin>240</ymin>
            <xmax>223</xmax>
            <ymax>240</ymax>
        </bndbox>
    </object>
    <object>
        <name>10</name>
        <difficult>0</difficult>
        <keypoints>
            <x1>222</x1>
            <y1>81</y1>
            <v1>2</v1>
        </keypoints>
        <bndbox>
            <xmin>222</xmin>
            <ymin>81</ymin>
            <xmax>222</xmax>
            <ymax>81</ymax>
        </bndbox>
    </object>
</annotation>