<annotation>
    <folder>JPEGImages</folder>
    <filename>img_L1_31.jpg</filename>
    <size>
        <width>320</width>
        <height>320</height>
        <depth>3</depth>
    </size>
    <object>
        <name>28</name>
        <difficult>0</difficult>
        <keypoints>
            <x1>151</x1>
            <y1>247</y1>
            <v1>2</v1>
        </keypoints>
        <bndbox>
            <xmin>151</xmin>
            <ymin>247</ymin>
            <xmax>151</xmax>
            <ymax>247</ymax>
        </bndbox>
    </object>
    <object>
        <name>27</name>
        <difficult>0</difficult>
        <keypoints>
            <x1>8</x1>
            <y1>195</y1>
            <v1>2</v1>
        </keypoints>
        <bndbox>
            <xmin>8</xmin>
            <ymin>195</ymin>
            <xmax>8</xmax>
            <ymax>195</ymax>
        </bndbox>
    </object>
    <object>
        <name>17</name>
        <difficult>0</difficult>
        <keypoints>
            <x1>148</x1>
            <y1>155</y1>
            <v1>2</v1>
        </keypoints>
        <bndbox>
            <xmin>148</xmin>
            <ymin>155</ymin>
            <xmax>148</xmax>
            <ymax>155</ymax>
        </bndbox>
    </object>
    <object>
        <name>16</name>
        <difficult>0</difficult>
        <keypoints>
            <x1>214</x1>
            <y1>141</y1>
            <v1>2</v1>
        </keypoints>
        <bndbox>
            <xmin>214</xmin>
            <ymin>141</ymin>
            <xmax>214</xmax>
            <ymax>141</ymax>
        </bndbox>
    </object>
    <object>
        <name>14</name>
        <difficult>0</difficult>
        <keypoints>
            <x1>123</x1>
            <y1>120</y1>
            <v1>2</v1>
        </keypoints>
        <bndbox>
            <xmin>123</xmin>
            <ymin>120</ymin>
            <xmax>123</xmax>
            <ymax>120</ymax>
        </bndbox>
    </object>
    <object>
        <name>13</name>
        <difficult>0</difficult>
        <keypoints>
            <x1>30</x1>
            <y1>99</y1>
            <v1>2</v1>
        </keypoints>
        <bndbox>
            <xmin>30</xmin>
            <ymin>99</ymin>
            <xmax>30</xmax>
            <ymax>99</ymax>
        </bndbox>
    </object>
</annotation>