<annotation>
    <folder>JPEGImages</folder>
    <filename>img_L1_81.jpg</filename>
    <size>
        <width>320</width>
        <height>320</height>
        <depth>3</depth>
    </size>
    <object>
        <name>28</name>
        <difficult>0</difficult>
        <keypoints>
            <x1>79</x1>
            <y1>132</y1>
            <v1>2</v1>
        </keypoints>
        <bndbox>
            <xmin>79</xmin>
            <ymin>132</ymin>
            <xmax>79</xmax>
            <ymax>132</ymax>
        </bndbox>
    </object>
    <object>
        <name>21</name>
        <difficult>0</difficult>
        <keypoints>
            <x1>250</x1>
            <y1>245</y1>
            <v1>2</v1>
        </keypoints>
        <bndbox>
            <xmin>250</xmin>
            <ymin>245</ymin>
            <xmax>250</xmax>
            <ymax>245</ymax>
        </bndbox>
    </object>
    <object>
        <name>19</name>
        <difficult>0</difficult>
        <keypoints>
            <x1>277</x1>
            <y1>98</y1>
            <v1>2</v1>
        </keypoints>
        <bndbox>
            <xmin>277</xmin>
            <ymin>98</ymin>
            <xmax>277</xmax>
            <ymax>98</ymax>
        </bndbox>
    </object>
    <object>
        <name>17</name>
        <difficult>0</difficult>
        <keypoints>
            <x1>90</x1>
            <y1>5</y1>
            <v1>2</v1>
        </keypoints>
        <bndbox>
            <xmin>90</xmin>
            <ymin>5</ymin>
            <xmax>90</xmax>
            <ymax>5</ymax>
        </bndbox>
    </object>
</annotation>