<annotation>
    <folder>JPEGImages</folder>
    <filename>img_L1_77.jpg</filename>
    <size>
        <width>320</width>
        <height>320</height>
        <depth>3</depth>
    </size>
    <object>
        <name>24</name>
        <difficult>0</difficult>
        <keypoints>
            <x1>250</x1>
            <y1>206</y1>
            <v1>2</v1>
        </keypoints>
        <bndbox>
            <xmin>250</xmin>
            <ymin>206</ymin>
            <xmax>250</xmax>
            <ymax>206</ymax>
        </bndbox>
    </object>
    <object>
        <name>23</name>
        <difficult>0</difficult>
        <keypoints>
            <x1>250</x1>
            <y1>70</y1>
            <v1>2</v1>
        </keypoints>
        <bndbox>
            <xmin>250</xmin>
            <ymin>70</ymin>
            <xmax>250</xmax>
            <ymax>70</ymax>
        </bndbox>
    </object>
    <object>
        <name>6</name>
        <difficult>0</difficult>
        <keypoints>
            <x1>51</x1>
            <y1>218</y1>
            <v1>2</v1>
        </keypoints>
        <bndbox>
            <xmin>51</xmin>
            <ymin>218</ymin>
            <xmax>51</xmax>
            <ymax>218</ymax>
        </bndbox>
    </object>
    <object>
        <name>4</name>
        <difficult>0</difficult>
        <keypoints>
            <x1>87</x1>
            <y1>51</y1>
            <v1>2</v1>
        </keypoints>
        <bndbox>
            <xmin>87</xmin>
            <ymin>51</ymin>
            <xmax>87</xmax>
            <ymax>51</ymax>
        </bndbox>
    </object>
    <object>
        <name>3</name>
        <difficult>0</difficult>
        <keypoints>
            <x1>7</x1>
            <y1>48</y1>
            <v1>2</v1>
        </keypoints>
        <bndbox>
            <xmin>7</xmin>
            <ymin>48</ymin>
            <xmax>7</xmax>
            <ymax>48</ymax>
        </bndbox>
    </object>
</annotation>