<annotation>
    <folder>JPEGImages</folder>
    <filename>img_L1_25.jpg</filename>
    <size>
        <width>320</width>
        <height>320</height>
        <depth>3</depth>
    </size>
    <object>
        <name>2</name>
        <difficult>0</difficult>
        <keypoints>
            <x1>15</x1>
            <y1>51</y1>
            <v1>2</v1>
        </keypoints>
        <bndbox>
            <xmin>15</xmin>
            <ymin>51</ymin>
            <xmax>15</xmax>
            <ymax>51</ymax>
        </bndbox>
    </object>
</annotation>