<annotation>
    <folder>JPEGImages</folder>
    <filename>img_L1_108.jpg</filename>
    <size>
        <width>320</width>
        <height>320</height>
        <depth>3</depth>
    </size>
    <object>
        <name>26</name>
        <difficult>0</difficult>
        <keypoints>
            <x1>283</x1>
            <y1>165</y1>
            <v1>2</v1>
        </keypoints>
        <bndbox>
            <xmin>283</xmin>
            <ymin>165</ymin>
            <xmax>283</xmax>
            <ymax>165</ymax>
        </bndbox>
    </object>
    <object>
        <name>25</name>
        <difficult>0</difficult>
        <keypoints>
            <x1>286</x1>
            <y1>101</y1>
            <v1>2</v1>
        </keypoints>
        <bndbox>
            <xmin>286</xmin>
            <ymin>101</ymin>
            <xmax>286</xmax>
            <ymax>101</ymax>
        </bndbox>
    </object>
    <object>
        <name>24</name>
        <difficult>0</difficult>
        <keypoints>
            <x1>32</x1>
            <y1>127</y1>
            <v1>2</v1>
        </keypoints>
        <bndbox>
            <xmin>32</xmin>
            <ymin>127</ymin>
            <xmax>32</xmax>
            <ymax>127</ymax>
        </bndbox>
    </object>
    <object>
        <name>23</name>
        <difficult>0</difficult>
        <keypoints>
            <x1>72</x1>
            <y1>86</y1>
            <v1>2</v1>
        </keypoints>
        <bndbox>
            <xmin>72</xmin>
            <ymin>86</ymin>
            <xmax>72</xmax>
            <ymax>86</ymax>
        </bndbox>
    </object>
    <object>
        <name>11</name>
        <difficult>0</difficult>
        <keypoints>
            <x1>285</x1>
            <y1>130</y1>
            <v1>2</v1>
        </keypoints>
        <bndbox>
            <xmin>285</xmin>
            <ymin>130</ymin>
            <xmax>285</xmax>
            <ymax>130</ymax>
        </bndbox>
    </object>
    <object>
        <name>10</name>
        <difficult>0</difficult>
        <keypoints>
            <x1>289</x1>
            <y1>48</y1>
            <v1>2</v1>
        </keypoints>
        <bndbox>
            <xmin>289</xmin>
            <ymin>48</ymin>
            <xmax>289</xmax>
            <ymax>48</ymax>
        </bndbox>
    </object>
    <object>
        <name>4</name>
        <difficult>0</difficult>
        <keypoints>
            <x1>16</x1>
            <y1>75</y1>
            <v1>2</v1>
        </keypoints>
        <bndbox>
            <xmin>16</xmin>
            <ymin>75</ymin>
            <xmax>16</xmax>
            <ymax>75</ymax>
        </bndbox>
    </object>
    <object>
        <name>2</name>
        <difficult>0</difficult>
        <keypoints>
            <x1>96</x1>
            <y1>58</y1>
            <v1>2</v1>
        </keypoints>
        <bndbox>
            <xmin>96</xmin>
            <ymin>58</ymin>
            <xmax>96</xmax>
            <ymax>58</ymax>
        </bndbox>
    </object>
    <object>
        <name>1</name>
        <difficult>0</difficult>
        <keypoints>
            <x1>18</x1>
            <y1>50</y1>
            <v1>2</v1>
        </keypoints>
        <bndbox>
            <xmin>18</xmin>
            <ymin>50</ymin>
            <xmax>18</xmax>
            <ymax>50</ymax>
        </bndbox>
    </object>
    <object>
        <name>0</name>
        <difficult>0</difficult>
        <keypoints>
            <x1>49</x1>
            <y1>29</y1>
            <v1>2</v1>
        </keypoints>
        <bndbox>
            <xmin>49</xmin>
            <ymin>29</ymin>
            <xmax>49</xmax>
            <ymax>29</ymax>
        </bndbox>
    </object>
</annotation>