<annotation>
    <folder>JPEGImages</folder>
    <filename>img_L1_42.jpg</filename>
    <size>
        <width>320</width>
        <height>320</height>
        <depth>3</depth>
    </size>
    <object>
        <name>15</name>
        <difficult>0</difficult>
        <keypoints>
            <x1>258</x1>
            <y1>87</y1>
            <v1>2</v1>
        </keypoints>
        <bndbox>
            <xmin>258</xmin>
            <ymin>87</ymin>
            <xmax>258</xmax>
            <ymax>87</ymax>
        </bndbox>
    </object>
</annotation>