<annotation>
    <folder>JPEGImages</folder>
    <filename>img_L1_10.jpg</filename>
    <size>
        <width>320</width>
        <height>320</height>
        <depth>3</depth>
    </size>
    <object>
        <name>24</name>
        <difficult>0</difficult>
        <keypoints>
            <x1>23</x1>
            <y1>173</y1>
            <v1>2</v1>
        </keypoints>
        <bndbox>
            <xmin>23</xmin>
            <ymin>173</ymin>
            <xmax>23</xmax>
            <ymax>173</ymax>
        </bndbox>
    </object>
    <object>
        <name>23</name>
        <difficult>0</difficult>
        <keypoints>
            <x1>128</x1>
            <y1>80</y1>
            <v1>2</v1>
        </keypoints>
        <bndbox>
            <xmin>128</xmin>
            <ymin>80</ymin>
            <xmax>128</xmax>
            <ymax>80</ymax>
        </bndbox>
    </object>
    <object>
        <name>2</name>
        <difficult>0</difficult>
        <keypoints>
            <x1>199</x1>
            <y1>19</y1>
            <v1>2</v1>
        </keypoints>
        <bndbox>
            <xmin>199</xmin>
            <ymin>19</ymin>
            <xmax>199</xmax>
            <ymax>19</ymax>
        </bndbox>
    </object>
</annotation>