<annotation>
    <folder>JPEGImages</folder>
    <filename>img_L1_61.jpg</filename>
    <size>
        <width>320</width>
        <height>320</height>
        <depth>3</depth>
    </size>
    <object>
        <name>28</name>
        <difficult>0</difficult>
        <keypoints>
            <x1>280</x1>
            <y1>64</y1>
            <v1>2</v1>
        </keypoints>
        <bndbox>
            <xmin>280</xmin>
            <ymin>64</ymin>
            <xmax>280</xmax>
            <ymax>64</ymax>
        </bndbox>
    </object>
    <object>
        <name>27</name>
        <difficult>0</difficult>
        <keypoints>
            <x1>210</x1>
            <y1>28</y1>
            <v1>2</v1>
        </keypoints>
        <bndbox>
            <xmin>210</xmin>
            <ymin>28</ymin>
            <xmax>210</xmax>
            <ymax>28</ymax>
        </bndbox>
    </object>
    <object>
        <name>17</name>
        <difficult>0</difficult>
        <keypoints>
            <x1>260</x1>
            <y1>16</y1>
            <v1>2</v1>
        </keypoints>
        <bndbox>
            <xmin>260</xmin>
            <ymin>16</ymin>
            <xmax>260</xmax>
            <ymax>16</ymax>
        </bndbox>
    </object>
    <object>
        <name>16</name>
        <difficult>0</difficult>
        <keypoints>
            <x1>283</x1>
            <y1>12</y1>
            <v1>2</v1>
        </keypoints>
        <bndbox>
            <xmin>283</xmin>
            <ymin>12</ymin>
            <xmax>283</xmax>
            <ymax>12</ymax>
        </bndbox>
    </object>
    <object>
        <name>15</name>
        <difficult>0</difficult>
        <keypoints>
            <x1>168</x1>
            <y1>9</y1>
            <v1>2</v1>
        </keypoints>
        <bndbox>
            <xmin>168</xmin>
            <ymin>9</ymin>
            <xmax>168</xmax>
            <ymax>9</ymax>
        </bndbox>
    </object>
</annotation>