<annotation>
    <folder>JPEGImages</folder>
    <filename>img_L1_27.jpg</filename>
    <size>
        <width>320</width>
        <height>320</height>
        <depth>3</depth>
    </size>
    <object>
        <name>26</name>
        <difficult>0</difficult>
        <keypoints>
            <x1>144</x1>
            <y1>240</y1>
            <v1>2</v1>
        </keypoints>
        <bndbox>
            <xmin>144</xmin>
            <ymin>240</ymin>
            <xmax>144</xmax>
            <ymax>240</ymax>
        </bndbox>
    </object>
    <object>
        <name>25</name>
        <difficult>0</difficult>
        <keypoints>
            <x1>142</x1>
            <y1>162</y1>
            <v1>2</v1>
        </keypoints>
        <bndbox>
            <xmin>142</xmin>
            <ymin>162</ymin>
            <xmax>142</xmax>
            <ymax>162</ymax>
        </bndbox>
    </object>
    <object>
        <name>11</name>
        <difficult>0</difficult>
        <keypoints>
            <x1>143</x1>
            <y1>198</y1>
            <v1>2</v1>
        </keypoints>
        <bndbox>
            <xmin>143</xmin>
            <ymin>198</ymin>
            <xmax>143</xmax>
            <ymax>198</ymax>
        </bndbox>
    </object>
    <object>
        <name>10</name>
        <difficult>0</difficult>
        <keypoints>
            <x1>142</x1>
            <y1>90</y1>
            <v1>2</v1>
        </keypoints>
        <bndbox>
            <xmin>142</xmin>
            <ymin>90</ymin>
            <xmax>142</xmax>
            <ymax>90</ymax>
        </bndbox>
    </object>
</annotation>