<annotation>
    <folder>JPEGImages</folder>
    <filename>img_L1_69.jpg</filename>
    <size>
        <width>320</width>
        <height>320</height>
        <depth>3</depth>
    </size>
    <object>
        <name>26</name>
        <difficult>0</difficult>
        <keypoints>
            <x1>235</x1>
            <y1>312</y1>
            <v1>2</v1>
        </keypoints>
        <bndbox>
            <xmin>235</xmin>
            <ymin>312</ymin>
            <xmax>235</xmax>
            <ymax>312</ymax>
        </bndbox>
    </object>
    <object>
        <name>25</name>
        <difficult>0</difficult>
        <keypoints>
            <x1>235</x1>
            <y1>183</y1>
            <v1>2</v1>
        </keypoints>
        <bndbox>
            <xmin>235</xmin>
            <ymin>183</ymin>
            <xmax>235</xmax>
            <ymax>183</ymax>
        </bndbox>
    </object>
    <object>
        <name>11</name>
        <difficult>0</difficult>
        <keypoints>
            <x1>236</x1>
            <y1>239</y1>
            <v1>2</v1>
        </keypoints>
        <bndbox>
            <xmin>236</xmin>
            <ymin>239</ymin>
            <xmax>236</xmax>
            <ymax>239</ymax>
        </bndbox>
    </object>
    <object>
        <name>10</name>
        <difficult>0</difficult>
        <keypoints>
            <x1>236</x1>
            <y1>81</y1>
            <v1>2</v1>
        </keypoints>
        <bndbox>
            <xmin>236</xmin>
            <ymin>81</ymin>
            <xmax>236</xmax>
            <ymax>81</ymax>
        </bndbox>
    </object>
</annotation>