<annotation>
    <folder>JPEGImages</folder>
    <filename>img_L1_13.jpg</filename>
    <size>
        <width>320</width>
        <height>320</height>
        <depth>3</depth>
    </size>
    <object>
        <name>24</name>
        <difficult>0</difficult>
        <keypoints>
            <x1>272</x1>
            <y1>159</y1>
            <v1>2</v1>
        </keypoints>
        <bndbox>
            <xmin>272</xmin>
            <ymin>159</ymin>
            <xmax>272</xmax>
            <ymax>159</ymax>
        </bndbox>
    </object>
    <object>
        <name>8</name>
        <difficult>0</difficult>
        <keypoints>
            <x1>112</x1>
            <y1>260</y1>
            <v1>2</v1>
        </keypoints>
        <bndbox>
            <xmin>112</xmin>
            <ymin>260</ymin>
            <xmax>112</xmax>
            <ymax>260</ymax>
        </bndbox>
    </object>
    <object>
        <name>6</name>
        <difficult>0</difficult>
        <keypoints>
            <x1>76</x1>
            <y1>125</y1>
            <v1>2</v1>
        </keypoints>
        <bndbox>
            <xmin>76</xmin>
            <ymin>125</ymin>
            <xmax>76</xmax>
            <ymax>125</ymax>
        </bndbox>
    </object>
    <object>
        <name>5</name>
        <difficult>0</difficult>
        <keypoints>
            <x1>2</x1>
            <y1>104</y1>
            <v1>2</v1>
        </keypoints>
        <bndbox>
            <xmin>2</xmin>
            <ymin>104</ymin>
            <xmax>2</xmax>
            <ymax>104</ymax>
        </bndbox>
    </object>
    <object>
        <name>4</name>
        <difficult>0</difficult>
        <keypoints>
            <x1>257</x1>
            <y1>37</y1>
            <v1>2</v1>
        </keypoints>
        <bndbox>
            <xmin>257</xmin>
            <ymin>37</ymin>
            <xmax>257</xmax>
            <ymax>37</ymax>
        </bndbox>
    </object>
    <object>
        <name>3</name>
        <difficult>0</difficult>
        <keypoints>
            <x1>187</x1>
            <y1>23</y1>
            <v1>2</v1>
        </keypoints>
        <bndbox>
            <xmin>187</xmin>
            <ymin>23</ymin>
            <xmax>187</xmax>
            <ymax>23</ymax>
        </bndbox>
    </object>
</annotation>