<annotation>
    <folder>JPEGImages</folder>
    <filename>img_L1_80.jpg</filename>
    <size>
        <width>320</width>
        <height>320</height>
        <depth>3</depth>
    </size>
    <object>
        <name>28</name>
        <difficult>0</difficult>
        <keypoints>
            <x1>79</x1>
            <y1>132</y1>
            <v1>2</v1>
        </keypoints>
        <bndbox>
            <xmin>79</xmin>
            <ymin>132</ymin>
            <xmax>79</xmax>
            <ymax>132</ymax>
        </bndbox>
    </object>
    <object>
        <name>27</name>
        <difficult>0</difficult>
        <keypoints>
            <x1>79</x1>
            <y1>37</y1>
            <v1>2</v1>
        </keypoints>
        <bndbox>
            <xmin>79</xmin>
            <ymin>37</ymin>
            <xmax>79</xmax>
            <ymax>37</ymax>
        </bndbox>
    </object>
    <object>
        <name>21</name>
        <difficult>0</difficult>
        <keypoints>
            <x1>80</x1>
            <y1>279</y1>
            <v1>2</v1>
        </keypoints>
        <bndbox>
            <xmin>80</xmin>
            <ymin>279</ymin>
            <xmax>80</xmax>
            <ymax>279</ymax>
        </bndbox>
    </object>
    <object>
        <name>19</name>
        <difficult>0</difficult>
        <keypoints>
            <x1>293</x1>
            <y1>146</y1>
            <v1>2</v1>
        </keypoints>
        <bndbox>
            <xmin>293</xmin>
            <ymin>146</ymin>
            <xmax>293</xmax>
            <ymax>146</ymax>
        </bndbox>
    </object>
    <object>
        <name>17</name>
        <difficult>0</difficult>
        <keypoints>
            <x1>238</x1>
            <y1>23</y1>
            <v1>2</v1>
        </keypoints>
        <bndbox>
            <xmin>238</xmin>
            <ymin>23</ymin>
            <xmax>238</xmax>
            <ymax>23</ymax>
        </bndbox>
    </object>
    <object>
        <name>16</name>
        <difficult>0</difficult>
        <keypoints>
            <x1>317</x1>
            <y1>18</y1>
            <v1>2</v1>
        </keypoints>
        <bndbox>
            <xmin>317</xmin>
            <ymin>18</ymin>
            <xmax>317</xmax>
            <ymax>18</ymax>
        </bndbox>
    </object>
</annotation>