<annotation>
    <folder>JPEGImages</folder>
    <filename>img_L1_56.jpg</filename>
    <size>
        <width>320</width>
        <height>320</height>
        <depth>3</depth>
    </size>
    <object>
        <name>28</name>
        <difficult>0</difficult>
        <keypoints>
            <x1>144</x1>
            <y1>206</y1>
            <v1>2</v1>
        </keypoints>
        <bndbox>
            <xmin>144</xmin>
            <ymin>206</ymin>
            <xmax>144</xmax>
            <ymax>206</ymax>
        </bndbox>
    </object>
    <object>
        <name>27</name>
        <difficult>0</difficult>
        <keypoints>
            <x1>47</x1>
            <y1>133</y1>
            <v1>2</v1>
        </keypoints>
        <bndbox>
            <xmin>47</xmin>
            <ymin>133</ymin>
            <xmax>47</xmax>
            <ymax>133</ymax>
        </bndbox>
    </object>
    <object>
        <name>21</name>
        <difficult>0</difficult>
        <keypoints>
            <x1>266</x1>
            <y1>295</y1>
            <v1>2</v1>
        </keypoints>
        <bndbox>
            <xmin>266</xmin>
            <ymin>295</ymin>
            <xmax>266</xmax>
            <ymax>295</ymax>
        </bndbox>
    </object>
    <object>
        <name>19</name>
        <difficult>0</difficult>
        <keypoints>
            <x1>305</x1>
            <y1>186</y1>
            <v1>2</v1>
        </keypoints>
        <bndbox>
            <xmin>305</xmin>
            <ymin>186</ymin>
            <xmax>305</xmax>
            <ymax>186</ymax>
        </bndbox>
    </object>
    <object>
        <name>17</name>
        <difficult>0</difficult>
        <keypoints>
            <x1>163</x1>
            <y1>106</y1>
            <v1>2</v1>
        </keypoints>
        <bndbox>
            <xmin>163</xmin>
            <ymin>106</ymin>
            <xmax>163</xmax>
            <ymax>106</ymax>
        </bndbox>
    </object>
    <object>
        <name>16</name>
        <difficult>0</difficult>
        <keypoints>
            <x1>218</x1>
            <y1>95</y1>
            <v1>2</v1>
        </keypoints>
        <bndbox>
            <xmin>218</xmin>
            <ymin>95</ymin>
            <xmax>218</xmax>
            <ymax>95</ymax>
        </bndbox>
    </object>
    <object>
        <name>14</name>
        <difficult>0</difficult>
        <keypoints>
            <x1>151</x1>
            <y1>61</y1>
            <v1>2</v1>
        </keypoints>
        <bndbox>
            <xmin>151</xmin>
            <ymin>61</ymin>
            <xmax>151</xmax>
            <ymax>61</ymax>
        </bndbox>
    </object>
    <object>
        <name>13</name>
        <difficult>0</difficult>
        <keypoints>
            <x1>81</x1>
            <y1>24</y1>
            <v1>2</v1>
        </keypoints>
        <bndbox>
            <xmin>81</xmin>
            <ymin>24</ymin>
            <xmax>81</xmax>
            <ymax>24</ymax>
        </bndbox>
    </object>
</annotation>