<annotation>
    <folder>JPEGImages</folder>
    <filename>img_BL_9.jpg</filename>
    <size>
        <width>320</width>
        <height>320</height>
        <depth>3</depth>
    </size>
    <object>
        <name>28</name>
        <difficult>0</difficult>
        <keypoints>
            <x1>75</x1>
            <y1>237</y1>
            <v1>2</v1>
        </keypoints>
        <bndbox>
            <xmin>75</xmin>
            <ymin>237</ymin>
            <xmax>75</xmax>
            <ymax>237</ymax>
        </bndbox>
    </object>
    <object>
        <name>27</name>
        <difficult>0</difficult>
        <keypoints>
            <x1>18</x1>
            <y1>197</y1>
            <v1>2</v1>
        </keypoints>
        <bndbox>
            <xmin>18</xmin>
            <ymin>197</ymin>
            <xmax>18</xmax>
            <ymax>197</ymax>
        </bndbox>
    </object>
    <object>
        <name>21</name>
        <difficult>0</difficult>
        <keypoints>
            <x1>141</x1>
            <y1>285</y1>
            <v1>2</v1>
        </keypoints>
        <bndbox>
            <xmin>141</xmin>
            <ymin>285</ymin>
            <xmax>141</xmax>
            <ymax>285</ymax>
        </bndbox>
    </object>
    <object>
        <name>20</name>
        <difficult>0</difficult>
        <keypoints>
            <x1>267</x1>
            <y1>240</y1>
            <v1>2</v1>
        </keypoints>
        <bndbox>
            <xmin>267</xmin>
            <ymin>240</ymin>
            <xmax>267</xmax>
            <ymax>240</ymax>
        </bndbox>
    </object>
    <object>
        <name>19</name>
        <difficult>0</difficult>
        <keypoints>
            <x1>168</x1>
            <y1>217</y1>
            <v1>2</v1>
        </keypoints>
        <bndbox>
            <xmin>168</xmin>
            <ymin>217</ymin>
            <xmax>168</xmax>
            <ymax>217</ymax>
        </bndbox>
    </object>
    <object>
        <name>18</name>
        <difficult>0</difficult>
        <keypoints>
            <x1>203</x1>
            <y1>206</y1>
            <v1>2</v1>
        </keypoints>
        <bndbox>
            <xmin>203</xmin>
            <ymin>206</ymin>
            <xmax>203</xmax>
            <ymax>206</ymax>
        </bndbox>
    </object>
    <object>
        <name>17</name>
        <difficult>0</difficult>
        <keypoints>
            <x1>90</x1>
            <y1>173</y1>
            <v1>2</v1>
        </keypoints>
        <bndbox>
            <xmin>90</xmin>
            <ymin>173</ymin>
            <xmax>90</xmax>
            <ymax>173</ymax>
        </bndbox>
    </object>
    <object>
        <name>16</name>
        <difficult>0</difficult>
        <keypoints>
            <x1>122</x1>
            <y1>165</y1>
            <v1>2</v1>
        </keypoints>
        <bndbox>
            <xmin>122</xmin>
            <ymin>165</ymin>
            <xmax>122</xmax>
            <ymax>165</ymax>
        </bndbox>
    </object>
    <object>
        <name>14</name>
        <difficult>0</difficult>
        <keypoints>
            <x1>84</x1>
            <y1>145</y1>
            <v1>2</v1>
        </keypoints>
        <bndbox>
            <xmin>84</xmin>
            <ymin>145</ymin>
            <xmax>84</xmax>
            <ymax>145</ymax>
        </bndbox>
    </object>
    <object>
        <name>13</name>
        <difficult>0</difficult>
        <keypoints>
            <x1>43</x1>
            <y1>124</y1>
            <v1>2</v1>
        </keypoints>
        <bndbox>
            <xmin>43</xmin>
            <ymin>124</ymin>
            <xmax>43</xmax>
            <ymax>124</ymax>
        </bndbox>
    </object>
</annotation>