<annotation>
    <folder>JPEGImages</folder>
    <filename>Leicester 0 - [3] Liverpool.mp4_frame_102.jpg</filename>
    <size>
        <width>320</width>
        <height>320</height>
        <depth>3</depth>
    </size>
    <object>
        <name>28</name>
        <difficult>0</difficult>
        <keypoints>
            <x1>174</x1>
            <y1>156</y1>
            <v1>2</v1>
        </keypoints>
        <bndbox>
            <xmin>174</xmin>
            <ymin>156</ymin>
            <xmax>174</xmax>
            <ymax>156</ymax>
        </bndbox>
    </object>
    <object>
        <name>27</name>
        <difficult>0</difficult>
        <keypoints>
            <x1>119</x1>
            <y1>122</y1>
            <v1>2</v1>
        </keypoints>
        <bndbox>
            <xmin>119</xmin>
            <ymin>122</ymin>
            <xmax>119</xmax>
            <ymax>122</ymax>
        </bndbox>
    </object>
    <object>
        <name>21</name>
        <difficult>0</difficult>
        <keypoints>
            <x1>242</x1>
            <y1>201</y1>
            <v1>2</v1>
        </keypoints>
        <bndbox>
            <xmin>242</xmin>
            <ymin>201</ymin>
            <xmax>242</xmax>
            <ymax>201</ymax>
        </bndbox>
    </object>
    <object>
        <name>19</name>
        <difficult>0</difficult>
        <keypoints>
            <x1>264</x1>
            <y1>147</y1>
            <v1>2</v1>
        </keypoints>
        <bndbox>
            <xmin>264</xmin>
            <ymin>147</ymin>
            <xmax>264</xmax>
            <ymax>147</ymax>
        </bndbox>
    </object>
    <object>
        <name>18</name>
        <difficult>0</difficult>
        <keypoints>
            <x1>300</x1>
            <y1>139</y1>
            <v1>2</v1>
        </keypoints>
        <bndbox>
            <xmin>300</xmin>
            <ymin>139</ymin>
            <xmax>300</xmax>
            <ymax>139</ymax>
        </bndbox>
    </object>
    <object>
        <name>17</name>
        <difficult>0</difficult>
        <keypoints>
            <x1>185</x1>
            <y1>106</y1>
            <v1>2</v1>
        </keypoints>
        <bndbox>
            <xmin>185</xmin>
            <ymin>106</ymin>
            <xmax>185</xmax>
            <ymax>106</ymax>
        </bndbox>
    </object>
    <object>
        <name>16</name>
        <difficult>0</difficult>
        <keypoints>
            <x1>216</x1>
            <y1>102</y1>
            <v1>2</v1>
        </keypoints>
        <bndbox>
            <xmin>216</xmin>
            <ymin>102</ymin>
            <xmax>216</xmax>
            <ymax>102</ymax>
        </bndbox>
    </object>
    <object>
        <name>15</name>
        <difficult>0</difficult>
        <keypoints>
            <x1>83</x1>
            <y1>99</y1>
            <v1>2</v1>
        </keypoints>
        <bndbox>
            <xmin>83</xmin>
            <ymin>99</ymin>
            <xmax>83</xmax>
            <ymax>99</ymax>
        </bndbox>
    </object>
    <object>
        <name>14</name>
        <difficult>0</difficult>
        <keypoints>
            <x1>177</x1>
            <y1>86</y1>
            <v1>2</v1>
        </keypoints>
        <bndbox>
            <xmin>177</xmin>
            <ymin>86</ymin>
            <xmax>177</xmax>
            <ymax>86</ymax>
        </bndbox>
    </object>
    <object>
        <name>13</name>
        <difficult>0</difficult>
        <keypoints>
            <x1>139</x1>
            <y1>68</y1>
            <v1>2</v1>
        </keypoints>
        <bndbox>
            <xmin>139</xmin>
            <ymin>68</ymin>
            <xmax>139</xmax>
            <ymax>68</ymax>
        </bndbox>
    </object>
</annotation>