<annotation>
    <folder>JPEGImages</folder>
    <filename>Leicester 0 - [3] Liverpool.mp4_frame_80.jpg</filename>
    <size>
        <width>320</width>
        <height>320</height>
        <depth>3</depth>
    </size>
    <object>
        <name>28</name>
        <difficult>0</difficult>
        <keypoints>
            <x1>189</x1>
            <y1>150</y1>
            <v1>2</v1>
        </keypoints>
        <bndbox>
            <xmin>189</xmin>
            <ymin>150</ymin>
            <xmax>189</xmax>
            <ymax>150</ymax>
        </bndbox>
    </object>
    <object>
        <name>27</name>
        <difficult>0</difficult>
        <keypoints>
            <x1>135</x1>
            <y1>118</y1>
            <v1>2</v1>
        </keypoints>
        <bndbox>
            <xmin>135</xmin>
            <ymin>118</ymin>
            <xmax>135</xmax>
            <ymax>118</ymax>
        </bndbox>
    </object>
    <object>
        <name>21</name>
        <difficult>0</difficult>
        <keypoints>
            <x1>255</x1>
            <y1>195</y1>
            <v1>2</v1>
        </keypoints>
        <bndbox>
            <xmin>255</xmin>
            <ymin>195</ymin>
            <xmax>255</xmax>
            <ymax>195</ymax>
        </bndbox>
    </object>
    <object>
        <name>19</name>
        <difficult>0</difficult>
        <keypoints>
            <x1>277</x1>
            <y1>142</y1>
            <v1>2</v1>
        </keypoints>
        <bndbox>
            <xmin>277</xmin>
            <ymin>142</ymin>
            <xmax>277</xmax>
            <ymax>142</ymax>
        </bndbox>
    </object>
    <object>
        <name>18</name>
        <difficult>0</difficult>
        <keypoints>
            <x1>313</x1>
            <y1>136</y1>
            <v1>2</v1>
        </keypoints>
        <bndbox>
            <xmin>313</xmin>
            <ymin>136</ymin>
            <xmax>313</xmax>
            <ymax>136</ymax>
        </bndbox>
    </object>
    <object>
        <name>17</name>
        <difficult>0</difficult>
        <keypoints>
            <x1>201</x1>
            <y1>104</y1>
            <v1>2</v1>
        </keypoints>
        <bndbox>
            <xmin>201</xmin>
            <ymin>104</ymin>
            <xmax>201</xmax>
            <ymax>104</ymax>
        </bndbox>
    </object>
    <object>
        <name>16</name>
        <difficult>0</difficult>
        <keypoints>
            <x1>230</x1>
            <y1>99</y1>
            <v1>2</v1>
        </keypoints>
        <bndbox>
            <xmin>230</xmin>
            <ymin>99</ymin>
            <xmax>230</xmax>
            <ymax>99</ymax>
        </bndbox>
    </object>
    <object>
        <name>15</name>
        <difficult>0</difficult>
        <keypoints>
            <x1>102</x1>
            <y1>94</y1>
            <v1>2</v1>
        </keypoints>
        <bndbox>
            <xmin>102</xmin>
            <ymin>94</ymin>
            <xmax>102</xmax>
            <ymax>94</ymax>
        </bndbox>
    </object>
    <object>
        <name>14</name>
        <difficult>0</difficult>
        <keypoints>
            <x1>193</x1>
            <y1>83</y1>
            <v1>2</v1>
        </keypoints>
        <bndbox>
            <xmin>193</xmin>
            <ymin>83</ymin>
            <xmax>193</xmax>
            <ymax>83</ymax>
        </bndbox>
    </object>
    <object>
        <name>13</name>
        <difficult>0</difficult>
        <keypoints>
            <x1>156</x1>
            <y1>66</y1>
            <v1>2</v1>
        </keypoints>
        <bndbox>
            <xmin>156</xmin>
            <ymin>66</ymin>
            <xmax>156</xmax>
            <ymax>66</ymax>
        </bndbox>
    </object>
</annotation>