<annotation>
    <folder>JPEGImages</folder>
    <filename>Leicester 0 - [3] Liverpool.mp4_frame_105.jpg</filename>
    <size>
        <width>320</width>
        <height>320</height>
        <depth>3</depth>
    </size>
    <object>
        <name>28</name>
        <difficult>0</difficult>
        <keypoints>
            <x1>173</x1>
            <y1>157</y1>
            <v1>2</v1>
        </keypoints>
        <bndbox>
            <xmin>173</xmin>
            <ymin>157</ymin>
            <xmax>173</xmax>
            <ymax>157</ymax>
        </bndbox>
    </object>
    <object>
        <name>27</name>
        <difficult>0</difficult>
        <keypoints>
            <x1>117</x1>
            <y1>122</y1>
            <v1>2</v1>
        </keypoints>
        <bndbox>
            <xmin>117</xmin>
            <ymin>122</ymin>
            <xmax>117</xmax>
            <ymax>122</ymax>
        </bndbox>
    </object>
    <object>
        <name>21</name>
        <difficult>0</difficult>
        <keypoints>
            <x1>241</x1>
            <y1>202</y1>
            <v1>2</v1>
        </keypoints>
        <bndbox>
            <xmin>241</xmin>
            <ymin>202</ymin>
            <xmax>241</xmax>
            <ymax>202</ymax>
        </bndbox>
    </object>
    <object>
        <name>19</name>
        <difficult>0</difficult>
        <keypoints>
            <x1>263</x1>
            <y1>146</y1>
            <v1>2</v1>
        </keypoints>
        <bndbox>
            <xmin>263</xmin>
            <ymin>146</ymin>
            <xmax>263</xmax>
            <ymax>146</ymax>
        </bndbox>
    </object>
    <object>
        <name>18</name>
        <difficult>0</difficult>
        <keypoints>
            <x1>299</x1>
            <y1>140</y1>
            <v1>2</v1>
        </keypoints>
        <bndbox>
            <xmin>299</xmin>
            <ymin>140</ymin>
            <xmax>299</xmax>
            <ymax>140</ymax>
        </bndbox>
    </object>
    <object>
        <name>17</name>
        <difficult>0</difficult>
        <keypoints>
            <x1>184</x1>
            <y1>108</y1>
            <v1>2</v1>
        </keypoints>
        <bndbox>
            <xmin>184</xmin>
            <ymin>108</ymin>
            <xmax>184</xmax>
            <ymax>108</ymax>
        </bndbox>
    </object>
    <object>
        <name>16</name>
        <difficult>0</difficult>
        <keypoints>
            <x1>214</x1>
            <y1>104</y1>
            <v1>2</v1>
        </keypoints>
        <bndbox>
            <xmin>214</xmin>
            <ymin>104</ymin>
            <xmax>214</xmax>
            <ymax>104</ymax>
        </bndbox>
    </object>
    <object>
        <name>15</name>
        <difficult>0</difficult>
        <keypoints>
            <x1>81</x1>
            <y1>99</y1>
            <v1>2</v1>
        </keypoints>
        <bndbox>
            <xmin>81</xmin>
            <ymin>99</ymin>
            <xmax>81</xmax>
            <ymax>99</ymax>
        </bndbox>
    </object>
    <object>
        <name>14</name>
        <difficult>0</difficult>
        <keypoints>
            <x1>176</x1>
            <y1>86</y1>
            <v1>2</v1>
        </keypoints>
        <bndbox>
            <xmin>176</xmin>
            <ymin>86</ymin>
            <xmax>176</xmax>
            <ymax>86</ymax>
        </bndbox>
    </object>
    <object>
        <name>13</name>
        <difficult>0</difficult>
        <keypoints>
            <x1>137</x1>
            <y1>69</y1>
            <v1>2</v1>
        </keypoints>
        <bndbox>
            <xmin>137</xmin>
            <ymin>69</ymin>
            <xmax>137</xmax>
            <ymax>69</ymax>
        </bndbox>
    </object>
</annotation>