<annotation>
    <folder>JPEGImages</folder>
    <filename>Leicester 0 - [3] Liverpool.mp4_frame_30.jpg</filename>
    <size>
        <width>320</width>
        <height>320</height>
        <depth>3</depth>
    </size>
    <object>
        <name>28</name>
        <difficult>0</difficult>
        <keypoints>
            <x1>198</x1>
            <y1>148</y1>
            <v1>2</v1>
        </keypoints>
        <bndbox>
            <xmin>198</xmin>
            <ymin>148</ymin>
            <xmax>198</xmax>
            <ymax>148</ymax>
        </bndbox>
    </object>
    <object>
        <name>27</name>
        <difficult>0</difficult>
        <keypoints>
            <x1>144</x1>
            <y1>113</y1>
            <v1>2</v1>
        </keypoints>
        <bndbox>
            <xmin>144</xmin>
            <ymin>113</ymin>
            <xmax>144</xmax>
            <ymax>113</ymax>
        </bndbox>
    </object>
    <object>
        <name>21</name>
        <difficult>0</difficult>
        <keypoints>
            <x1>265</x1>
            <y1>192</y1>
            <v1>2</v1>
        </keypoints>
        <bndbox>
            <xmin>265</xmin>
            <ymin>192</ymin>
            <xmax>265</xmax>
            <ymax>192</ymax>
        </bndbox>
    </object>
    <object>
        <name>19</name>
        <difficult>0</difficult>
        <keypoints>
            <x1>287</x1>
            <y1>139</y1>
            <v1>2</v1>
        </keypoints>
        <bndbox>
            <xmin>287</xmin>
            <ymin>139</ymin>
            <xmax>287</xmax>
            <ymax>139</ymax>
        </bndbox>
    </object>
    <object>
        <name>17</name>
        <difficult>0</difficult>
        <keypoints>
            <x1>209</x1>
            <y1>100</y1>
            <v1>2</v1>
        </keypoints>
        <bndbox>
            <xmin>209</xmin>
            <ymin>100</ymin>
            <xmax>209</xmax>
            <ymax>100</ymax>
        </bndbox>
    </object>
    <object>
        <name>16</name>
        <difficult>0</difficult>
        <keypoints>
            <x1>239</x1>
            <y1>95</y1>
            <v1>2</v1>
        </keypoints>
        <bndbox>
            <xmin>239</xmin>
            <ymin>95</ymin>
            <xmax>239</xmax>
            <ymax>95</ymax>
        </bndbox>
    </object>
    <object>
        <name>15</name>
        <difficult>0</difficult>
        <keypoints>
            <x1>110</x1>
            <y1>91</y1>
            <v1>2</v1>
        </keypoints>
        <bndbox>
            <xmin>110</xmin>
            <ymin>91</ymin>
            <xmax>110</xmax>
            <ymax>91</ymax>
        </bndbox>
    </object>
    <object>
        <name>14</name>
        <difficult>0</difficult>
        <keypoints>
            <x1>202</x1>
            <y1>80</y1>
            <v1>2</v1>
        </keypoints>
        <bndbox>
            <xmin>202</xmin>
            <ymin>80</ymin>
            <xmax>202</xmax>
            <ymax>80</ymax>
        </bndbox>
    </object>
    <object>
        <name>13</name>
        <difficult>0</difficult>
        <keypoints>
            <x1>164</x1>
            <y1>63</y1>
            <v1>2</v1>
        </keypoints>
        <bndbox>
            <xmin>164</xmin>
            <ymin>63</ymin>
            <xmax>164</xmax>
            <ymax>63</ymax>
        </bndbox>
    </object>
</annotation>