<annotation>
    <folder>JPEGImages</folder>
    <filename>Leicester 0 - [3] Liverpool.mp4_frame_110.jpg</filename>
    <size>
        <width>320</width>
        <height>320</height>
        <depth>3</depth>
    </size>
    <object>
        <name>28</name>
        <difficult>0</difficult>
        <keypoints>
            <x1>168</x1>
            <y1>159</y1>
            <v1>2</v1>
        </keypoints>
        <bndbox>
            <xmin>168</xmin>
            <ymin>159</ymin>
            <xmax>168</xmax>
            <ymax>159</ymax>
        </bndbox>
    </object>
    <object>
        <name>27</name>
        <difficult>0</difficult>
        <keypoints>
            <x1>112</x1>
            <y1>124</y1>
            <v1>2</v1>
        </keypoints>
        <bndbox>
            <xmin>112</xmin>
            <ymin>124</ymin>
            <xmax>112</xmax>
            <ymax>124</ymax>
        </bndbox>
    </object>
    <object>
        <name>21</name>
        <difficult>0</difficult>
        <keypoints>
            <x1>236</x1>
            <y1>204</y1>
            <v1>2</v1>
        </keypoints>
        <bndbox>
            <xmin>236</xmin>
            <ymin>204</ymin>
            <xmax>236</xmax>
            <ymax>204</ymax>
        </bndbox>
    </object>
    <object>
        <name>19</name>
        <difficult>0</difficult>
        <keypoints>
            <x1>260</x1>
            <y1>148</y1>
            <v1>2</v1>
        </keypoints>
        <bndbox>
            <xmin>260</xmin>
            <ymin>148</ymin>
            <xmax>260</xmax>
            <ymax>148</ymax>
        </bndbox>
    </object>
    <object>
        <name>18</name>
        <difficult>0</difficult>
        <keypoints>
            <x1>298</x1>
            <y1>141</y1>
            <v1>2</v1>
        </keypoints>
        <bndbox>
            <xmin>298</xmin>
            <ymin>141</ymin>
            <xmax>298</xmax>
            <ymax>141</ymax>
        </bndbox>
    </object>
    <object>
        <name>17</name>
        <difficult>0</difficult>
        <keypoints>
            <x1>178</x1>
            <y1>108</y1>
            <v1>2</v1>
        </keypoints>
        <bndbox>
            <xmin>178</xmin>
            <ymin>108</ymin>
            <xmax>178</xmax>
            <ymax>108</ymax>
        </bndbox>
    </object>
    <object>
        <name>16</name>
        <difficult>0</difficult>
        <keypoints>
            <x1>210</x1>
            <y1>104</y1>
            <v1>2</v1>
        </keypoints>
        <bndbox>
            <xmin>210</xmin>
            <ymin>104</ymin>
            <xmax>210</xmax>
            <ymax>104</ymax>
        </bndbox>
    </object>
    <object>
        <name>15</name>
        <difficult>0</difficult>
        <keypoints>
            <x1>74</x1>
            <y1>100</y1>
            <v1>2</v1>
        </keypoints>
        <bndbox>
            <xmin>74</xmin>
            <ymin>100</ymin>
            <xmax>74</xmax>
            <ymax>100</ymax>
        </bndbox>
    </object>
    <object>
        <name>14</name>
        <difficult>0</difficult>
        <keypoints>
            <x1>171</x1>
            <y1>87</y1>
            <v1>2</v1>
        </keypoints>
        <bndbox>
            <xmin>171</xmin>
            <ymin>87</ymin>
            <xmax>171</xmax>
            <ymax>87</ymax>
        </bndbox>
    </object>
    <object>
        <name>13</name>
        <difficult>0</difficult>
        <keypoints>
            <x1>133</x1>
            <y1>70</y1>
            <v1>2</v1>
        </keypoints>
        <bndbox>
            <xmin>133</xmin>
            <ymin>70</ymin>
            <xmax>133</xmax>
            <ymax>70</ymax>
        </bndbox>
    </object>
</annotation>