<annotation>
    <folder>JPEGImages</folder>
    <filename>Leicester 0 - [3] Liverpool.mp4_frame_180.jpg</filename>
    <size>
        <width>320</width>
        <height>320</height>
        <depth>3</depth>
    </size>
    <object>
        <name>28</name>
        <difficult>0</difficult>
        <keypoints>
            <x1>81</x1>
            <y1>179</y1>
            <v1>2</v1>
        </keypoints>
        <bndbox>
            <xmin>81</xmin>
            <ymin>179</ymin>
            <xmax>81</xmax>
            <ymax>179</ymax>
        </bndbox>
    </object>
    <object>
        <name>27</name>
        <difficult>0</difficult>
        <keypoints>
            <x1>6</x1>
            <y1>135</y1>
            <v1>2</v1>
        </keypoints>
        <bndbox>
            <xmin>6</xmin>
            <ymin>135</ymin>
            <xmax>6</xmax>
            <ymax>135</ymax>
        </bndbox>
    </object>
    <object>
        <name>21</name>
        <difficult>0</difficult>
        <keypoints>
            <x1>169</x1>
            <y1>232</y1>
            <v1>2</v1>
        </keypoints>
        <bndbox>
            <xmin>169</xmin>
            <ymin>232</ymin>
            <xmax>169</xmax>
            <ymax>232</ymax>
        </bndbox>
    </object>
    <object>
        <name>19</name>
        <difficult>0</difficult>
        <keypoints>
            <x1>197</x1>
            <y1>160</y1>
            <v1>2</v1>
        </keypoints>
        <bndbox>
            <xmin>197</xmin>
            <ymin>160</ymin>
            <xmax>197</xmax>
            <ymax>160</ymax>
        </bndbox>
    </object>
    <object>
        <name>18</name>
        <difficult>0</difficult>
        <keypoints>
            <x1>240</x1>
            <y1>151</y1>
            <v1>2</v1>
        </keypoints>
        <bndbox>
            <xmin>240</xmin>
            <ymin>151</ymin>
            <xmax>240</xmax>
            <ymax>151</ymax>
        </bndbox>
    </object>
    <object>
        <name>17</name>
        <difficult>0</difficult>
        <keypoints>
            <x1>95</x1>
            <y1>114</y1>
            <v1>2</v1>
        </keypoints>
        <bndbox>
            <xmin>95</xmin>
            <ymin>114</ymin>
            <xmax>95</xmax>
            <ymax>114</ymax>
        </bndbox>
    </object>
    <object>
        <name>16</name>
        <difficult>0</difficult>
        <keypoints>
            <x1>135</x1>
            <y1>108</y1>
            <v1>2</v1>
        </keypoints>
        <bndbox>
            <xmin>135</xmin>
            <ymin>108</ymin>
            <xmax>135</xmax>
            <ymax>108</ymax>
        </bndbox>
    </object>
    <object>
        <name>14</name>
        <difficult>0</difficult>
        <keypoints>
            <x1>85</x1>
            <y1>87</y1>
            <v1>2</v1>
        </keypoints>
        <bndbox>
            <xmin>85</xmin>
            <ymin>87</ymin>
            <xmax>85</xmax>
            <ymax>87</ymax>
        </bndbox>
    </object>
    <object>
        <name>13</name>
        <difficult>0</difficult>
        <keypoints>
            <x1>33</x1>
            <y1>65</y1>
            <v1>2</v1>
        </keypoints>
        <bndbox>
            <xmin>33</xmin>
            <ymin>65</ymin>
            <xmax>33</xmax>
            <ymax>65</ymax>
        </bndbox>
    </object>
</annotation>