<annotation>
    <folder>JPEGImages</folder>
    <filename>Leicester 0 - [3] Liverpool.mp4_frame_101.jpg</filename>
    <size>
        <width>320</width>
        <height>320</height>
        <depth>3</depth>
    </size>
    <object>
        <name>28</name>
        <difficult>0</difficult>
        <keypoints>
            <x1>176</x1>
            <y1>155</y1>
            <v1>2</v1>
        </keypoints>
        <bndbox>
            <xmin>176</xmin>
            <ymin>155</ymin>
            <xmax>176</xmax>
            <ymax>155</ymax>
        </bndbox>
    </object>
    <object>
        <name>27</name>
        <difficult>0</difficult>
        <keypoints>
            <x1>120</x1>
            <y1>121</y1>
            <v1>2</v1>
        </keypoints>
        <bndbox>
            <xmin>120</xmin>
            <ymin>121</ymin>
            <xmax>120</xmax>
            <ymax>121</ymax>
        </bndbox>
    </object>
    <object>
        <name>21</name>
        <difficult>0</difficult>
        <keypoints>
            <x1>242</x1>
            <y1>200</y1>
            <v1>2</v1>
        </keypoints>
        <bndbox>
            <xmin>242</xmin>
            <ymin>200</ymin>
            <xmax>242</xmax>
            <ymax>200</ymax>
        </bndbox>
    </object>
    <object>
        <name>19</name>
        <difficult>0</difficult>
        <keypoints>
            <x1>266</x1>
            <y1>145</y1>
            <v1>2</v1>
        </keypoints>
        <bndbox>
            <xmin>266</xmin>
            <ymin>145</ymin>
            <xmax>266</xmax>
            <ymax>145</ymax>
        </bndbox>
    </object>
    <object>
        <name>18</name>
        <difficult>0</difficult>
        <keypoints>
            <x1>301</x1>
            <y1>139</y1>
            <v1>2</v1>
        </keypoints>
        <bndbox>
            <xmin>301</xmin>
            <ymin>139</ymin>
            <xmax>301</xmax>
            <ymax>139</ymax>
        </bndbox>
    </object>
    <object>
        <name>17</name>
        <difficult>0</difficult>
        <keypoints>
            <x1>186</x1>
            <y1>106</y1>
            <v1>2</v1>
        </keypoints>
        <bndbox>
            <xmin>186</xmin>
            <ymin>106</ymin>
            <xmax>186</xmax>
            <ymax>106</ymax>
        </bndbox>
    </object>
    <object>
        <name>16</name>
        <difficult>0</difficult>
        <keypoints>
            <x1>217</x1>
            <y1>102</y1>
            <v1>2</v1>
        </keypoints>
        <bndbox>
            <xmin>217</xmin>
            <ymin>102</ymin>
            <xmax>217</xmax>
            <ymax>102</ymax>
        </bndbox>
    </object>
    <object>
        <name>15</name>
        <difficult>0</difficult>
        <keypoints>
            <x1>84</x1>
            <y1>98</y1>
            <v1>2</v1>
        </keypoints>
        <bndbox>
            <xmin>84</xmin>
            <ymin>98</ymin>
            <xmax>84</xmax>
            <ymax>98</ymax>
        </bndbox>
    </object>
    <object>
        <name>14</name>
        <difficult>0</difficult>
        <keypoints>
            <x1>179</x1>
            <y1>86</y1>
            <v1>2</v1>
        </keypoints>
        <bndbox>
            <xmin>179</xmin>
            <ymin>86</ymin>
            <xmax>179</xmax>
            <ymax>86</ymax>
        </bndbox>
    </object>
    <object>
        <name>13</name>
        <difficult>0</difficult>
        <keypoints>
            <x1>141</x1>
            <y1>69</y1>
            <v1>2</v1>
        </keypoints>
        <bndbox>
            <xmin>141</xmin>
            <ymin>69</ymin>
            <xmax>141</xmax>
            <ymax>69</ymax>
        </bndbox>
    </object>
</annotation>