<annotation>
    <folder>JPEGImages</folder>
    <filename>Leicester 0 - [3] Liverpool.mp4_frame_220.jpg</filename>
    <size>
        <width>320</width>
        <height>320</height>
        <depth>3</depth>
    </size>
    <object>
        <name>28</name>
        <difficult>0</difficult>
        <keypoints>
            <x1>126</x1>
            <y1>203</y1>
            <v1>2</v1>
        </keypoints>
        <bndbox>
            <xmin>126</xmin>
            <ymin>203</ymin>
            <xmax>126</xmax>
            <ymax>203</ymax>
        </bndbox>
    </object>
    <object>
        <name>27</name>
        <difficult>0</difficult>
        <keypoints>
            <x1>41</x1>
            <y1>152</y1>
            <v1>2</v1>
        </keypoints>
        <bndbox>
            <xmin>41</xmin>
            <ymin>152</ymin>
            <xmax>41</xmax>
            <ymax>152</ymax>
        </bndbox>
    </object>
    <object>
        <name>21</name>
        <difficult>0</difficult>
        <keypoints>
            <x1>227</x1>
            <y1>268</y1>
            <v1>2</v1>
        </keypoints>
        <bndbox>
            <xmin>227</xmin>
            <ymin>268</ymin>
            <xmax>227</xmax>
            <ymax>268</ymax>
        </bndbox>
    </object>
    <object>
        <name>19</name>
        <difficult>0</difficult>
        <keypoints>
            <x1>259</x1>
            <y1>185</y1>
            <v1>2</v1>
        </keypoints>
        <bndbox>
            <xmin>259</xmin>
            <ymin>185</ymin>
            <xmax>259</xmax>
            <ymax>185</ymax>
        </bndbox>
    </object>
    <object>
        <name>18</name>
        <difficult>0</difficult>
        <keypoints>
            <x1>313</x1>
            <y1>174</y1>
            <v1>2</v1>
        </keypoints>
        <bndbox>
            <xmin>313</xmin>
            <ymin>174</ymin>
            <xmax>313</xmax>
            <ymax>174</ymax>
        </bndbox>
    </object>
    <object>
        <name>17</name>
        <difficult>0</difficult>
        <keypoints>
            <x1>142</x1>
            <y1>129</y1>
            <v1>2</v1>
        </keypoints>
        <bndbox>
            <xmin>142</xmin>
            <ymin>129</ymin>
            <xmax>142</xmax>
            <ymax>129</ymax>
        </bndbox>
    </object>
    <object>
        <name>16</name>
        <difficult>0</difficult>
        <keypoints>
            <x1>188</x1>
            <y1>121</y1>
            <v1>2</v1>
        </keypoints>
        <bndbox>
            <xmin>188</xmin>
            <ymin>121</ymin>
            <xmax>188</xmax>
            <ymax>121</ymax>
        </bndbox>
    </object>
    <object>
        <name>14</name>
        <difficult>0</difficult>
        <keypoints>
            <x1>130</x1>
            <y1>97</y1>
            <v1>2</v1>
        </keypoints>
        <bndbox>
            <xmin>130</xmin>
            <ymin>97</ymin>
            <xmax>130</xmax>
            <ymax>97</ymax>
        </bndbox>
    </object>
    <object>
        <name>13</name>
        <difficult>0</difficult>
        <keypoints>
            <x1>72</x1>
            <y1>72</y1>
            <v1>2</v1>
        </keypoints>
        <bndbox>
            <xmin>72</xmin>
            <ymin>72</ymin>
            <xmax>72</xmax>
            <ymax>72</ymax>
        </bndbox>
    </object>
</annotation>