<annotation>
    <folder>JPEGImages</folder>
    <filename>Leicester 0 - [3] Liverpool.mp4_frame_230.jpg</filename>
    <size>
        <width>320</width>
        <height>320</height>
        <depth>3</depth>
    </size>
    <object>
        <name>28</name>
        <difficult>0</difficult>
        <keypoints>
            <x1>126</x1>
            <y1>205</y1>
            <v1>2</v1>
        </keypoints>
        <bndbox>
            <xmin>126</xmin>
            <ymin>205</ymin>
            <xmax>126</xmax>
            <ymax>205</ymax>
        </bndbox>
    </object>
    <object>
        <name>27</name>
        <difficult>0</difficult>
        <keypoints>
            <x1>37</x1>
            <y1>153</y1>
            <v1>2</v1>
        </keypoints>
        <bndbox>
            <xmin>37</xmin>
            <ymin>153</ymin>
            <xmax>37</xmax>
            <ymax>153</ymax>
        </bndbox>
    </object>
    <object>
        <name>21</name>
        <difficult>0</difficult>
        <keypoints>
            <x1>228</x1>
            <y1>271</y1>
            <v1>2</v1>
        </keypoints>
        <bndbox>
            <xmin>228</xmin>
            <ymin>271</ymin>
            <xmax>228</xmax>
            <ymax>271</ymax>
        </bndbox>
    </object>
    <object>
        <name>19</name>
        <difficult>0</difficult>
        <keypoints>
            <x1>262</x1>
            <y1>186</y1>
            <v1>2</v1>
        </keypoints>
        <bndbox>
            <xmin>262</xmin>
            <ymin>186</ymin>
            <xmax>262</xmax>
            <ymax>186</ymax>
        </bndbox>
    </object>
    <object>
        <name>18</name>
        <difficult>0</difficult>
        <keypoints>
            <x1>317</x1>
            <y1>175</y1>
            <v1>2</v1>
        </keypoints>
        <bndbox>
            <xmin>317</xmin>
            <ymin>175</ymin>
            <xmax>317</xmax>
            <ymax>175</ymax>
        </bndbox>
    </object>
    <object>
        <name>17</name>
        <difficult>0</difficult>
        <keypoints>
            <x1>141</x1>
            <y1>128</y1>
            <v1>2</v1>
        </keypoints>
        <bndbox>
            <xmin>141</xmin>
            <ymin>128</ymin>
            <xmax>141</xmax>
            <ymax>128</ymax>
        </bndbox>
    </object>
    <object>
        <name>16</name>
        <difficult>0</difficult>
        <keypoints>
            <x1>188</x1>
            <y1>121</y1>
            <v1>2</v1>
        </keypoints>
        <bndbox>
            <xmin>188</xmin>
            <ymin>121</ymin>
            <xmax>188</xmax>
            <ymax>121</ymax>
        </bndbox>
    </object>
    <object>
        <name>14</name>
        <difficult>0</difficult>
        <keypoints>
            <x1>130</x1>
            <y1>96</y1>
            <v1>2</v1>
        </keypoints>
        <bndbox>
            <xmin>130</xmin>
            <ymin>96</ymin>
            <xmax>130</xmax>
            <ymax>96</ymax>
        </bndbox>
    </object>
    <object>
        <name>13</name>
        <difficult>0</difficult>
        <keypoints>
            <x1>69</x1>
            <y1>69</y1>
            <v1>2</v1>
        </keypoints>
        <bndbox>
            <xmin>69</xmin>
            <ymin>69</ymin>
            <xmax>69</xmax>
            <ymax>69</ymax>
        </bndbox>
    </object>
</annotation>