<annotation>
    <folder>JPEGImages</folder>
    <filename>Liverpool [1] - 0 Everton.mp4_frame_160.jpg</filename>
    <size>
        <width>320</width>
        <height>320</height>
        <depth>3</depth>
    </size>
    <object>
        <name>23</name>
        <difficult>0</difficult>
        <keypoints>
            <x1>27</x1>
            <y1>86</y1>
            <v1>2</v1>
        </keypoints>
        <bndbox>
            <xmin>27</xmin>
            <ymin>86</ymin>
            <xmax>27</xmax>
            <ymax>86</ymax>
        </bndbox>
    </object>
    <object>
        <name>2</name>
        <difficult>0</difficult>
        <keypoints>
            <x1>67</x1>
            <y1>56</y1>
            <v1>2</v1>
        </keypoints>
        <bndbox>
            <xmin>67</xmin>
            <ymin>56</ymin>
            <xmax>67</xmax>
            <ymax>56</ymax>
        </bndbox>
    </object>
</annotation>