<annotation>
    <folder>JPEGImages</folder>
    <filename>Liverpool [1] - 0 Everton.mp4_frame_180.jpg</filename>
    <size>
        <width>320</width>
        <height>320</height>
        <depth>3</depth>
    </size>
    <object>
        <name>24</name>
        <difficult>0</difficult>
        <keypoints>
            <x1>54</x1>
            <y1>138</y1>
            <v1>2</v1>
        </keypoints>
        <bndbox>
            <xmin>54</xmin>
            <ymin>138</ymin>
            <xmax>54</xmax>
            <ymax>138</ymax>
        </bndbox>
    </object>
    <object>
        <name>23</name>
        <difficult>0</difficult>
        <keypoints>
            <x1>114</x1>
            <y1>94</y1>
            <v1>2</v1>
        </keypoints>
        <bndbox>
            <xmin>114</xmin>
            <ymin>94</ymin>
            <xmax>114</xmax>
            <ymax>94</ymax>
        </bndbox>
    </object>
    <object>
        <name>4</name>
        <difficult>0</difficult>
        <keypoints>
            <x1>37</x1>
            <y1>78</y1>
            <v1>2</v1>
        </keypoints>
        <bndbox>
            <xmin>37</xmin>
            <ymin>78</ymin>
            <xmax>37</xmax>
            <ymax>78</ymax>
        </bndbox>
    </object>
    <object>
        <name>3</name>
        <difficult>0</difficult>
        <keypoints>
            <x1>2</x1>
            <y1>72</y1>
            <v1>2</v1>
        </keypoints>
        <bndbox>
            <xmin>2</xmin>
            <ymin>72</ymin>
            <xmax>2</xmax>
            <ymax>72</ymax>
        </bndbox>
    </object>
    <object>
        <name>2</name>
        <difficult>0</difficult>
        <keypoints>
            <x1>150</x1>
            <y1>64</y1>
            <v1>2</v1>
        </keypoints>
        <bndbox>
            <xmin>150</xmin>
            <ymin>64</ymin>
            <xmax>150</xmax>
            <ymax>64</ymax>
        </bndbox>
    </object>
    <object>
        <name>1</name>
        <difficult>0</difficult>
        <keypoints>
            <x1>46</x1>
            <y1>52</y1>
            <v1>2</v1>
        </keypoints>
        <bndbox>
            <xmin>46</xmin>
            <ymin>52</ymin>
            <xmax>46</xmax>
            <ymax>52</ymax>
        </bndbox>
    </object>
    <object>
        <name>0</name>
        <difficult>0</difficult>
        <keypoints>
            <x1>89</x1>
            <y1>30</y1>
            <v1>2</v1>
        </keypoints>
        <bndbox>
            <xmin>89</xmin>
            <ymin>30</ymin>
            <xmax>89</xmax>
            <ymax>30</ymax>
        </bndbox>
    </object>
</annotation>