<annotation>
    <folder>JPEGImages</folder>
    <filename>Liverpool [1] - 0 Everton.mp4_frame_250.jpg</filename>
    <size>
        <width>320</width>
        <height>320</height>
        <depth>3</depth>
    </size>
    <object>
        <name>24</name>
        <difficult>0</difficult>
        <keypoints>
            <x1>224</x1>
            <y1>196</y1>
            <v1>2</v1>
        </keypoints>
        <bndbox>
            <xmin>224</xmin>
            <ymin>196</ymin>
            <xmax>224</xmax>
            <ymax>196</ymax>
        </bndbox>
    </object>
    <object>
        <name>23</name>
        <difficult>0</difficult>
        <keypoints>
            <x1>301</x1>
            <y1>146</y1>
            <v1>2</v1>
        </keypoints>
        <bndbox>
            <xmin>301</xmin>
            <ymin>146</ymin>
            <xmax>301</xmax>
            <ymax>146</ymax>
        </bndbox>
    </object>
    <object>
        <name>8</name>
        <difficult>0</difficult>
        <keypoints>
            <x1>132</x1>
            <y1>258</y1>
            <v1>2</v1>
        </keypoints>
        <bndbox>
            <xmin>132</xmin>
            <ymin>258</ymin>
            <xmax>132</xmax>
            <ymax>258</ymax>
        </bndbox>
    </object>
    <object>
        <name>6</name>
        <difficult>0</difficult>
        <keypoints>
            <x1>103</x1>
            <y1>176</y1>
            <v1>2</v1>
        </keypoints>
        <bndbox>
            <xmin>103</xmin>
            <ymin>176</ymin>
            <xmax>103</xmax>
            <ymax>176</ymax>
        </bndbox>
    </object>
    <object>
        <name>5</name>
        <difficult>0</difficult>
        <keypoints>
            <x1>56</x1>
            <y1>164</y1>
            <v1>2</v1>
        </keypoints>
        <bndbox>
            <xmin>56</xmin>
            <ymin>164</ymin>
            <xmax>56</xmax>
            <ymax>164</ymax>
        </bndbox>
    </object>
    <object>
        <name>4</name>
        <difficult>0</difficult>
        <keypoints>
            <x1>208</x1>
            <y1>122</y1>
            <v1>2</v1>
        </keypoints>
        <bndbox>
            <xmin>208</xmin>
            <ymin>122</ymin>
            <xmax>208</xmax>
            <ymax>122</ymax>
        </bndbox>
    </object>
    <object>
        <name>3</name>
        <difficult>0</difficult>
        <keypoints>
            <x1>167</x1>
            <y1>114</y1>
            <v1>2</v1>
        </keypoints>
        <bndbox>
            <xmin>167</xmin>
            <ymin>114</ymin>
            <xmax>167</xmax>
            <ymax>114</ymax>
        </bndbox>
    </object>
    <object>
        <name>1</name>
        <difficult>0</difficult>
        <keypoints>
            <x1>218</x1>
            <y1>91</y1>
            <v1>2</v1>
        </keypoints>
        <bndbox>
            <xmin>218</xmin>
            <ymin>91</ymin>
            <xmax>218</xmax>
            <ymax>91</ymax>
        </bndbox>
    </object>
    <object>
        <name>0</name>
        <difficult>0</difficult>
        <keypoints>
            <x1>270</x1>
            <y1>66</y1>
            <v1>2</v1>
        </keypoints>
        <bndbox>
            <xmin>270</xmin>
            <ymin>66</ymin>
            <xmax>270</xmax>
            <ymax>66</ymax>
        </bndbox>
    </object>
</annotation>