<annotation>
    <folder>JPEGImages</folder>
    <filename>Liverpool [2] - 0 Manchester City.mp4_frame_180.jpg</filename>
    <size>
        <width>320</width>
        <height>320</height>
        <depth>3</depth>
    </size>
    <object>
        <name>26</name>
        <difficult>0</difficult>
        <keypoints>
            <x1>52</x1>
            <y1>266</y1>
            <v1>2</v1>
        </keypoints>
        <bndbox>
            <xmin>52</xmin>
            <ymin>266</ymin>
            <xmax>52</xmax>
            <ymax>266</ymax>
        </bndbox>
    </object>
    <object>
        <name>25</name>
        <difficult>0</difficult>
        <keypoints>
            <x1>50</x1>
            <y1>169</y1>
            <v1>2</v1>
        </keypoints>
        <bndbox>
            <xmin>50</xmin>
            <ymin>169</ymin>
            <xmax>50</xmax>
            <ymax>169</ymax>
        </bndbox>
    </object>
    <object>
        <name>11</name>
        <difficult>0</difficult>
        <keypoints>
            <x1>50</x1>
            <y1>210</y1>
            <v1>2</v1>
        </keypoints>
        <bndbox>
            <xmin>50</xmin>
            <ymin>210</ymin>
            <xmax>50</xmax>
            <ymax>210</ymax>
        </bndbox>
    </object>
    <object>
        <name>10</name>
        <difficult>0</difficult>
        <keypoints>
            <x1>48</x1>
            <y1>94</y1>
            <v1>2</v1>
        </keypoints>
        <bndbox>
            <xmin>48</xmin>
            <ymin>94</ymin>
            <xmax>48</xmax>
            <ymax>94</ymax>
        </bndbox>
    </object>
</annotation>