<annotation>
    <folder>JPEGImages</folder>
    <filename>Liverpool [1] - 0 Everton.mp4_frame_100.jpg</filename>
    <size>
        <width>320</width>
        <height>320</height>
        <depth>3</depth>
    </size>
    <object>
        <name>26</name>
        <difficult>0</difficult>
        <keypoints>
            <x1>107</x1>
            <y1>183</y1>
            <v1>2</v1>
        </keypoints>
        <bndbox>
            <xmin>107</xmin>
            <ymin>183</ymin>
            <xmax>107</xmax>
            <ymax>183</ymax>
        </bndbox>
    </object>
    <object>
        <name>25</name>
        <difficult>0</difficult>
        <keypoints>
            <x1>106</x1>
            <y1>105</y1>
            <v1>2</v1>
        </keypoints>
        <bndbox>
            <xmin>106</xmin>
            <ymin>105</ymin>
            <xmax>106</xmax>
            <ymax>105</ymax>
        </bndbox>
    </object>
    <object>
        <name>11</name>
        <difficult>0</difficult>
        <keypoints>
            <x1>107</x1>
            <y1>139</y1>
            <v1>2</v1>
        </keypoints>
        <bndbox>
            <xmin>107</xmin>
            <ymin>139</ymin>
            <xmax>107</xmax>
            <ymax>139</ymax>
        </bndbox>
    </object>
    <object>
        <name>10</name>
        <difficult>0</difficult>
        <keypoints>
            <x1>105</x1>
            <y1>44</y1>
            <v1>2</v1>
        </keypoints>
        <bndbox>
            <xmin>105</xmin>
            <ymin>44</ymin>
            <xmax>105</xmax>
            <ymax>44</ymax>
        </bndbox>
    </object>
</annotation>