<annotation>
    <folder>JPEGImages</folder>
    <filename>Liverpool [2] - 0 Manchester City.mp4_frame_120.jpg</filename>
    <size>
        <width>320</width>
        <height>320</height>
        <depth>3</depth>
    </size>
    <object>
        <name>26</name>
        <difficult>0</difficult>
        <keypoints>
            <x1>103</x1>
            <y1>266</y1>
            <v1>2</v1>
        </keypoints>
        <bndbox>
            <xmin>103</xmin>
            <ymin>266</ymin>
            <xmax>103</xmax>
            <ymax>266</ymax>
        </bndbox>
    </object>
    <object>
        <name>25</name>
        <difficult>0</difficult>
        <keypoints>
            <x1>102</x1>
            <y1>169</y1>
            <v1>2</v1>
        </keypoints>
        <bndbox>
            <xmin>102</xmin>
            <ymin>169</ymin>
            <xmax>102</xmax>
            <ymax>169</ymax>
        </bndbox>
    </object>
    <object>
        <name>11</name>
        <difficult>0</difficult>
        <keypoints>
            <x1>103</x1>
            <y1>211</y1>
            <v1>2</v1>
        </keypoints>
        <bndbox>
            <xmin>103</xmin>
            <ymin>211</ymin>
            <xmax>103</xmax>
            <ymax>211</ymax>
        </bndbox>
    </object>
    <object>
        <name>10</name>
        <difficult>0</difficult>
        <keypoints>
            <x1>101</x1>
            <y1>95</y1>
            <v1>2</v1>
        </keypoints>
        <bndbox>
            <xmin>101</xmin>
            <ymin>95</ymin>
            <xmax>101</xmax>
            <ymax>95</ymax>
        </bndbox>
    </object>
</annotation>