<annotation>
    <folder>JPEGImages</folder>
    <filename>Liverpool [2] - 0 Manchester City.mp4_frame_370.jpg</filename>
    <size>
        <width>320</width>
        <height>320</height>
        <depth>3</depth>
    </size>
    <object>
        <name>24</name>
        <difficult>0</difficult>
        <keypoints>
            <x1>236</x1>
            <y1>218</y1>
            <v1>2</v1>
        </keypoints>
        <bndbox>
            <xmin>236</xmin>
            <ymin>218</ymin>
            <xmax>236</xmax>
            <ymax>218</ymax>
        </bndbox>
    </object>
    <object>
        <name>23</name>
        <difficult>0</difficult>
        <keypoints>
            <x1>319</x1>
            <y1>165</y1>
            <v1>2</v1>
        </keypoints>
        <bndbox>
            <xmin>319</xmin>
            <ymin>165</ymin>
            <xmax>319</xmax>
            <ymax>165</ymax>
        </bndbox>
    </object>
    <object>
        <name>8</name>
        <difficult>0</difficult>
        <keypoints>
            <x1>134</x1>
            <y1>286</y1>
            <v1>2</v1>
        </keypoints>
        <bndbox>
            <xmin>134</xmin>
            <ymin>286</ymin>
            <xmax>134</xmax>
            <ymax>286</ymax>
        </bndbox>
    </object>
    <object>
        <name>6</name>
        <difficult>0</difficult>
        <keypoints>
            <x1>103</x1>
            <y1>194</y1>
            <v1>2</v1>
        </keypoints>
        <bndbox>
            <xmin>103</xmin>
            <ymin>194</ymin>
            <xmax>103</xmax>
            <ymax>194</ymax>
        </bndbox>
    </object>
    <object>
        <name>5</name>
        <difficult>0</difficult>
        <keypoints>
            <x1>52</x1>
            <y1>182</y1>
            <v1>2</v1>
        </keypoints>
        <bndbox>
            <xmin>52</xmin>
            <ymin>182</ymin>
            <xmax>52</xmax>
            <ymax>182</ymax>
        </bndbox>
    </object>
    <object>
        <name>4</name>
        <difficult>0</difficult>
        <keypoints>
            <x1>218</x1>
            <y1>138</y1>
            <v1>2</v1>
        </keypoints>
        <bndbox>
            <xmin>218</xmin>
            <ymin>138</ymin>
            <xmax>218</xmax>
            <ymax>138</ymax>
        </bndbox>
    </object>
    <object>
        <name>3</name>
        <difficult>0</difficult>
        <keypoints>
            <x1>172</x1>
            <y1>127</y1>
            <v1>2</v1>
        </keypoints>
        <bndbox>
            <xmin>172</xmin>
            <ymin>127</ymin>
            <xmax>172</xmax>
            <ymax>127</ymax>
        </bndbox>
    </object>
    <object>
        <name>1</name>
        <difficult>0</difficult>
        <keypoints>
            <x1>228</x1>
            <y1>104</y1>
            <v1>2</v1>
        </keypoints>
        <bndbox>
            <xmin>228</xmin>
            <ymin>104</ymin>
            <xmax>228</xmax>
            <ymax>104</ymax>
        </bndbox>
    </object>
    <object>
        <name>0</name>
        <difficult>0</difficult>
        <keypoints>
            <x1>287</x1>
            <y1>77</y1>
            <v1>2</v1>
        </keypoints>
        <bndbox>
            <xmin>287</xmin>
            <ymin>77</ymin>
            <xmax>287</xmax>
            <ymax>77</ymax>
        </bndbox>
    </object>
</annotation>