<annotation>
    <folder>JPEGImages</folder>
    <filename>Liverpool [2] - 0 Manchester City.mp4_frame_220.jpg</filename>
    <size>
        <width>320</width>
        <height>320</height>
        <depth>3</depth>
    </size>
    <object>
        <name>26</name>
        <difficult>0</difficult>
        <keypoints>
            <x1>169</x1>
            <y1>186</y1>
            <v1>2</v1>
        </keypoints>
        <bndbox>
            <xmin>169</xmin>
            <ymin>186</ymin>
            <xmax>169</xmax>
            <ymax>186</ymax>
        </bndbox>
    </object>
    <object>
        <name>25</name>
        <difficult>0</difficult>
        <keypoints>
            <x1>170</x1>
            <y1>110</y1>
            <v1>2</v1>
        </keypoints>
        <bndbox>
            <xmin>170</xmin>
            <ymin>110</ymin>
            <xmax>170</xmax>
            <ymax>110</ymax>
        </bndbox>
    </object>
    <object>
        <name>11</name>
        <difficult>0</difficult>
        <keypoints>
            <x1>169</x1>
            <y1>142</y1>
            <v1>2</v1>
        </keypoints>
        <bndbox>
            <xmin>169</xmin>
            <ymin>142</ymin>
            <xmax>169</xmax>
            <ymax>142</ymax>
        </bndbox>
    </object>
    <object>
        <name>10</name>
        <difficult>0</difficult>
        <keypoints>
            <x1>170</x1>
            <y1>51</y1>
            <v1>2</v1>
        </keypoints>
        <bndbox>
            <xmin>170</xmin>
            <ymin>51</ymin>
            <xmax>170</xmax>
            <ymax>51</ymax>
        </bndbox>
    </object>
</annotation>