<annotation>
    <folder>JPEGImages</folder>
    <filename>Liverpool [1] - 0 Everton.mp4_frame_70.jpg</filename>
    <size>
        <width>320</width>
        <height>320</height>
        <depth>3</depth>
    </size>
    <object>
        <name>26</name>
        <difficult>0</difficult>
        <keypoints>
            <x1>12</x1>
            <y1>220</y1>
            <v1>2</v1>
        </keypoints>
        <bndbox>
            <xmin>12</xmin>
            <ymin>220</ymin>
            <xmax>12</xmax>
            <ymax>220</ymax>
        </bndbox>
    </object>
    <object>
        <name>25</name>
        <difficult>0</difficult>
        <keypoints>
            <x1>10</x1>
            <y1>129</y1>
            <v1>2</v1>
        </keypoints>
        <bndbox>
            <xmin>10</xmin>
            <ymin>129</ymin>
            <xmax>10</xmax>
            <ymax>129</ymax>
        </bndbox>
    </object>
    <object>
        <name>11</name>
        <difficult>0</difficult>
        <keypoints>
            <x1>11</x1>
            <y1>168</y1>
            <v1>2</v1>
        </keypoints>
        <bndbox>
            <xmin>11</xmin>
            <ymin>168</ymin>
            <xmax>11</xmax>
            <ymax>168</ymax>
        </bndbox>
    </object>
    <object>
        <name>10</name>
        <difficult>0</difficult>
        <keypoints>
            <x1>10</x1>
            <y1>59</y1>
            <v1>2</v1>
        </keypoints>
        <bndbox>
            <xmin>10</xmin>
            <ymin>59</ymin>
            <xmax>10</xmax>
            <ymax>59</ymax>
        </bndbox>
    </object>
</annotation>