<annotation>
    <folder>JPEGImages</folder>
    <filename>Liverpool [2] - 0 Manchester City.mp4_frame_40.jpg</filename>
    <size>
        <width>320</width>
        <height>320</height>
        <depth>3</depth>
    </size>
    <object>
        <name>26</name>
        <difficult>0</difficult>
        <keypoints>
            <x1>208</x1>
            <y1>275</y1>
            <v1>2</v1>
        </keypoints>
        <bndbox>
            <xmin>208</xmin>
            <ymin>275</ymin>
            <xmax>208</xmax>
            <ymax>275</ymax>
        </bndbox>
    </object>
    <object>
        <name>25</name>
        <difficult>0</difficult>
        <keypoints>
            <x1>208</x1>
            <y1>177</y1>
            <v1>2</v1>
        </keypoints>
        <bndbox>
            <xmin>208</xmin>
            <ymin>177</ymin>
            <xmax>208</xmax>
            <ymax>177</ymax>
        </bndbox>
    </object>
    <object>
        <name>11</name>
        <difficult>0</difficult>
        <keypoints>
            <x1>207</x1>
            <y1>218</y1>
            <v1>2</v1>
        </keypoints>
        <bndbox>
            <xmin>207</xmin>
            <ymin>218</ymin>
            <xmax>207</xmax>
            <ymax>218</ymax>
        </bndbox>
    </object>
    <object>
        <name>10</name>
        <difficult>0</difficult>
        <keypoints>
            <x1>207</x1>
            <y1>99</y1>
            <v1>2</v1>
        </keypoints>
        <bndbox>
            <xmin>207</xmin>
            <ymin>99</ymin>
            <xmax>207</xmax>
            <ymax>99</ymax>
        </bndbox>
    </object>
</annotation>