<annotation>
    <folder>JPEGImages</folder>
    <filename>Liverpool [2] - 0 Manchester City.mp4_frame_210.jpg</filename>
    <size>
        <width>320</width>
        <height>320</height>
        <depth>3</depth>
    </size>
    <object>
        <name>26</name>
        <difficult>0</difficult>
        <keypoints>
            <x1>128</x1>
            <y1>205</y1>
            <v1>2</v1>
        </keypoints>
        <bndbox>
            <xmin>128</xmin>
            <ymin>205</ymin>
            <xmax>128</xmax>
            <ymax>205</ymax>
        </bndbox>
    </object>
    <object>
        <name>25</name>
        <difficult>0</difficult>
        <keypoints>
            <x1>127</x1>
            <y1>124</y1>
            <v1>2</v1>
        </keypoints>
        <bndbox>
            <xmin>127</xmin>
            <ymin>124</ymin>
            <xmax>127</xmax>
            <ymax>124</ymax>
        </bndbox>
    </object>
    <object>
        <name>11</name>
        <difficult>0</difficult>
        <keypoints>
            <x1>128</x1>
            <y1>159</y1>
            <v1>2</v1>
        </keypoints>
        <bndbox>
            <xmin>128</xmin>
            <ymin>159</ymin>
            <xmax>128</xmax>
            <ymax>159</ymax>
        </bndbox>
    </object>
    <object>
        <name>10</name>
        <difficult>0</difficult>
        <keypoints>
            <x1>127</x1>
            <y1>61</y1>
            <v1>2</v1>
        </keypoints>
        <bndbox>
            <xmin>127</xmin>
            <ymin>61</ymin>
            <xmax>127</xmax>
            <ymax>61</ymax>
        </bndbox>
    </object>
</annotation>