<annotation>
    <folder>JPEGImages</folder>
    <filename>Liverpool [2] - 0 Manchester City.mp4_frame_240.jpg</filename>
    <size>
        <width>320</width>
        <height>320</height>
        <depth>3</depth>
    </size>
    <object>
        <name>26</name>
        <difficult>0</difficult>
        <keypoints>
            <x1>247</x1>
            <y1>178</y1>
            <v1>2</v1>
        </keypoints>
        <bndbox>
            <xmin>247</xmin>
            <ymin>178</ymin>
            <xmax>247</xmax>
            <ymax>178</ymax>
        </bndbox>
    </object>
    <object>
        <name>25</name>
        <difficult>0</difficult>
        <keypoints>
            <x1>248</x1>
            <y1>110</y1>
            <v1>2</v1>
        </keypoints>
        <bndbox>
            <xmin>248</xmin>
            <ymin>110</ymin>
            <xmax>248</xmax>
            <ymax>110</ymax>
        </bndbox>
    </object>
    <object>
        <name>11</name>
        <difficult>0</difficult>
        <keypoints>
            <x1>247</x1>
            <y1>138</y1>
            <v1>2</v1>
        </keypoints>
        <bndbox>
            <xmin>247</xmin>
            <ymin>138</ymin>
            <xmax>247</xmax>
            <ymax>138</ymax>
        </bndbox>
    </object>
    <object>
        <name>10</name>
        <difficult>0</difficult>
        <keypoints>
            <x1>249</x1>
            <y1>55</y1>
            <v1>2</v1>
        </keypoints>
        <bndbox>
            <xmin>249</xmin>
            <ymin>55</ymin>
            <xmax>249</xmax>
            <ymax>55</ymax>
        </bndbox>
    </object>
    <object>
        <name>2</name>
        <difficult>0</difficult>
        <keypoints>
            <x1>8</x1>
            <y1>68</y1>
            <v1>2</v1>
        </keypoints>
        <bndbox>
            <xmin>8</xmin>
            <ymin>68</ymin>
            <xmax>8</xmax>
            <ymax>68</ymax>
        </bndbox>
    </object>
</annotation>