<annotation>
    <folder>JPEGImages</folder>
    <filename>Liverpool [2] - 0 Manchester City.mp4_frame_60.jpg</filename>
    <size>
        <width>320</width>
        <height>320</height>
        <depth>3</depth>
    </size>
    <object>
        <name>26</name>
        <difficult>0</difficult>
        <keypoints>
            <x1>207</x1>
            <y1>272</y1>
            <v1>2</v1>
        </keypoints>
        <bndbox>
            <xmin>207</xmin>
            <ymin>272</ymin>
            <xmax>207</xmax>
            <ymax>272</ymax>
        </bndbox>
    </object>
    <object>
        <name>25</name>
        <difficult>0</difficult>
        <keypoints>
            <x1>208</x1>
            <y1>173</y1>
            <v1>2</v1>
        </keypoints>
        <bndbox>
            <xmin>208</xmin>
            <ymin>173</ymin>
            <xmax>208</xmax>
            <ymax>173</ymax>
        </bndbox>
    </object>
    <object>
        <name>11</name>
        <difficult>0</difficult>
        <keypoints>
            <x1>208</x1>
            <y1>215</y1>
            <v1>2</v1>
        </keypoints>
        <bndbox>
            <xmin>208</xmin>
            <ymin>215</ymin>
            <xmax>208</xmax>
            <ymax>215</ymax>
        </bndbox>
    </object>
    <object>
        <name>10</name>
        <difficult>0</difficult>
        <keypoints>
            <x1>209</x1>
            <y1>95</y1>
            <v1>2</v1>
        </keypoints>
        <bndbox>
            <xmin>209</xmin>
            <ymin>95</ymin>
            <xmax>209</xmax>
            <ymax>95</ymax>
        </bndbox>
    </object>
</annotation>