<annotation>
    <folder>JPEGImages</folder>
    <filename>Liverpool [1] - 0 Everton.mp4_frame_200.jpg</filename>
    <size>
        <width>320</width>
        <height>320</height>
        <depth>3</depth>
    </size>
    <object>
        <name>24</name>
        <difficult>0</difficult>
        <keypoints>
            <x1>115</x1>
            <y1>151</y1>
            <v1>2</v1>
        </keypoints>
        <bndbox>
            <xmin>115</xmin>
            <ymin>151</ymin>
            <xmax>115</xmax>
            <ymax>151</ymax>
        </bndbox>
    </object>
    <object>
        <name>23</name>
        <difficult>0</difficult>
        <keypoints>
            <x1>177</x1>
            <y1>107</y1>
            <v1>2</v1>
        </keypoints>
        <bndbox>
            <xmin>177</xmin>
            <ymin>107</ymin>
            <xmax>177</xmax>
            <ymax>107</ymax>
        </bndbox>
    </object>
    <object>
        <name>8</name>
        <difficult>0</difficult>
        <keypoints>
            <x1>33</x1>
            <y1>210</y1>
            <v1>2</v1>
        </keypoints>
        <bndbox>
            <xmin>33</xmin>
            <ymin>210</ymin>
            <xmax>33</xmax>
            <ymax>210</ymax>
        </bndbox>
    </object>
    <object>
        <name>6</name>
        <difficult>0</difficult>
        <keypoints>
            <x1>7</x1>
            <y1>141</y1>
            <v1>2</v1>
        </keypoints>
        <bndbox>
            <xmin>7</xmin>
            <ymin>141</ymin>
            <xmax>7</xmax>
            <ymax>141</ymax>
        </bndbox>
    </object>
    <object>
        <name>4</name>
        <difficult>0</difficult>
        <keypoints>
            <x1>100</x1>
            <y1>89</y1>
            <v1>2</v1>
        </keypoints>
        <bndbox>
            <xmin>100</xmin>
            <ymin>89</ymin>
            <xmax>100</xmax>
            <ymax>89</ymax>
        </bndbox>
    </object>
    <object>
        <name>3</name>
        <difficult>0</difficult>
        <keypoints>
            <x1>63</x1>
            <y1>82</y1>
            <v1>2</v1>
        </keypoints>
        <bndbox>
            <xmin>63</xmin>
            <ymin>82</ymin>
            <xmax>63</xmax>
            <ymax>82</ymax>
        </bndbox>
    </object>
    <object>
        <name>2</name>
        <difficult>0</difficult>
        <keypoints>
            <x1>217</x1>
            <y1>78</y1>
            <v1>2</v1>
        </keypoints>
        <bndbox>
            <xmin>217</xmin>
            <ymin>78</ymin>
            <xmax>217</xmax>
            <ymax>78</ymax>
        </bndbox>
    </object>
    <object>
        <name>1</name>
        <difficult>0</difficult>
        <keypoints>
            <x1>107</x1>
            <y1>61</y1>
            <v1>2</v1>
        </keypoints>
        <bndbox>
            <xmin>107</xmin>
            <ymin>61</ymin>
            <xmax>107</xmax>
            <ymax>61</ymax>
        </bndbox>
    </object>
    <object>
        <name>0</name>
        <difficult>0</difficult>
        <keypoints>
            <x1>153</x1>
            <y1>41</y1>
            <v1>2</v1>
        </keypoints>
        <bndbox>
            <xmin>153</xmin>
            <ymin>41</ymin>
            <xmax>153</xmax>
            <ymax>41</ymax>
        </bndbox>
    </object>
</annotation>