<annotation>
    <folder>JPEGImages</folder>
    <filename>Liverpool [1] - 0 Everton.mp4_frame_210.jpg</filename>
    <size>
        <width>320</width>
        <height>320</height>
        <depth>3</depth>
    </size>
    <object>
        <name>24</name>
        <difficult>0</difficult>
        <keypoints>
            <x1>132</x1>
            <y1>158</y1>
            <v1>2</v1>
        </keypoints>
        <bndbox>
            <xmin>132</xmin>
            <ymin>158</ymin>
            <xmax>132</xmax>
            <ymax>158</ymax>
        </bndbox>
    </object>
    <object>
        <name>23</name>
        <difficult>0</difficult>
        <keypoints>
            <x1>196</x1>
            <y1>113</y1>
            <v1>2</v1>
        </keypoints>
        <bndbox>
            <xmin>196</xmin>
            <ymin>113</ymin>
            <xmax>196</xmax>
            <ymax>113</ymax>
        </bndbox>
    </object>
    <object>
        <name>8</name>
        <difficult>0</difficult>
        <keypoints>
            <x1>50</x1>
            <y1>217</y1>
            <v1>2</v1>
        </keypoints>
        <bndbox>
            <xmin>50</xmin>
            <ymin>217</ymin>
            <xmax>50</xmax>
            <ymax>217</ymax>
        </bndbox>
    </object>
    <object>
        <name>6</name>
        <difficult>0</difficult>
        <keypoints>
            <x1>21</x1>
            <y1>145</y1>
            <v1>2</v1>
        </keypoints>
        <bndbox>
            <xmin>21</xmin>
            <ymin>145</ymin>
            <xmax>21</xmax>
            <ymax>145</ymax>
        </bndbox>
    </object>
    <object>
        <name>4</name>
        <difficult>0</difficult>
        <keypoints>
            <x1>119</x1>
            <y1>93</y1>
            <v1>2</v1>
        </keypoints>
        <bndbox>
            <xmin>119</xmin>
            <ymin>93</ymin>
            <xmax>119</xmax>
            <ymax>93</ymax>
        </bndbox>
    </object>
    <object>
        <name>3</name>
        <difficult>0</difficult>
        <keypoints>
            <x1>80</x1>
            <y1>87</y1>
            <v1>2</v1>
        </keypoints>
        <bndbox>
            <xmin>80</xmin>
            <ymin>87</ymin>
            <xmax>80</xmax>
            <ymax>87</ymax>
        </bndbox>
    </object>
    <object>
        <name>2</name>
        <difficult>0</difficult>
        <keypoints>
            <x1>239</x1>
            <y1>82</y1>
            <v1>2</v1>
        </keypoints>
        <bndbox>
            <xmin>239</xmin>
            <ymin>82</ymin>
            <xmax>239</xmax>
            <ymax>82</ymax>
        </bndbox>
    </object>
    <object>
        <name>1</name>
        <difficult>0</difficult>
        <keypoints>
            <x1>127</x1>
            <y1>65</y1>
            <v1>2</v1>
        </keypoints>
        <bndbox>
            <xmin>127</xmin>
            <ymin>65</ymin>
            <xmax>127</xmax>
            <ymax>65</ymax>
        </bndbox>
    </object>
    <object>
        <name>0</name>
        <difficult>0</difficult>
        <keypoints>
            <x1>171</x1>
            <y1>43</y1>
            <v1>2</v1>
        </keypoints>
        <bndbox>
            <xmin>171</xmin>
            <ymin>43</ymin>
            <xmax>171</xmax>
            <ymax>43</ymax>
        </bndbox>
    </object>
</annotation>