<annotation>
    <folder>JPEGImages</folder>
    <filename>PL28_20.jpg</filename>
    <size>
        <width>320</width>
        <height>320</height>
        <depth>3</depth>
    </size>
    <object>
        <name>24</name>
        <difficult>0</difficult>
        <keypoints>
            <x1>157</x1>
            <y1>214</y1>
            <v1>2</v1>
        </keypoints>
        <bndbox>
            <xmin>157</xmin>
            <ymin>214</ymin>
            <xmax>157</xmax>
            <ymax>214</ymax>
        </bndbox>
    </object>
    <object>
        <name>23</name>
        <difficult>0</difficult>
        <keypoints>
            <x1>245</x1>
            <y1>164</y1>
            <v1>2</v1>
        </keypoints>
        <bndbox>
            <xmin>245</xmin>
            <ymin>164</ymin>
            <xmax>245</xmax>
            <ymax>164</ymax>
        </bndbox>
    </object>
    <object>
        <name>4</name>
        <difficult>0</difficult>
        <keypoints>
            <x1>127</x1>
            <y1>144</y1>
            <v1>2</v1>
        </keypoints>
        <bndbox>
            <xmin>127</xmin>
            <ymin>144</ymin>
            <xmax>127</xmax>
            <ymax>144</ymax>
        </bndbox>
    </object>
    <object>
        <name>3</name>
        <difficult>0</difficult>
        <keypoints>
            <x1>71</x1>
            <y1>138</y1>
            <v1>2</v1>
        </keypoints>
        <bndbox>
            <xmin>71</xmin>
            <ymin>138</ymin>
            <xmax>71</xmax>
            <ymax>138</ymax>
        </bndbox>
    </object>
    <object>
        <name>2</name>
        <difficult>0</difficult>
        <keypoints>
            <x1>308</x1>
            <y1>130</y1>
            <v1>2</v1>
        </keypoints>
        <bndbox>
            <xmin>308</xmin>
            <ymin>130</ymin>
            <xmax>308</xmax>
            <ymax>130</ymax>
        </bndbox>
    </object>
    <object>
        <name>1</name>
        <difficult>0</difficult>
        <keypoints>
            <x1>135</x1>
            <y1>114</y1>
            <v1>2</v1>
        </keypoints>
        <bndbox>
            <xmin>135</xmin>
            <ymin>114</ymin>
            <xmax>135</xmax>
            <ymax>114</ymax>
        </bndbox>
    </object>
    <object>
        <name>0</name>
        <difficult>0</difficult>
        <keypoints>
            <x1>200</x1>
            <y1>89</y1>
            <v1>2</v1>
        </keypoints>
        <bndbox>
            <xmin>200</xmin>
            <ymin>89</ymin>
            <xmax>200</xmax>
            <ymax>89</ymax>
        </bndbox>
    </object>
</annotation>