<annotation>
    <folder>JPEGImages</folder>
    <filename>PL28_35.jpg</filename>
    <size>
        <width>320</width>
        <height>320</height>
        <depth>3</depth>
    </size>
    <object>
        <name>28</name>
        <difficult>0</difficult>
        <keypoints>
            <x1>260</x1>
            <y1>97</y1>
            <v1>2</v1>
        </keypoints>
        <bndbox>
            <xmin>260</xmin>
            <ymin>97</ymin>
            <xmax>260</xmax>
            <ymax>97</ymax>
        </bndbox>
    </object>
    <object>
        <name>27</name>
        <difficult>0</difficult>
        <keypoints>
            <x1>214</x1>
            <y1>69</y1>
            <v1>2</v1>
        </keypoints>
        <bndbox>
            <xmin>214</xmin>
            <ymin>69</ymin>
            <xmax>214</xmax>
            <ymax>69</ymax>
        </bndbox>
    </object>
    <object>
        <name>26</name>
        <difficult>0</difficult>
        <keypoints>
            <x1>23</x1>
            <y1>149</y1>
            <v1>2</v1>
        </keypoints>
        <bndbox>
            <xmin>23</xmin>
            <ymin>149</ymin>
            <xmax>23</xmax>
            <ymax>149</ymax>
        </bndbox>
    </object>
    <object>
        <name>25</name>
        <difficult>0</difficult>
        <keypoints>
            <x1>18</x1>
            <y1>91</y1>
            <v1>2</v1>
        </keypoints>
        <bndbox>
            <xmin>18</xmin>
            <ymin>91</ymin>
            <xmax>18</xmax>
            <ymax>91</ymax>
        </bndbox>
    </object>
    <object>
        <name>17</name>
        <difficult>0</difficult>
        <keypoints>
            <x1>254</x1>
            <y1>60</y1>
            <v1>2</v1>
        </keypoints>
        <bndbox>
            <xmin>254</xmin>
            <ymin>60</ymin>
            <xmax>254</xmax>
            <ymax>60</ymax>
        </bndbox>
    </object>
    <object>
        <name>16</name>
        <difficult>0</difficult>
        <keypoints>
            <x1>273</x1>
            <y1>57</y1>
            <v1>2</v1>
        </keypoints>
        <bndbox>
            <xmin>273</xmin>
            <ymin>57</ymin>
            <xmax>273</xmax>
            <ymax>57</ymax>
        </bndbox>
    </object>
    <object>
        <name>15</name>
        <difficult>0</difficult>
        <keypoints>
            <x1>185</x1>
            <y1>52</y1>
            <v1>2</v1>
        </keypoints>
        <bndbox>
            <xmin>185</xmin>
            <ymin>52</ymin>
            <xmax>185</xmax>
            <ymax>52</ymax>
        </bndbox>
    </object>
    <object>
        <name>14</name>
        <difficult>0</difficult>
        <keypoints>
            <x1>242</x1>
            <y1>45</y1>
            <v1>2</v1>
        </keypoints>
        <bndbox>
            <xmin>242</xmin>
            <ymin>45</ymin>
            <xmax>242</xmax>
            <ymax>45</ymax>
        </bndbox>
    </object>
    <object>
        <name>13</name>
        <difficult>0</difficult>
        <keypoints>
            <x1>213</x1>
            <y1>32</y1>
            <v1>2</v1>
        </keypoints>
        <bndbox>
            <xmin>213</xmin>
            <ymin>32</ymin>
            <xmax>213</xmax>
            <ymax>32</ymax>
        </bndbox>
    </object>
    <object>
        <name>11</name>
        <difficult>0</difficult>
        <keypoints>
            <x1>20</x1>
            <y1>115</y1>
            <v1>2</v1>
        </keypoints>
        <bndbox>
            <xmin>20</xmin>
            <ymin>115</ymin>
            <xmax>20</xmax>
            <ymax>115</ymax>
        </bndbox>
    </object>
    <object>
        <name>10</name>
        <difficult>0</difficult>
        <keypoints>
            <x1>15</x1>
            <y1>50</y1>
            <v1>2</v1>
        </keypoints>
        <bndbox>
            <xmin>15</xmin>
            <ymin>50</ymin>
            <xmax>15</xmax>
            <ymax>50</ymax>
        </bndbox>
    </object>
</annotation>