<annotation>
    <folder>JPEGImages</folder>
    <filename>PL28_52.jpg</filename>
    <size>
        <width>320</width>
        <height>320</height>
        <depth>3</depth>
    </size>
    <object>
        <name>24</name>
        <difficult>0</difficult>
        <keypoints>
            <x1>157</x1>
            <y1>237</y1>
            <v1>2</v1>
        </keypoints>
        <bndbox>
            <xmin>157</xmin>
            <ymin>237</ymin>
            <xmax>157</xmax>
            <ymax>237</ymax>
        </bndbox>
    </object>
    <object>
        <name>23</name>
        <difficult>0</difficult>
        <keypoints>
            <x1>229</x1>
            <y1>181</y1>
            <v1>2</v1>
        </keypoints>
        <bndbox>
            <xmin>229</xmin>
            <ymin>181</ymin>
            <xmax>229</xmax>
            <ymax>181</ymax>
        </bndbox>
    </object>
    <object>
        <name>8</name>
        <difficult>0</difficult>
        <keypoints>
            <x1>66</x1>
            <y1>308</y1>
            <v1>2</v1>
        </keypoints>
        <bndbox>
            <xmin>66</xmin>
            <ymin>308</ymin>
            <xmax>66</xmax>
            <ymax>308</ymax>
        </bndbox>
    </object>
    <object>
        <name>6</name>
        <difficult>0</difficult>
        <keypoints>
            <x1>49</x1>
            <y1>217</y1>
            <v1>2</v1>
        </keypoints>
        <bndbox>
            <xmin>49</xmin>
            <ymin>217</ymin>
            <xmax>49</xmax>
            <ymax>217</ymax>
        </bndbox>
    </object>
    <object>
        <name>5</name>
        <difficult>0</difficult>
        <keypoints>
            <x1>4</x1>
            <y1>205</y1>
            <v1>2</v1>
        </keypoints>
        <bndbox>
            <xmin>4</xmin>
            <ymin>205</ymin>
            <xmax>4</xmax>
            <ymax>205</ymax>
        </bndbox>
    </object>
    <object>
        <name>4</name>
        <difficult>0</difficult>
        <keypoints>
            <x1>151</x1>
            <y1>156</y1>
            <v1>2</v1>
        </keypoints>
        <bndbox>
            <xmin>151</xmin>
            <ymin>156</ymin>
            <xmax>151</xmax>
            <ymax>156</ymax>
        </bndbox>
    </object>
    <object>
        <name>3</name>
        <difficult>0</difficult>
        <keypoints>
            <x1>113</x1>
            <y1>146</y1>
            <v1>2</v1>
        </keypoints>
        <bndbox>
            <xmin>113</xmin>
            <ymin>146</ymin>
            <xmax>113</xmax>
            <ymax>146</ymax>
        </bndbox>
    </object>
    <object>
        <name>2</name>
        <difficult>0</difficult>
        <keypoints>
            <x1>278</x1>
            <y1>144</y1>
            <v1>2</v1>
        </keypoints>
        <bndbox>
            <xmin>278</xmin>
            <ymin>144</ymin>
            <xmax>278</xmax>
            <ymax>144</ymax>
        </bndbox>
    </object>
    <object>
        <name>1</name>
        <difficult>0</difficult>
        <keypoints>
            <x1>162</x1>
            <y1>120</y1>
            <v1>2</v1>
        </keypoints>
        <bndbox>
            <xmin>162</xmin>
            <ymin>120</ymin>
            <xmax>162</xmax>
            <ymax>120</ymax>
        </bndbox>
    </object>
    <object>
        <name>0</name>
        <difficult>0</difficult>
        <keypoints>
            <x1>211</x1>
            <y1>93</y1>
            <v1>2</v1>
        </keypoints>
        <bndbox>
            <xmin>211</xmin>
            <ymin>93</ymin>
            <xmax>211</xmax>
            <ymax>93</ymax>
        </bndbox>
    </object>
</annotation>