<annotation>
    <folder>JPEGImages</folder>
    <filename>PL29_15.jpg</filename>
    <size>
        <width>320</width>
        <height>320</height>
        <depth>3</depth>
    </size>
    <object>
        <name>24</name>
        <difficult>0</difficult>
        <keypoints>
            <x1>154</x1>
            <y1>186</y1>
            <v1>2</v1>
        </keypoints>
        <bndbox>
            <xmin>154</xmin>
            <ymin>186</ymin>
            <xmax>154</xmax>
            <ymax>186</ymax>
        </bndbox>
    </object>
    <object>
        <name>23</name>
        <difficult>0</difficult>
        <keypoints>
            <x1>219</x1>
            <y1>134</y1>
            <v1>2</v1>
        </keypoints>
        <bndbox>
            <xmin>219</xmin>
            <ymin>134</ymin>
            <xmax>219</xmax>
            <ymax>134</ymax>
        </bndbox>
    </object>
    <object>
        <name>8</name>
        <difficult>0</difficult>
        <keypoints>
            <x1>74</x1>
            <y1>254</y1>
            <v1>2</v1>
        </keypoints>
        <bndbox>
            <xmin>74</xmin>
            <ymin>254</ymin>
            <xmax>74</xmax>
            <ymax>254</ymax>
        </bndbox>
    </object>
    <object>
        <name>6</name>
        <difficult>0</difficult>
        <keypoints>
            <x1>31</x1>
            <y1>173</y1>
            <v1>2</v1>
        </keypoints>
        <bndbox>
            <xmin>31</xmin>
            <ymin>173</ymin>
            <xmax>31</xmax>
            <ymax>173</ymax>
        </bndbox>
    </object>
    <object>
        <name>4</name>
        <difficult>0</difficult>
        <keypoints>
            <x1>129</x1>
            <y1>111</y1>
            <v1>2</v1>
        </keypoints>
        <bndbox>
            <xmin>129</xmin>
            <ymin>111</ymin>
            <xmax>129</xmax>
            <ymax>111</ymax>
        </bndbox>
    </object>
    <object>
        <name>3</name>
        <difficult>0</difficult>
        <keypoints>
            <x1>86</x1>
            <y1>104</y1>
            <v1>2</v1>
        </keypoints>
        <bndbox>
            <xmin>86</xmin>
            <ymin>104</ymin>
            <xmax>86</xmax>
            <ymax>104</ymax>
        </bndbox>
    </object>
    <object>
        <name>2</name>
        <difficult>0</difficult>
        <keypoints>
            <x1>265</x1>
            <y1>97</y1>
            <v1>2</v1>
        </keypoints>
        <bndbox>
            <xmin>265</xmin>
            <ymin>97</ymin>
            <xmax>265</xmax>
            <ymax>97</ymax>
        </bndbox>
    </object>
    <object>
        <name>1</name>
        <difficult>0</difficult>
        <keypoints>
            <x1>135</x1>
            <y1>78</y1>
            <v1>2</v1>
        </keypoints>
        <bndbox>
            <xmin>135</xmin>
            <ymin>78</ymin>
            <xmax>135</xmax>
            <ymax>78</ymax>
        </bndbox>
    </object>
    <object>
        <name>0</name>
        <difficult>0</difficult>
        <keypoints>
            <x1>184</x1>
            <y1>51</y1>
            <v1>2</v1>
        </keypoints>
        <bndbox>
            <xmin>184</xmin>
            <ymin>51</ymin>
            <xmax>184</xmax>
            <ymax>51</ymax>
        </bndbox>
    </object>
</annotation>