<annotation>
    <folder>JPEGImages</folder>
    <filename>PL29_37.jpg</filename>
    <size>
        <width>320</width>
        <height>320</height>
        <depth>3</depth>
    </size>
    <object>
        <name>24</name>
        <difficult>0</difficult>
        <keypoints>
            <x1>148</x1>
            <y1>107</y1>
            <v1>2</v1>
        </keypoints>
        <bndbox>
            <xmin>148</xmin>
            <ymin>107</ymin>
            <xmax>148</xmax>
            <ymax>107</ymax>
        </bndbox>
    </object>
    <object>
        <name>23</name>
        <difficult>0</difficult>
        <keypoints>
            <x1>202</x1>
            <y1>80</y1>
            <v1>2</v1>
        </keypoints>
        <bndbox>
            <xmin>202</xmin>
            <ymin>80</ymin>
            <xmax>202</xmax>
            <ymax>80</ymax>
        </bndbox>
    </object>
    <object>
        <name>8</name>
        <difficult>0</difficult>
        <keypoints>
            <x1>79</x1>
            <y1>145</y1>
            <v1>2</v1>
        </keypoints>
        <bndbox>
            <xmin>79</xmin>
            <ymin>145</ymin>
            <xmax>79</xmax>
            <ymax>145</ymax>
        </bndbox>
    </object>
    <object>
        <name>7</name>
        <difficult>0</difficult>
        <keypoints>
            <x1>12</x1>
            <y1>107</y1>
            <v1>2</v1>
        </keypoints>
        <bndbox>
            <xmin>12</xmin>
            <ymin>107</ymin>
            <xmax>12</xmax>
            <ymax>107</ymax>
        </bndbox>
    </object>
    <object>
        <name>6</name>
        <difficult>0</difficult>
        <keypoints>
            <x1>91</x1>
            <y1>92</y1>
            <v1>2</v1>
        </keypoints>
        <bndbox>
            <xmin>91</xmin>
            <ymin>92</ymin>
            <xmax>91</xmax>
            <ymax>92</ymax>
        </bndbox>
    </object>
    <object>
        <name>5</name>
        <difficult>0</difficult>
        <keypoints>
            <x1>73</x1>
            <y1>84</y1>
            <v1>2</v1>
        </keypoints>
        <bndbox>
            <xmin>73</xmin>
            <ymin>84</ymin>
            <xmax>73</xmax>
            <ymax>84</ymax>
        </bndbox>
    </object>
    <object>
        <name>4</name>
        <difficult>0</difficult>
        <keypoints>
            <x1>161</x1>
            <y1>64</y1>
            <v1>2</v1>
        </keypoints>
        <bndbox>
            <xmin>161</xmin>
            <ymin>64</ymin>
            <xmax>161</xmax>
            <ymax>64</ymax>
        </bndbox>
    </object>
    <object>
        <name>3</name>
        <difficult>0</difficult>
        <keypoints>
            <x1>143</x1>
            <y1>58</y1>
            <v1>2</v1>
        </keypoints>
        <bndbox>
            <xmin>143</xmin>
            <ymin>58</ymin>
            <xmax>143</xmax>
            <ymax>58</ymax>
        </bndbox>
    </object>
    <object>
        <name>2</name>
        <difficult>0</difficult>
        <keypoints>
            <x1>235</x1>
            <y1>63</y1>
            <v1>2</v1>
        </keypoints>
        <bndbox>
            <xmin>235</xmin>
            <ymin>63</ymin>
            <xmax>235</xmax>
            <ymax>63</ymax>
        </bndbox>
    </object>
    <object>
        <name>1</name>
        <difficult>0</difficult>
        <keypoints>
            <x1>175</x1>
            <y1>48</y1>
            <v1>2</v1>
        </keypoints>
        <bndbox>
            <xmin>175</xmin>
            <ymin>48</ymin>
            <xmax>175</xmax>
            <ymax>48</ymax>
        </bndbox>
    </object>
    <object>
        <name>0</name>
        <difficult>0</difficult>
        <keypoints>
            <x1>206</x1>
            <y1>37</y1>
            <v1>2</v1>
        </keypoints>
        <bndbox>
            <xmin>206</xmin>
            <ymin>37</ymin>
            <xmax>206</xmax>
            <ymax>37</ymax>
        </bndbox>
    </object>
</annotation>