<annotation>
    <folder>JPEGImages</folder>
    <filename>PL29_00.jpg</filename>
    <size>
        <width>320</width>
        <height>320</height>
        <depth>3</depth>
    </size>
    <object>
        <name>24</name>
        <difficult>0</difficult>
        <keypoints>
            <x1>143</x1>
            <y1>174</y1>
            <v1>2</v1>
        </keypoints>
        <bndbox>
            <xmin>143</xmin>
            <ymin>174</ymin>
            <xmax>143</xmax>
            <ymax>174</ymax>
        </bndbox>
    </object>
    <object>
        <name>23</name>
        <difficult>0</difficult>
        <keypoints>
            <x1>208</x1>
            <y1>128</y1>
            <v1>2</v1>
        </keypoints>
        <bndbox>
            <xmin>208</xmin>
            <ymin>128</ymin>
            <xmax>208</xmax>
            <ymax>128</ymax>
        </bndbox>
    </object>
    <object>
        <name>8</name>
        <difficult>0</difficult>
        <keypoints>
            <x1>59</x1>
            <y1>234</y1>
            <v1>2</v1>
        </keypoints>
        <bndbox>
            <xmin>59</xmin>
            <ymin>234</ymin>
            <xmax>59</xmax>
            <ymax>234</ymax>
        </bndbox>
    </object>
    <object>
        <name>6</name>
        <difficult>0</difficult>
        <keypoints>
            <x1>31</x1>
            <y1>159</y1>
            <v1>2</v1>
        </keypoints>
        <bndbox>
            <xmin>31</xmin>
            <ymin>159</ymin>
            <xmax>31</xmax>
            <ymax>159</ymax>
        </bndbox>
    </object>
    <object>
        <name>4</name>
        <difficult>0</difficult>
        <keypoints>
            <x1>128</x1>
            <y1>110</y1>
            <v1>2</v1>
        </keypoints>
        <bndbox>
            <xmin>128</xmin>
            <ymin>110</ymin>
            <xmax>128</xmax>
            <ymax>110</ymax>
        </bndbox>
    </object>
    <object>
        <name>3</name>
        <difficult>0</difficult>
        <keypoints>
            <x1>89</x1>
            <y1>102</y1>
            <v1>2</v1>
        </keypoints>
        <bndbox>
            <xmin>89</xmin>
            <ymin>102</ymin>
            <xmax>89</xmax>
            <ymax>102</ymax>
        </bndbox>
    </object>
    <object>
        <name>2</name>
        <difficult>0</difficult>
        <keypoints>
            <x1>252</x1>
            <y1>98</y1>
            <v1>2</v1>
        </keypoints>
        <bndbox>
            <xmin>252</xmin>
            <ymin>98</ymin>
            <xmax>252</xmax>
            <ymax>98</ymax>
        </bndbox>
    </object>
    <object>
        <name>1</name>
        <difficult>0</difficult>
        <keypoints>
            <x1>135</x1>
            <y1>81</y1>
            <v1>2</v1>
        </keypoints>
        <bndbox>
            <xmin>135</xmin>
            <ymin>81</ymin>
            <xmax>135</xmax>
            <ymax>81</ymax>
        </bndbox>
    </object>
    <object>
        <name>0</name>
        <difficult>0</difficult>
        <keypoints>
            <x1>182</x1>
            <y1>59</y1>
            <v1>2</v1>
        </keypoints>
        <bndbox>
            <xmin>182</xmin>
            <ymin>59</ymin>
            <xmax>182</xmax>
            <ymax>59</ymax>
        </bndbox>
    </object>
</annotation>