<annotation>
    <folder>JPEGImages</folder>
    <filename>PL29_51.jpg</filename>
    <size>
        <width>320</width>
        <height>320</height>
        <depth>3</depth>
    </size>
    <object>
        <name>24</name>
        <difficult>0</difficult>
        <keypoints>
            <x1>146</x1>
            <y1>129</y1>
            <v1>2</v1>
        </keypoints>
        <bndbox>
            <xmin>146</xmin>
            <ymin>129</ymin>
            <xmax>146</xmax>
            <ymax>129</ymax>
        </bndbox>
    </object>
    <object>
        <name>23</name>
        <difficult>0</difficult>
        <keypoints>
            <x1>201</x1>
            <y1>85</y1>
            <v1>2</v1>
        </keypoints>
        <bndbox>
            <xmin>201</xmin>
            <ymin>85</ymin>
            <xmax>201</xmax>
            <ymax>85</ymax>
        </bndbox>
    </object>
    <object>
        <name>8</name>
        <difficult>0</difficult>
        <keypoints>
            <x1>80</x1>
            <y1>185</y1>
            <v1>2</v1>
        </keypoints>
        <bndbox>
            <xmin>80</xmin>
            <ymin>185</ymin>
            <xmax>80</xmax>
            <ymax>185</ymax>
        </bndbox>
    </object>
    <object>
        <name>6</name>
        <difficult>0</difficult>
        <keypoints>
            <x1>44</x1>
            <y1>119</y1>
            <v1>2</v1>
        </keypoints>
        <bndbox>
            <xmin>44</xmin>
            <ymin>119</ymin>
            <xmax>44</xmax>
            <ymax>119</ymax>
        </bndbox>
    </object>
    <object>
        <name>5</name>
        <difficult>0</difficult>
        <keypoints>
            <x1>1</x1>
            <y1>109</y1>
            <v1>2</v1>
        </keypoints>
        <bndbox>
            <xmin>1</xmin>
            <ymin>109</ymin>
            <xmax>1</xmax>
            <ymax>109</ymax>
        </bndbox>
    </object>
    <object>
        <name>4</name>
        <difficult>0</difficult>
        <keypoints>
            <x1>126</x1>
            <y1>66</y1>
            <v1>2</v1>
        </keypoints>
        <bndbox>
            <xmin>126</xmin>
            <ymin>66</ymin>
            <xmax>126</xmax>
            <ymax>66</ymax>
        </bndbox>
    </object>
    <object>
        <name>3</name>
        <difficult>0</difficult>
        <keypoints>
            <x1>90</x1>
            <y1>60</y1>
            <v1>2</v1>
        </keypoints>
        <bndbox>
            <xmin>90</xmin>
            <ymin>60</ymin>
            <xmax>90</xmax>
            <ymax>60</ymax>
        </bndbox>
    </object>
    <object>
        <name>2</name>
        <difficult>0</difficult>
        <keypoints>
            <x1>236</x1>
            <y1>54</y1>
            <v1>2</v1>
        </keypoints>
        <bndbox>
            <xmin>236</xmin>
            <ymin>54</ymin>
            <xmax>236</xmax>
            <ymax>54</ymax>
        </bndbox>
    </object>
    <object>
        <name>1</name>
        <difficult>0</difficult>
        <keypoints>
            <x1>129</x1>
            <y1>38</y1>
            <v1>2</v1>
        </keypoints>
        <bndbox>
            <xmin>129</xmin>
            <ymin>38</ymin>
            <xmax>129</xmax>
            <ymax>38</ymax>
        </bndbox>
    </object>
    <object>
        <name>0</name>
        <difficult>0</difficult>
        <keypoints>
            <x1>170</x1>
            <y1>16</y1>
            <v1>2</v1>
        </keypoints>
        <bndbox>
            <xmin>170</xmin>
            <ymin>16</ymin>
            <xmax>170</xmax>
            <ymax>16</ymax>
        </bndbox>
    </object>
</annotation>