<annotation>
    <folder>JPEGImages</folder>
    <filename>PL29_21.jpg</filename>
    <size>
        <width>320</width>
        <height>320</height>
        <depth>3</depth>
    </size>
    <object>
        <name>28</name>
        <difficult>0</difficult>
        <keypoints>
            <x1>147</x1>
            <y1>187</y1>
            <v1>2</v1>
        </keypoints>
        <bndbox>
            <xmin>147</xmin>
            <ymin>187</ymin>
            <xmax>147</xmax>
            <ymax>187</ymax>
        </bndbox>
    </object>
    <object>
        <name>27</name>
        <difficult>0</difficult>
        <keypoints>
            <x1>75</x1>
            <y1>128</y1>
            <v1>2</v1>
        </keypoints>
        <bndbox>
            <xmin>75</xmin>
            <ymin>128</ymin>
            <xmax>75</xmax>
            <ymax>128</ymax>
        </bndbox>
    </object>
    <object>
        <name>21</name>
        <difficult>0</difficult>
        <keypoints>
            <x1>234</x1>
            <y1>259</y1>
            <v1>2</v1>
        </keypoints>
        <bndbox>
            <xmin>234</xmin>
            <ymin>259</ymin>
            <xmax>234</xmax>
            <ymax>259</ymax>
        </bndbox>
    </object>
    <object>
        <name>19</name>
        <difficult>0</difficult>
        <keypoints>
            <x1>277</x1>
            <y1>173</y1>
            <v1>2</v1>
        </keypoints>
        <bndbox>
            <xmin>277</xmin>
            <ymin>173</ymin>
            <xmax>277</xmax>
            <ymax>173</ymax>
        </bndbox>
    </object>
    <object>
        <name>17</name>
        <difficult>0</difficult>
        <keypoints>
            <x1>171</x1>
            <y1>105</y1>
            <v1>2</v1>
        </keypoints>
        <bndbox>
            <xmin>171</xmin>
            <ymin>105</ymin>
            <xmax>171</xmax>
            <ymax>105</ymax>
        </bndbox>
    </object>
    <object>
        <name>16</name>
        <difficult>0</difficult>
        <keypoints>
            <x1>217</x1>
            <y1>97</y1>
            <v1>2</v1>
        </keypoints>
        <bndbox>
            <xmin>217</xmin>
            <ymin>97</ymin>
            <xmax>217</xmax>
            <ymax>97</ymax>
        </bndbox>
    </object>
    <object>
        <name>15</name>
        <difficult>0</difficult>
        <keypoints>
            <x1>24</x1>
            <y1>87</y1>
            <v1>2</v1>
        </keypoints>
        <bndbox>
            <xmin>24</xmin>
            <ymin>87</ymin>
            <xmax>24</xmax>
            <ymax>87</ymax>
        </bndbox>
    </object>
    <object>
        <name>14</name>
        <difficult>0</difficult>
        <keypoints>
            <x1>165</x1>
            <y1>68</y1>
            <v1>2</v1>
        </keypoints>
        <bndbox>
            <xmin>165</xmin>
            <ymin>68</ymin>
            <xmax>165</xmax>
            <ymax>68</ymax>
        </bndbox>
    </object>
    <object>
        <name>13</name>
        <difficult>0</difficult>
        <keypoints>
            <x1>111</x1>
            <y1>38</y1>
            <v1>2</v1>
        </keypoints>
        <bndbox>
            <xmin>111</xmin>
            <ymin>38</ymin>
            <xmax>111</xmax>
            <ymax>38</ymax>
        </bndbox>
    </object>
</annotation>