<annotation>
    <folder>JPEGImages</folder>
    <filename>PL30_53.jpg</filename>
    <size>
        <width>320</width>
        <height>320</height>
        <depth>3</depth>
    </size>
    <object>
        <name>24</name>
        <difficult>0</difficult>
        <keypoints>
            <x1>116</x1>
            <y1>204</y1>
            <v1>2</v1>
        </keypoints>
        <bndbox>
            <xmin>116</xmin>
            <ymin>204</ymin>
            <xmax>116</xmax>
            <ymax>204</ymax>
        </bndbox>
    </object>
    <object>
        <name>23</name>
        <difficult>0</difficult>
        <keypoints>
            <x1>202</x1>
            <y1>163</y1>
            <v1>2</v1>
        </keypoints>
        <bndbox>
            <xmin>202</xmin>
            <ymin>163</ymin>
            <xmax>202</xmax>
            <ymax>163</ymax>
        </bndbox>
    </object>
    <object>
        <name>6</name>
        <difficult>0</difficult>
        <keypoints>
            <x1>10</x1>
            <y1>185</y1>
            <v1>2</v1>
        </keypoints>
        <bndbox>
            <xmin>10</xmin>
            <ymin>185</ymin>
            <xmax>10</xmax>
            <ymax>185</ymax>
        </bndbox>
    </object>
    <object>
        <name>4</name>
        <difficult>0</difficult>
        <keypoints>
            <x1>131</x1>
            <y1>139</y1>
            <v1>2</v1>
        </keypoints>
        <bndbox>
            <xmin>131</xmin>
            <ymin>139</ymin>
            <xmax>131</xmax>
            <ymax>139</ymax>
        </bndbox>
    </object>
    <object>
        <name>3</name>
        <difficult>0</difficult>
        <keypoints>
            <x1>98</x1>
            <y1>132</y1>
            <v1>2</v1>
        </keypoints>
        <bndbox>
            <xmin>98</xmin>
            <ymin>132</ymin>
            <xmax>98</xmax>
            <ymax>132</ymax>
        </bndbox>
    </object>
    <object>
        <name>2</name>
        <difficult>0</difficult>
        <keypoints>
            <x1>258</x1>
            <y1>136</y1>
            <v1>2</v1>
        </keypoints>
        <bndbox>
            <xmin>258</xmin>
            <ymin>136</ymin>
            <xmax>258</xmax>
            <ymax>136</ymax>
        </bndbox>
    </object>
    <object>
        <name>1</name>
        <difficult>0</difficult>
        <keypoints>
            <x1>152</x1>
            <y1>115</y1>
            <v1>2</v1>
        </keypoints>
        <bndbox>
            <xmin>152</xmin>
            <ymin>115</ymin>
            <xmax>152</xmax>
            <ymax>115</ymax>
        </bndbox>
    </object>
    <object>
        <name>0</name>
        <difficult>0</difficult>
        <keypoints>
            <x1>205</x1>
            <y1>98</y1>
            <v1>2</v1>
        </keypoints>
        <bndbox>
            <xmin>205</xmin>
            <ymin>98</ymin>
            <xmax>205</xmax>
            <ymax>98</ymax>
        </bndbox>
    </object>
</annotation>