<annotation>
    <folder>JPEGImages</folder>
    <filename>PL30_18.jpg</filename>
    <size>
        <width>320</width>
        <height>320</height>
        <depth>3</depth>
    </size>
    <object>
        <name>24</name>
        <difficult>0</difficult>
        <keypoints>
            <x1>15</x1>
            <y1>185</y1>
            <v1>2</v1>
        </keypoints>
        <bndbox>
            <xmin>15</xmin>
            <ymin>185</ymin>
            <xmax>15</xmax>
            <ymax>185</ymax>
        </bndbox>
    </object>
    <object>
        <name>23</name>
        <difficult>0</difficult>
        <keypoints>
            <x1>78</x1>
            <y1>140</y1>
            <v1>2</v1>
        </keypoints>
        <bndbox>
            <xmin>78</xmin>
            <ymin>140</ymin>
            <xmax>78</xmax>
            <ymax>140</ymax>
        </bndbox>
    </object>
    <object>
        <name>2</name>
        <difficult>0</difficult>
        <keypoints>
            <x1>119</x1>
            <y1>110</y1>
            <v1>2</v1>
        </keypoints>
        <bndbox>
            <xmin>119</xmin>
            <ymin>110</ymin>
            <xmax>119</xmax>
            <ymax>110</ymax>
        </bndbox>
    </object>
    <object>
        <name>0</name>
        <difficult>0</difficult>
        <keypoints>
            <x1>15</x1>
            <y1>73</y1>
            <v1>2</v1>
        </keypoints>
        <bndbox>
            <xmin>15</xmin>
            <ymin>73</ymin>
            <xmax>15</xmax>
            <ymax>73</ymax>
        </bndbox>
    </object>
</annotation>