<annotation>
    <folder>JPEGImages</folder>
    <filename>PL31_31.jpg</filename>
    <size>
        <width>320</width>
        <height>320</height>
        <depth>3</depth>
    </size>
    <object>
        <name>24</name>
        <difficult>0</difficult>
        <keypoints>
            <x1>187</x1>
            <y1>197</y1>
            <v1>2</v1>
        </keypoints>
        <bndbox>
            <xmin>187</xmin>
            <ymin>197</ymin>
            <xmax>187</xmax>
            <ymax>197</ymax>
        </bndbox>
    </object>
    <object>
        <name>23</name>
        <difficult>0</difficult>
        <keypoints>
            <x1>273</x1>
            <y1>140</y1>
            <v1>2</v1>
        </keypoints>
        <bndbox>
            <xmin>273</xmin>
            <ymin>140</ymin>
            <xmax>273</xmax>
            <ymax>140</ymax>
        </bndbox>
    </object>
    <object>
        <name>8</name>
        <difficult>0</difficult>
        <keypoints>
            <x1>81</x1>
            <y1>270</y1>
            <v1>2</v1>
        </keypoints>
        <bndbox>
            <xmin>81</xmin>
            <ymin>270</ymin>
            <xmax>81</xmax>
            <ymax>270</ymax>
        </bndbox>
    </object>
    <object>
        <name>6</name>
        <difficult>0</difficult>
        <keypoints>
            <x1>63</x1>
            <y1>173</y1>
            <v1>2</v1>
        </keypoints>
        <bndbox>
            <xmin>63</xmin>
            <ymin>173</ymin>
            <xmax>63</xmax>
            <ymax>173</ymax>
        </bndbox>
    </object>
    <object>
        <name>5</name>
        <difficult>0</difficult>
        <keypoints>
            <x1>15</x1>
            <y1>158</y1>
            <v1>2</v1>
        </keypoints>
        <bndbox>
            <xmin>15</xmin>
            <ymin>158</ymin>
            <xmax>15</xmax>
            <ymax>158</ymax>
        </bndbox>
    </object>
    <object>
        <name>4</name>
        <difficult>0</difficult>
        <keypoints>
            <x1>182</x1>
            <y1>109</y1>
            <v1>2</v1>
        </keypoints>
        <bndbox>
            <xmin>182</xmin>
            <ymin>109</ymin>
            <xmax>182</xmax>
            <ymax>109</ymax>
        </bndbox>
    </object>
    <object>
        <name>3</name>
        <difficult>0</difficult>
        <keypoints>
            <x1>139</x1>
            <y1>99</y1>
            <v1>2</v1>
        </keypoints>
        <bndbox>
            <xmin>139</xmin>
            <ymin>99</ymin>
            <xmax>139</xmax>
            <ymax>99</ymax>
        </bndbox>
    </object>
    <object>
        <name>1</name>
        <difficult>0</difficult>
        <keypoints>
            <x1>197</x1>
            <y1>72</y1>
            <v1>2</v1>
        </keypoints>
        <bndbox>
            <xmin>197</xmin>
            <ymin>72</ymin>
            <xmax>197</xmax>
            <ymax>72</ymax>
        </bndbox>
    </object>
    <object>
        <name>0</name>
        <difficult>0</difficult>
        <keypoints>
            <x1>256</x1>
            <y1>44</y1>
            <v1>2</v1>
        </keypoints>
        <bndbox>
            <xmin>256</xmin>
            <ymin>44</ymin>
            <xmax>256</xmax>
            <ymax>44</ymax>
        </bndbox>
    </object>
</annotation>