<annotation>
    <folder>JPEGImages</folder>
    <filename>PL33_44.jpg</filename>
    <size>
        <width>320</width>
        <height>320</height>
        <depth>3</depth>
    </size>
    <object>
        <name>27</name>
        <difficult>0</difficult>
        <keypoints>
            <x1>250</x1>
            <y1>147</y1>
            <v1>2</v1>
        </keypoints>
        <bndbox>
            <xmin>250</xmin>
            <ymin>147</ymin>
            <xmax>250</xmax>
            <ymax>147</ymax>
        </bndbox>
    </object>
    <object>
        <name>15</name>
        <difficult>0</difficult>
        <keypoints>
            <x1>190</x1>
            <y1>106</y1>
            <v1>2</v1>
        </keypoints>
        <bndbox>
            <xmin>190</xmin>
            <ymin>106</ymin>
            <xmax>190</xmax>
            <ymax>106</ymax>
        </bndbox>
    </object>
    <object>
        <name>13</name>
        <difficult>0</difficult>
        <keypoints>
            <x1>286</x1>
            <y1>62</y1>
            <v1>2</v1>
        </keypoints>
        <bndbox>
            <xmin>286</xmin>
            <ymin>62</ymin>
            <xmax>286</xmax>
            <ymax>62</ymax>
        </bndbox>
    </object>
</annotation>