<annotation>
    <folder>JPEGImages</folder>
    <filename>PL33_18.jpg</filename>
    <size>
        <width>320</width>
        <height>320</height>
        <depth>3</depth>
    </size>
    <object>
        <name>26</name>
        <difficult>0</difficult>
        <keypoints>
            <x1>214</x1>
            <y1>223</y1>
            <v1>2</v1>
        </keypoints>
        <bndbox>
            <xmin>214</xmin>
            <ymin>223</ymin>
            <xmax>214</xmax>
            <ymax>223</ymax>
        </bndbox>
    </object>
    <object>
        <name>25</name>
        <difficult>0</difficult>
        <keypoints>
            <x1>213</x1>
            <y1>129</y1>
            <v1>2</v1>
        </keypoints>
        <bndbox>
            <xmin>213</xmin>
            <ymin>129</ymin>
            <xmax>213</xmax>
            <ymax>129</ymax>
        </bndbox>
    </object>
    <object>
        <name>11</name>
        <difficult>0</difficult>
        <keypoints>
            <x1>214</x1>
            <y1>168</y1>
            <v1>2</v1>
        </keypoints>
        <bndbox>
            <xmin>214</xmin>
            <ymin>168</ymin>
            <xmax>214</xmax>
            <ymax>168</ymax>
        </bndbox>
    </object>
    <object>
        <name>10</name>
        <difficult>0</difficult>
        <keypoints>
            <x1>214</x1>
            <y1>66</y1>
            <v1>2</v1>
        </keypoints>
        <bndbox>
            <xmin>214</xmin>
            <ymin>66</ymin>
            <xmax>214</xmax>
            <ymax>66</ymax>
        </bndbox>
    </object>
</annotation>