<annotation>
    <folder>JPEGImages</folder>
    <filename>PL34_54.jpg</filename>
    <size>
        <width>320</width>
        <height>320</height>
        <depth>3</depth>
    </size>
    <object>
        <name>8</name>
        <difficult>0</difficult>
        <keypoints>
            <x1>252</x1>
            <y1>250</y1>
            <v1>2</v1>
        </keypoints>
        <bndbox>
            <xmin>252</xmin>
            <ymin>250</ymin>
            <xmax>252</xmax>
            <ymax>250</ymax>
        </bndbox>
    </object>
    <object>
        <name>7</name>
        <difficult>0</difficult>
        <keypoints>
            <x1>83</x1>
            <y1>176</y1>
            <v1>2</v1>
        </keypoints>
        <bndbox>
            <xmin>83</xmin>
            <ymin>176</ymin>
            <xmax>83</xmax>
            <ymax>176</ymax>
        </bndbox>
    </object>
    <object>
        <name>6</name>
        <difficult>0</difficult>
        <keypoints>
            <x1>209</x1>
            <y1>141</y1>
            <v1>2</v1>
        </keypoints>
        <bndbox>
            <xmin>209</xmin>
            <ymin>141</ymin>
            <xmax>209</xmax>
            <ymax>141</ymax>
        </bndbox>
    </object>
    <object>
        <name>5</name>
        <difficult>0</difficult>
        <keypoints>
            <x1>160</x1>
            <y1>124</y1>
            <v1>2</v1>
        </keypoints>
        <bndbox>
            <xmin>160</xmin>
            <ymin>124</ymin>
            <xmax>160</xmax>
            <ymax>124</ymax>
        </bndbox>
    </object>
    <object>
        <name>4</name>
        <difficult>0</difficult>
        <keypoints>
            <x1>309</x1>
            <y1>69</y1>
            <v1>2</v1>
        </keypoints>
        <bndbox>
            <xmin>309</xmin>
            <ymin>69</ymin>
            <xmax>309</xmax>
            <ymax>69</ymax>
        </bndbox>
    </object>
    <object>
        <name>3</name>
        <difficult>0</difficult>
        <keypoints>
            <x1>264</x1>
            <y1>56</y1>
            <v1>2</v1>
        </keypoints>
        <bndbox>
            <xmin>264</xmin>
            <ymin>56</ymin>
            <xmax>264</xmax>
            <ymax>56</ymax>
        </bndbox>
    </object>
    <object>
        <name>1</name>
        <difficult>0</difficult>
        <keypoints>
            <x1>315</x1>
            <y1>24</y1>
            <v1>2</v1>
        </keypoints>
        <bndbox>
            <xmin>315</xmin>
            <ymin>24</ymin>
            <xmax>315</xmax>
            <ymax>24</ymax>
        </bndbox>
    </object>
</annotation>