<annotation>
    <folder>JPEGImages</folder>
    <filename>PL36_32.jpg</filename>
    <size>
        <width>320</width>
        <height>320</height>
        <depth>3</depth>
    </size>
    <object>
        <name>23</name>
        <difficult>0</difficult>
        <keypoints>
            <x1>100</x1>
            <y1>127</y1>
            <v1>2</v1>
        </keypoints>
        <bndbox>
            <xmin>100</xmin>
            <ymin>127</ymin>
            <xmax>100</xmax>
            <ymax>127</ymax>
        </bndbox>
    </object>
    <object>
        <name>4</name>
        <difficult>0</difficult>
        <keypoints>
            <x1>11</x1>
            <y1>111</y1>
            <v1>2</v1>
        </keypoints>
        <bndbox>
            <xmin>11</xmin>
            <ymin>111</ymin>
            <xmax>11</xmax>
            <ymax>111</ymax>
        </bndbox>
    </object>
    <object>
        <name>2</name>
        <difficult>0</difficult>
        <keypoints>
            <x1>155</x1>
            <y1>99</y1>
            <v1>2</v1>
        </keypoints>
        <bndbox>
            <xmin>155</xmin>
            <ymin>99</ymin>
            <xmax>155</xmax>
            <ymax>99</ymax>
        </bndbox>
    </object>
    <object>
        <name>1</name>
        <difficult>0</difficult>
        <keypoints>
            <x1>32</x1>
            <y1>85</y1>
            <v1>2</v1>
        </keypoints>
        <bndbox>
            <xmin>32</xmin>
            <ymin>85</ymin>
            <xmax>32</xmax>
            <ymax>85</ymax>
        </bndbox>
    </object>
    <object>
        <name>0</name>
        <difficult>0</difficult>
        <keypoints>
            <x1>91</x1>
            <y1>65</y1>
            <v1>2</v1>
        </keypoints>
        <bndbox>
            <xmin>91</xmin>
            <ymin>65</ymin>
            <xmax>91</xmax>
            <ymax>65</ymax>
        </bndbox>
    </object>
</annotation>