<annotation>
    <folder>JPEGImages</folder>
    <filename>PL37_13.jpg</filename>
    <size>
        <width>320</width>
        <height>320</height>
        <depth>3</depth>
    </size>
    <object>
        <name>15</name>
        <difficult>0</difficult>
        <keypoints>
            <x1>319</x1>
            <y1>121</y1>
            <v1>2</v1>
        </keypoints>
        <bndbox>
            <xmin>319</xmin>
            <ymin>121</ymin>
            <xmax>319</xmax>
            <ymax>121</ymax>
        </bndbox>
    </object>
</annotation>