<annotation>
    <folder>JPEGImages</folder>
    <filename>PL38_40.jpg</filename>
    <size>
        <width>320</width>
        <height>320</height>
        <depth>3</depth>
    </size>
    <object>
        <name>28</name>
        <difficult>0</difficult>
        <keypoints>
            <x1>84</x1>
            <y1>187</y1>
            <v1>2</v1>
        </keypoints>
        <bndbox>
            <xmin>84</xmin>
            <ymin>187</ymin>
            <xmax>84</xmax>
            <ymax>187</ymax>
        </bndbox>
    </object>
    <object>
        <name>21</name>
        <difficult>0</difficult>
        <keypoints>
            <x1>237</x1>
            <y1>230</y1>
            <v1>2</v1>
        </keypoints>
        <bndbox>
            <xmin>237</xmin>
            <ymin>230</ymin>
            <xmax>237</xmax>
            <ymax>230</ymax>
        </bndbox>
    </object>
    <object>
        <name>19</name>
        <difficult>0</difficult>
        <keypoints>
            <x1>220</x1>
            <y1>166</y1>
            <v1>2</v1>
        </keypoints>
        <bndbox>
            <xmin>220</xmin>
            <ymin>166</ymin>
            <xmax>220</xmax>
            <ymax>166</ymax>
        </bndbox>
    </object>
    <object>
        <name>18</name>
        <difficult>0</difficult>
        <keypoints>
            <x1>269</x1>
            <y1>155</y1>
            <v1>2</v1>
        </keypoints>
        <bndbox>
            <xmin>269</xmin>
            <ymin>155</ymin>
            <xmax>269</xmax>
            <ymax>155</ymax>
        </bndbox>
    </object>
    <object>
        <name>17</name>
        <difficult>0</difficult>
        <keypoints>
            <x1>63</x1>
            <y1>134</y1>
            <v1>2</v1>
        </keypoints>
        <bndbox>
            <xmin>63</xmin>
            <ymin>134</ymin>
            <xmax>63</xmax>
            <ymax>134</ymax>
        </bndbox>
    </object>
    <object>
        <name>16</name>
        <difficult>0</difficult>
        <keypoints>
            <x1>108</x1>
            <y1>126</y1>
            <v1>2</v1>
        </keypoints>
        <bndbox>
            <xmin>108</xmin>
            <ymin>126</ymin>
            <xmax>108</xmax>
            <ymax>126</ymax>
        </bndbox>
    </object>
    <object>
        <name>14</name>
        <difficult>0</difficult>
        <keypoints>
            <x1>34</x1>
            <y1>112</y1>
            <v1>2</v1>
        </keypoints>
        <bndbox>
            <xmin>34</xmin>
            <ymin>112</ymin>
            <xmax>34</xmax>
            <ymax>112</ymax>
        </bndbox>
    </object>
</annotation>