<annotation>
    <folder>JPEGImages</folder>
    <filename>PL39_44.jpg</filename>
    <size>
        <width>320</width>
        <height>320</height>
        <depth>3</depth>
    </size>
    <object>
        <name>26</name>
        <difficult>0</difficult>
        <keypoints>
            <x1>310</x1>
            <y1>149</y1>
            <v1>2</v1>
        </keypoints>
        <bndbox>
            <xmin>310</xmin>
            <ymin>149</ymin>
            <xmax>310</xmax>
            <ymax>149</ymax>
        </bndbox>
    </object>
    <object>
        <name>25</name>
        <difficult>0</difficult>
        <keypoints>
            <x1>314</x1>
            <y1>84</y1>
            <v1>2</v1>
        </keypoints>
        <bndbox>
            <xmin>314</xmin>
            <ymin>84</ymin>
            <xmax>314</xmax>
            <ymax>84</ymax>
        </bndbox>
    </object>
    <object>
        <name>23</name>
        <difficult>0</difficult>
        <keypoints>
            <x1>54</x1>
            <y1>66</y1>
            <v1>2</v1>
        </keypoints>
        <bndbox>
            <xmin>54</xmin>
            <ymin>66</ymin>
            <xmax>54</xmax>
            <ymax>66</ymax>
        </bndbox>
    </object>
    <object>
        <name>11</name>
        <difficult>0</difficult>
        <keypoints>
            <x1>312</x1>
            <y1>111</y1>
            <v1>2</v1>
        </keypoints>
        <bndbox>
            <xmin>312</xmin>
            <ymin>111</ymin>
            <xmax>312</xmax>
            <ymax>111</ymax>
        </bndbox>
    </object>
    <object>
        <name>10</name>
        <difficult>0</difficult>
        <keypoints>
            <x1>316</x1>
            <y1>40</y1>
            <v1>2</v1>
        </keypoints>
        <bndbox>
            <xmin>316</xmin>
            <ymin>40</ymin>
            <xmax>316</xmax>
            <ymax>40</ymax>
        </bndbox>
    </object>
    <object>
        <name>2</name>
        <difficult>0</difficult>
        <keypoints>
            <x1>94</x1>
            <y1>46</y1>
            <v1>2</v1>
        </keypoints>
        <bndbox>
            <xmin>94</xmin>
            <ymin>46</ymin>
            <xmax>94</xmax>
            <ymax>46</ymax>
        </bndbox>
    </object>
    <object>
        <name>1</name>
        <difficult>0</difficult>
        <keypoints>
            <x1>6</x1>
            <y1>37</y1>
            <v1>2</v1>
        </keypoints>
        <bndbox>
            <xmin>6</xmin>
            <ymin>37</ymin>
            <xmax>6</xmax>
            <ymax>37</ymax>
        </bndbox>
    </object>
    <object>
        <name>0</name>
        <difficult>0</difficult>
        <keypoints>
            <x1>47</x1>
            <y1>23</y1>
            <v1>2</v1>
        </keypoints>
        <bndbox>
            <xmin>47</xmin>
            <ymin>23</ymin>
            <xmax>47</xmax>
            <ymax>23</ymax>
        </bndbox>
    </object>
</annotation>