<annotation>
    <folder>JPEGImages</folder>
    <filename>PL40_04.jpg</filename>
    <size>
        <width>320</width>
        <height>320</height>
        <depth>3</depth>
    </size>
    <object>
        <name>25</name>
        <difficult>0</difficult>
        <keypoints>
            <x1>299</x1>
            <y1>47</y1>
            <v1>2</v1>
        </keypoints>
        <bndbox>
            <xmin>299</xmin>
            <ymin>47</ymin>
            <xmax>299</xmax>
            <ymax>47</ymax>
        </bndbox>
    </object>
    <object>
        <name>24</name>
        <difficult>0</difficult>
        <keypoints>
            <x1>94</x1>
            <y1>132</y1>
            <v1>2</v1>
        </keypoints>
        <bndbox>
            <xmin>94</xmin>
            <ymin>132</ymin>
            <xmax>94</xmax>
            <ymax>132</ymax>
        </bndbox>
    </object>
    <object>
        <name>23</name>
        <difficult>0</difficult>
        <keypoints>
            <x1>94</x1>
            <y1>70</y1>
            <v1>2</v1>
        </keypoints>
        <bndbox>
            <xmin>94</xmin>
            <ymin>70</ymin>
            <xmax>94</xmax>
            <ymax>70</ymax>
        </bndbox>
    </object>
    <object>
        <name>8</name>
        <difficult>0</difficult>
        <keypoints>
            <x1>92</x1>
            <y1>213</y1>
            <v1>2</v1>
        </keypoints>
        <bndbox>
            <xmin>92</xmin>
            <ymin>213</ymin>
            <xmax>92</xmax>
            <ymax>213</ymax>
        </bndbox>
    </object>
    <object>
        <name>6</name>
        <difficult>0</difficult>
        <keypoints>
            <x1>5</x1>
            <y1>150</y1>
            <v1>2</v1>
        </keypoints>
        <bndbox>
            <xmin>5</xmin>
            <ymin>150</ymin>
            <xmax>5</xmax>
            <ymax>150</ymax>
        </bndbox>
    </object>
    <object>
        <name>4</name>
        <difficult>0</difficult>
        <keypoints>
            <x1>23</x1>
            <y1>66</y1>
            <v1>2</v1>
        </keypoints>
        <bndbox>
            <xmin>23</xmin>
            <ymin>66</ymin>
            <xmax>23</xmax>
            <ymax>66</ymax>
        </bndbox>
    </object>
    <object>
        <name>2</name>
        <difficult>0</difficult>
        <keypoints>
            <x1>93</x1>
            <y1>28</y1>
            <v1>2</v1>
        </keypoints>
        <bndbox>
            <xmin>93</xmin>
            <ymin>28</ymin>
            <xmax>93</xmax>
            <ymax>28</ymax>
        </bndbox>
    </object>
</annotation>