<annotation>
    <folder>JPEGImages</folder>
    <filename>PL40_12.jpg</filename>
    <size>
        <width>320</width>
        <height>320</height>
        <depth>3</depth>
    </size>
    <object>
        <name>25</name>
        <difficult>0</difficult>
        <keypoints>
            <x1>288</x1>
            <y1>261</y1>
            <v1>2</v1>
        </keypoints>
        <bndbox>
            <xmin>288</xmin>
            <ymin>261</ymin>
            <xmax>288</xmax>
            <ymax>261</ymax>
        </bndbox>
    </object>
    <object>
        <name>10</name>
        <difficult>0</difficult>
        <keypoints>
            <x1>295</x1>
            <y1>114</y1>
            <v1>2</v1>
        </keypoints>
        <bndbox>
            <xmin>295</xmin>
            <ymin>114</ymin>
            <xmax>295</xmax>
            <ymax>114</ymax>
        </bndbox>
    </object>
</annotation>