<annotation>
    <folder>JPEGImages</folder>
    <filename>wc_173.jpg</filename>
    <size>
        <width>320</width>
        <height>320</height>
        <depth>3</depth>
    </size>
    <object>
        <name>26</name>
        <difficult>0</difficult>
        <keypoints>
            <x1>296</x1>
            <y1>221</y1>
            <v1>2</v1>
        </keypoints>
        <bndbox>
            <xmin>296</xmin>
            <ymin>221</ymin>
            <xmax>296</xmax>
            <ymax>221</ymax>
        </bndbox>
    </object>
    <object>
        <name>25</name>
        <difficult>0</difficult>
        <keypoints>
            <x1>297</x1>
            <y1>168</y1>
            <v1>2</v1>
        </keypoints>
        <bndbox>
            <xmin>297</xmin>
            <ymin>168</ymin>
            <xmax>297</xmax>
            <ymax>168</ymax>
        </bndbox>
    </object>
    <object>
        <name>23</name>
        <difficult>0</difficult>
        <keypoints>
            <x1>35</x1>
            <y1>155</y1>
            <v1>2</v1>
        </keypoints>
        <bndbox>
            <xmin>35</xmin>
            <ymin>155</ymin>
            <xmax>35</xmax>
            <ymax>155</ymax>
        </bndbox>
    </object>
    <object>
        <name>11</name>
        <difficult>0</difficult>
        <keypoints>
            <x1>298</x1>
            <y1>189</y1>
            <v1>2</v1>
        </keypoints>
        <bndbox>
            <xmin>298</xmin>
            <ymin>189</ymin>
            <xmax>298</xmax>
            <ymax>189</ymax>
        </bndbox>
    </object>
    <object>
        <name>10</name>
        <difficult>0</difficult>
        <keypoints>
            <x1>299</x1>
            <y1>125</y1>
            <v1>2</v1>
        </keypoints>
        <bndbox>
            <xmin>299</xmin>
            <ymin>125</ymin>
            <xmax>299</xmax>
            <ymax>125</ymax>
        </bndbox>
    </object>
    <object>
        <name>2</name>
        <difficult>0</difficult>
        <keypoints>
            <x1>68</x1>
            <y1>133</y1>
            <v1>2</v1>
        </keypoints>
        <bndbox>
            <xmin>68</xmin>
            <ymin>133</ymin>
            <xmax>68</xmax>
            <ymax>133</ymax>
        </bndbox>
    </object>
    <object>
        <name>0</name>
        <difficult>0</difficult>
        <keypoints>
            <x1>8</x1>
            <y1>109</y1>
            <v1>2</v1>
        </keypoints>
        <bndbox>
            <xmin>8</xmin>
            <ymin>109</ymin>
            <xmax>8</xmax>
            <ymax>109</ymax>
        </bndbox>
    </object>
</annotation>