<annotation>
    <folder>JPEGImages</folder>
    <filename>wc_182.jpg</filename>
    <size>
        <width>320</width>
        <height>320</height>
        <depth>3</depth>
    </size>
    <object>
        <name>26</name>
        <difficult>0</difficult>
        <keypoints>
            <x1>318</x1>
            <y1>212</y1>
            <v1>2</v1>
        </keypoints>
        <bndbox>
            <xmin>318</xmin>
            <ymin>212</ymin>
            <xmax>318</xmax>
            <ymax>212</ymax>
        </bndbox>
    </object>
    <object>
        <name>25</name>
        <difficult>0</difficult>
        <keypoints>
            <x1>317</x1>
            <y1>158</y1>
            <v1>2</v1>
        </keypoints>
        <bndbox>
            <xmin>317</xmin>
            <ymin>158</ymin>
            <xmax>317</xmax>
            <ymax>158</ymax>
        </bndbox>
    </object>
    <object>
        <name>23</name>
        <difficult>0</difficult>
        <keypoints>
            <x1>21</x1>
            <y1>148</y1>
            <v1>2</v1>
        </keypoints>
        <bndbox>
            <xmin>21</xmin>
            <ymin>148</ymin>
            <xmax>21</xmax>
            <ymax>148</ymax>
        </bndbox>
    </object>
    <object>
        <name>11</name>
        <difficult>0</difficult>
        <keypoints>
            <x1>318</x1>
            <y1>182</y1>
            <v1>2</v1>
        </keypoints>
        <bndbox>
            <xmin>318</xmin>
            <ymin>182</ymin>
            <xmax>318</xmax>
            <ymax>182</ymax>
        </bndbox>
    </object>
    <object>
        <name>10</name>
        <difficult>0</difficult>
        <keypoints>
            <x1>319</x1>
            <y1>108</y1>
            <v1>2</v1>
        </keypoints>
        <bndbox>
            <xmin>319</xmin>
            <ymin>108</ymin>
            <xmax>319</xmax>
            <ymax>108</ymax>
        </bndbox>
    </object>
    <object>
        <name>2</name>
        <difficult>0</difficult>
        <keypoints>
            <x1>52</x1>
            <y1>122</y1>
            <v1>2</v1>
        </keypoints>
        <bndbox>
            <xmin>52</xmin>
            <ymin>122</ymin>
            <xmax>52</xmax>
            <ymax>122</ymax>
        </bndbox>
    </object>
</annotation>