<annotation>
    <folder>JPEGImages</folder>
    <filename>wc_125.jpg</filename>
    <size>
        <width>320</width>
        <height>320</height>
        <depth>3</depth>
    </size>
    <object>
        <name>28</name>
        <difficult>0</difficult>
        <keypoints>
            <x1>271</x1>
            <y1>166</y1>
            <v1>2</v1>
        </keypoints>
        <bndbox>
            <xmin>271</xmin>
            <ymin>166</ymin>
            <xmax>271</xmax>
            <ymax>166</ymax>
        </bndbox>
    </object>
    <object>
        <name>27</name>
        <difficult>0</difficult>
        <keypoints>
            <x1>231</x1>
            <y1>132</y1>
            <v1>2</v1>
        </keypoints>
        <bndbox>
            <xmin>231</xmin>
            <ymin>132</ymin>
            <xmax>231</xmax>
            <ymax>132</ymax>
        </bndbox>
    </object>
    <object>
        <name>26</name>
        <difficult>0</difficult>
        <keypoints>
            <x1>4</x1>
            <y1>208</y1>
            <v1>2</v1>
        </keypoints>
        <bndbox>
            <xmin>4</xmin>
            <ymin>208</ymin>
            <xmax>4</xmax>
            <ymax>208</ymax>
        </bndbox>
    </object>
    <object>
        <name>25</name>
        <difficult>0</difficult>
        <keypoints>
            <x1>3</x1>
            <y1>151</y1>
            <v1>2</v1>
        </keypoints>
        <bndbox>
            <xmin>3</xmin>
            <ymin>151</ymin>
            <xmax>3</xmax>
            <ymax>151</ymax>
        </bndbox>
    </object>
    <object>
        <name>17</name>
        <difficult>0</difficult>
        <keypoints>
            <x1>291</x1>
            <y1>121</y1>
            <v1>2</v1>
        </keypoints>
        <bndbox>
            <xmin>291</xmin>
            <ymin>121</ymin>
            <xmax>291</xmax>
            <ymax>121</ymax>
        </bndbox>
    </object>
    <object>
        <name>16</name>
        <difficult>0</difficult>
        <keypoints>
            <x1>318</x1>
            <y1>118</y1>
            <v1>2</v1>
        </keypoints>
        <bndbox>
            <xmin>318</xmin>
            <ymin>118</ymin>
            <xmax>318</xmax>
            <ymax>118</ymax>
        </bndbox>
    </object>
    <object>
        <name>15</name>
        <difficult>0</difficult>
        <keypoints>
            <x1>206</x1>
            <y1>109</y1>
            <v1>2</v1>
        </keypoints>
        <bndbox>
            <xmin>206</xmin>
            <ymin>109</ymin>
            <xmax>206</xmax>
            <ymax>109</ymax>
        </bndbox>
    </object>
    <object>
        <name>14</name>
        <difficult>0</difficult>
        <keypoints>
            <x1>287</x1>
            <y1>100</y1>
            <v1>2</v1>
        </keypoints>
        <bndbox>
            <xmin>287</xmin>
            <ymin>100</ymin>
            <xmax>287</xmax>
            <ymax>100</ymax>
        </bndbox>
    </object>
    <object>
        <name>13</name>
        <difficult>0</difficult>
        <keypoints>
            <x1>257</x1>
            <y1>82</y1>
            <v1>2</v1>
        </keypoints>
        <bndbox>
            <xmin>257</xmin>
            <ymin>82</ymin>
            <xmax>257</xmax>
            <ymax>82</ymax>
        </bndbox>
    </object>
    <object>
        <name>11</name>
        <difficult>0</difficult>
        <keypoints>
            <x1>3</x1>
            <y1>176</y1>
            <v1>2</v1>
        </keypoints>
        <bndbox>
            <xmin>3</xmin>
            <ymin>176</ymin>
            <xmax>3</xmax>
            <ymax>176</ymax>
        </bndbox>
    </object>
</annotation>