<annotation>
    <folder>JPEGImages</folder>
    <filename>wc_180.jpg</filename>
    <size>
        <width>320</width>
        <height>320</height>
        <depth>3</depth>
    </size>
    <object>
        <name>26</name>
        <difficult>0</difficult>
        <keypoints>
            <x1>27</x1>
            <y1>211</y1>
            <v1>2</v1>
        </keypoints>
        <bndbox>
            <xmin>27</xmin>
            <ymin>211</ymin>
            <xmax>27</xmax>
            <ymax>211</ymax>
        </bndbox>
    </object>
    <object>
        <name>25</name>
        <difficult>0</difficult>
        <keypoints>
            <x1>26</x1>
            <y1>156</y1>
            <v1>2</v1>
        </keypoints>
        <bndbox>
            <xmin>26</xmin>
            <ymin>156</ymin>
            <xmax>26</xmax>
            <ymax>156</ymax>
        </bndbox>
    </object>
    <object>
        <name>15</name>
        <difficult>0</difficult>
        <keypoints>
            <x1>296</x1>
            <y1>121</y1>
            <v1>2</v1>
        </keypoints>
        <bndbox>
            <xmin>296</xmin>
            <ymin>121</ymin>
            <xmax>296</xmax>
            <ymax>121</ymax>
        </bndbox>
    </object>
    <object>
        <name>11</name>
        <difficult>0</difficult>
        <keypoints>
            <x1>26</x1>
            <y1>181</y1>
            <v1>2</v1>
        </keypoints>
        <bndbox>
            <xmin>26</xmin>
            <ymin>181</ymin>
            <xmax>26</xmax>
            <ymax>181</ymax>
        </bndbox>
    </object>
    <object>
        <name>10</name>
        <difficult>0</difficult>
        <keypoints>
            <x1>25</x1>
            <y1>107</y1>
            <v1>2</v1>
        </keypoints>
        <bndbox>
            <xmin>25</xmin>
            <ymin>107</ymin>
            <xmax>25</xmax>
            <ymax>107</ymax>
        </bndbox>
    </object>
</annotation>