<annotation>
    <folder>JPEGImages</folder>
    <filename>wc_156.jpg</filename>
    <size>
        <width>320</width>
        <height>320</height>
        <depth>3</depth>
    </size>
    <object>
        <name>28</name>
        <difficult>0</difficult>
        <keypoints>
            <x1>298</x1>
            <y1>155</y1>
            <v1>2</v1>
        </keypoints>
        <bndbox>
            <xmin>298</xmin>
            <ymin>155</ymin>
            <xmax>298</xmax>
            <ymax>155</ymax>
        </bndbox>
    </object>
    <object>
        <name>27</name>
        <difficult>0</difficult>
        <keypoints>
            <x1>251</x1>
            <y1>123</y1>
            <v1>2</v1>
        </keypoints>
        <bndbox>
            <xmin>251</xmin>
            <ymin>123</ymin>
            <xmax>251</xmax>
            <ymax>123</ymax>
        </bndbox>
    </object>
    <object>
        <name>26</name>
        <difficult>0</difficult>
        <keypoints>
            <x1>28</x1>
            <y1>190</y1>
            <v1>2</v1>
        </keypoints>
        <bndbox>
            <xmin>28</xmin>
            <ymin>190</ymin>
            <xmax>28</xmax>
            <ymax>190</ymax>
        </bndbox>
    </object>
    <object>
        <name>25</name>
        <difficult>0</difficult>
        <keypoints>
            <x1>25</x1>
            <y1>138</y1>
            <v1>2</v1>
        </keypoints>
        <bndbox>
            <xmin>25</xmin>
            <ymin>138</ymin>
            <xmax>25</xmax>
            <ymax>138</ymax>
        </bndbox>
    </object>
    <object>
        <name>17</name>
        <difficult>0</difficult>
        <keypoints>
            <x1>307</x1>
            <y1>114</y1>
            <v1>2</v1>
        </keypoints>
        <bndbox>
            <xmin>307</xmin>
            <ymin>114</ymin>
            <xmax>307</xmax>
            <ymax>114</ymax>
        </bndbox>
    </object>
    <object>
        <name>15</name>
        <difficult>0</difficult>
        <keypoints>
            <x1>222</x1>
            <y1>105</y1>
            <v1>2</v1>
        </keypoints>
        <bndbox>
            <xmin>222</xmin>
            <ymin>105</ymin>
            <xmax>222</xmax>
            <ymax>105</ymax>
        </bndbox>
    </object>
    <object>
        <name>14</name>
        <difficult>0</difficult>
        <keypoints>
            <x1>299</x1>
            <y1>97</y1>
            <v1>2</v1>
        </keypoints>
        <bndbox>
            <xmin>299</xmin>
            <ymin>97</ymin>
            <xmax>299</xmax>
            <ymax>97</ymax>
        </bndbox>
    </object>
    <object>
        <name>13</name>
        <difficult>0</difficult>
        <keypoints>
            <x1>267</x1>
            <y1>83</y1>
            <v1>2</v1>
        </keypoints>
        <bndbox>
            <xmin>267</xmin>
            <ymin>83</ymin>
            <xmax>267</xmax>
            <ymax>83</ymax>
        </bndbox>
    </object>
    <object>
        <name>11</name>
        <difficult>0</difficult>
        <keypoints>
            <x1>27</x1>
            <y1>161</y1>
            <v1>2</v1>
        </keypoints>
        <bndbox>
            <xmin>27</xmin>
            <ymin>161</ymin>
            <xmax>27</xmax>
            <ymax>161</ymax>
        </bndbox>
    </object>
    <object>
        <name>10</name>
        <difficult>0</difficult>
        <keypoints>
            <x1>24</x1>
            <y1>98</y1>
            <v1>2</v1>
        </keypoints>
        <bndbox>
            <xmin>24</xmin>
            <ymin>98</ymin>
            <xmax>24</xmax>
            <ymax>98</ymax>
        </bndbox>
    </object>
</annotation>