<annotation>
    <folder>JPEGImages</folder>
    <filename>wc_138.jpg</filename>
    <size>
        <width>320</width>
        <height>320</height>
        <depth>3</depth>
    </size>
    <object>
        <name>28</name>
        <difficult>0</difficult>
        <keypoints>
            <x1>91</x1>
            <y1>217</y1>
            <v1>2</v1>
        </keypoints>
        <bndbox>
            <xmin>91</xmin>
            <ymin>217</ymin>
            <xmax>91</xmax>
            <ymax>217</ymax>
        </bndbox>
    </object>
    <object>
        <name>27</name>
        <difficult>0</difficult>
        <keypoints>
            <x1>18</x1>
            <y1>169</y1>
            <v1>2</v1>
        </keypoints>
        <bndbox>
            <xmin>18</xmin>
            <ymin>169</ymin>
            <xmax>18</xmax>
            <ymax>169</ymax>
        </bndbox>
    </object>
    <object>
        <name>21</name>
        <difficult>0</difficult>
        <keypoints>
            <x1>182</x1>
            <y1>279</y1>
            <v1>2</v1>
        </keypoints>
        <bndbox>
            <xmin>182</xmin>
            <ymin>279</ymin>
            <xmax>182</xmax>
            <ymax>279</ymax>
        </bndbox>
    </object>
    <object>
        <name>19</name>
        <difficult>0</difficult>
        <keypoints>
            <x1>212</x1>
            <y1>196</y1>
            <v1>2</v1>
        </keypoints>
        <bndbox>
            <xmin>212</xmin>
            <ymin>196</ymin>
            <xmax>212</xmax>
            <ymax>196</ymax>
        </bndbox>
    </object>
    <object>
        <name>18</name>
        <difficult>0</difficult>
        <keypoints>
            <x1>260</x1>
            <y1>184</y1>
            <v1>2</v1>
        </keypoints>
        <bndbox>
            <xmin>260</xmin>
            <ymin>184</ymin>
            <xmax>260</xmax>
            <ymax>184</ymax>
        </bndbox>
    </object>
    <object>
        <name>17</name>
        <difficult>0</difficult>
        <keypoints>
            <x1>110</x1>
            <y1>143</y1>
            <v1>2</v1>
        </keypoints>
        <bndbox>
            <xmin>110</xmin>
            <ymin>143</ymin>
            <xmax>110</xmax>
            <ymax>143</ymax>
        </bndbox>
    </object>
    <object>
        <name>16</name>
        <difficult>0</difficult>
        <keypoints>
            <x1>151</x1>
            <y1>133</y1>
            <v1>2</v1>
        </keypoints>
        <bndbox>
            <xmin>151</xmin>
            <ymin>133</ymin>
            <xmax>151</xmax>
            <ymax>133</ymax>
        </bndbox>
    </object>
    <object>
        <name>14</name>
        <difficult>0</difficult>
        <keypoints>
            <x1>100</x1>
            <y1>110</y1>
            <v1>2</v1>
        </keypoints>
        <bndbox>
            <xmin>100</xmin>
            <ymin>110</ymin>
            <xmax>100</xmax>
            <ymax>110</ymax>
        </bndbox>
    </object>
    <object>
        <name>13</name>
        <difficult>0</difficult>
        <keypoints>
            <x1>47</x1>
            <y1>84</y1>
            <v1>2</v1>
        </keypoints>
        <bndbox>
            <xmin>47</xmin>
            <ymin>84</ymin>
            <xmax>47</xmax>
            <ymax>84</ymax>
        </bndbox>
    </object>
</annotation>