<annotation>
    <folder>JPEGImages</folder>
    <filename>wc_184.jpg</filename>
    <size>
        <width>320</width>
        <height>320</height>
        <depth>3</depth>
    </size>
    <object>
        <name>26</name>
        <difficult>0</difficult>
        <keypoints>
            <x1>125</x1>
            <y1>205</y1>
            <v1>2</v1>
        </keypoints>
        <bndbox>
            <xmin>125</xmin>
            <ymin>205</ymin>
            <xmax>125</xmax>
            <ymax>205</ymax>
        </bndbox>
    </object>
    <object>
        <name>25</name>
        <difficult>0</difficult>
        <keypoints>
            <x1>124</x1>
            <y1>151</y1>
            <v1>2</v1>
        </keypoints>
        <bndbox>
            <xmin>124</xmin>
            <ymin>151</ymin>
            <xmax>124</xmax>
            <ymax>151</ymax>
        </bndbox>
    </object>
    <object>
        <name>11</name>
        <difficult>0</difficult>
        <keypoints>
            <x1>124</x1>
            <y1>174</y1>
            <v1>2</v1>
        </keypoints>
        <bndbox>
            <xmin>124</xmin>
            <ymin>174</ymin>
            <xmax>124</xmax>
            <ymax>174</ymax>
        </bndbox>
    </object>
    <object>
        <name>10</name>
        <difficult>0</difficult>
        <keypoints>
            <x1>124</x1>
            <y1>103</y1>
            <v1>2</v1>
        </keypoints>
        <bndbox>
            <xmin>124</xmin>
            <ymin>103</ymin>
            <xmax>124</xmax>
            <ymax>103</ymax>
        </bndbox>
    </object>
</annotation>