<annotation>
    <folder>JPEGImages</folder>
    <filename>wc_164.jpg</filename>
    <size>
        <width>320</width>
        <height>320</height>
        <depth>3</depth>
    </size>
    <object>
        <name>28</name>
        <difficult>0</difficult>
        <keypoints>
            <x1>137</x1>
            <y1>190</y1>
            <v1>2</v1>
        </keypoints>
        <bndbox>
            <xmin>137</xmin>
            <ymin>190</ymin>
            <xmax>137</xmax>
            <ymax>190</ymax>
        </bndbox>
    </object>
    <object>
        <name>27</name>
        <difficult>0</difficult>
        <keypoints>
            <x1>84</x1>
            <y1>159</y1>
            <v1>2</v1>
        </keypoints>
        <bndbox>
            <xmin>84</xmin>
            <ymin>159</ymin>
            <xmax>84</xmax>
            <ymax>159</ymax>
        </bndbox>
    </object>
    <object>
        <name>21</name>
        <difficult>0</difficult>
        <keypoints>
            <x1>200</x1>
            <y1>229</y1>
            <v1>2</v1>
        </keypoints>
        <bndbox>
            <xmin>200</xmin>
            <ymin>229</ymin>
            <xmax>200</xmax>
            <ymax>229</ymax>
        </bndbox>
    </object>
    <object>
        <name>19</name>
        <difficult>0</difficult>
        <keypoints>
            <x1>227</x1>
            <y1>181</y1>
            <v1>2</v1>
        </keypoints>
        <bndbox>
            <xmin>227</xmin>
            <ymin>181</ymin>
            <xmax>227</xmax>
            <ymax>181</ymax>
        </bndbox>
    </object>
    <object>
        <name>18</name>
        <difficult>0</difficult>
        <keypoints>
            <x1>265</x1>
            <y1>175</y1>
            <v1>2</v1>
        </keypoints>
        <bndbox>
            <xmin>265</xmin>
            <ymin>175</ymin>
            <xmax>265</xmax>
            <ymax>175</ymax>
        </bndbox>
    </object>
    <object>
        <name>17</name>
        <difficult>0</difficult>
        <keypoints>
            <x1>151</x1>
            <y1>146</y1>
            <v1>2</v1>
        </keypoints>
        <bndbox>
            <xmin>151</xmin>
            <ymin>146</ymin>
            <xmax>151</xmax>
            <ymax>146</ymax>
        </bndbox>
    </object>
    <object>
        <name>16</name>
        <difficult>0</difficult>
        <keypoints>
            <x1>183</x1>
            <y1>141</y1>
            <v1>2</v1>
        </keypoints>
        <bndbox>
            <xmin>183</xmin>
            <ymin>141</ymin>
            <xmax>183</xmax>
            <ymax>141</ymax>
        </bndbox>
    </object>
    <object>
        <name>15</name>
        <difficult>0</difficult>
        <keypoints>
            <x1>48</x1>
            <y1>138</y1>
            <v1>2</v1>
        </keypoints>
        <bndbox>
            <xmin>48</xmin>
            <ymin>138</ymin>
            <xmax>48</xmax>
            <ymax>138</ymax>
        </bndbox>
    </object>
    <object>
        <name>14</name>
        <difficult>0</difficult>
        <keypoints>
            <x1>146</x1>
            <y1>125</y1>
            <v1>2</v1>
        </keypoints>
        <bndbox>
            <xmin>146</xmin>
            <ymin>125</ymin>
            <xmax>146</xmax>
            <ymax>125</ymax>
        </bndbox>
    </object>
    <object>
        <name>13</name>
        <difficult>0</difficult>
        <keypoints>
            <x1>109</x1>
            <y1>109</y1>
            <v1>2</v1>
        </keypoints>
        <bndbox>
            <xmin>109</xmin>
            <ymin>109</ymin>
            <xmax>109</xmax>
            <ymax>109</ymax>
        </bndbox>
    </object>
</annotation>