<annotation>
    <folder>JPEGImages</folder>
    <filename>wc_132.jpg</filename>
    <size>
        <width>320</width>
        <height>320</height>
        <depth>3</depth>
    </size>
    <object>
        <name>24</name>
        <difficult>0</difficult>
        <keypoints>
            <x1>164</x1>
            <y1>156</y1>
            <v1>2</v1>
        </keypoints>
        <bndbox>
            <xmin>164</xmin>
            <ymin>156</ymin>
            <xmax>164</xmax>
            <ymax>156</ymax>
        </bndbox>
    </object>
    <object>
        <name>23</name>
        <difficult>0</difficult>
        <keypoints>
            <x1>213</x1>
            <y1>122</y1>
            <v1>2</v1>
        </keypoints>
        <bndbox>
            <xmin>213</xmin>
            <ymin>122</ymin>
            <xmax>213</xmax>
            <ymax>122</ymax>
        </bndbox>
    </object>
    <object>
        <name>8</name>
        <difficult>0</difficult>
        <keypoints>
            <x1>104</x1>
            <y1>197</y1>
            <v1>2</v1>
        </keypoints>
        <bndbox>
            <xmin>104</xmin>
            <ymin>197</ymin>
            <xmax>104</xmax>
            <ymax>197</ymax>
        </bndbox>
    </object>
    <object>
        <name>6</name>
        <difficult>0</difficult>
        <keypoints>
            <x1>82</x1>
            <y1>143</y1>
            <v1>2</v1>
        </keypoints>
        <bndbox>
            <xmin>82</xmin>
            <ymin>143</ymin>
            <xmax>82</xmax>
            <ymax>143</ymax>
        </bndbox>
    </object>
    <object>
        <name>5</name>
        <difficult>0</difficult>
        <keypoints>
            <x1>50</x1>
            <y1>134</y1>
            <v1>2</v1>
        </keypoints>
        <bndbox>
            <xmin>50</xmin>
            <ymin>134</ymin>
            <xmax>50</xmax>
            <ymax>134</ymax>
        </bndbox>
    </object>
    <object>
        <name>4</name>
        <difficult>0</difficult>
        <keypoints>
            <x1>152</x1>
            <y1>105</y1>
            <v1>2</v1>
        </keypoints>
        <bndbox>
            <xmin>152</xmin>
            <ymin>105</ymin>
            <xmax>152</xmax>
            <ymax>105</ymax>
        </bndbox>
    </object>
    <object>
        <name>3</name>
        <difficult>0</difficult>
        <keypoints>
            <x1>125</x1>
            <y1>100</y1>
            <v1>2</v1>
        </keypoints>
        <bndbox>
            <xmin>125</xmin>
            <ymin>100</ymin>
            <xmax>125</xmax>
            <ymax>100</ymax>
        </bndbox>
    </object>
    <object>
        <name>2</name>
        <difficult>0</difficult>
        <keypoints>
            <x1>246</x1>
            <y1>98</y1>
            <v1>2</v1>
        </keypoints>
        <bndbox>
            <xmin>246</xmin>
            <ymin>98</ymin>
            <xmax>246</xmax>
            <ymax>98</ymax>
        </bndbox>
    </object>
    <object>
        <name>1</name>
        <difficult>0</difficult>
        <keypoints>
            <x1>159</x1>
            <y1>83</y1>
            <v1>2</v1>
        </keypoints>
        <bndbox>
            <xmin>159</xmin>
            <ymin>83</ymin>
            <xmax>159</xmax>
            <ymax>83</ymax>
        </bndbox>
    </object>
    <object>
        <name>0</name>
        <difficult>0</difficult>
        <keypoints>
            <x1>194</x1>
            <y1>66</y1>
            <v1>2</v1>
        </keypoints>
        <bndbox>
            <xmin>194</xmin>
            <ymin>66</ymin>
            <xmax>194</xmax>
            <ymax>66</ymax>
        </bndbox>
    </object>
</annotation>