<annotation>
    <folder>JPEGImages</folder>
    <filename>wc_163.jpg</filename>
    <size>
        <width>320</width>
        <height>320</height>
        <depth>3</depth>
    </size>
    <object>
        <name>24</name>
        <difficult>0</difficult>
        <keypoints>
            <x1>98</x1>
            <y1>235</y1>
            <v1>2</v1>
        </keypoints>
        <bndbox>
            <xmin>98</xmin>
            <ymin>235</ymin>
            <xmax>98</xmax>
            <ymax>235</ymax>
        </bndbox>
    </object>
    <object>
        <name>23</name>
        <difficult>0</difficult>
        <keypoints>
            <x1>143</x1>
            <y1>205</y1>
            <v1>2</v1>
        </keypoints>
        <bndbox>
            <xmin>143</xmin>
            <ymin>205</ymin>
            <xmax>143</xmax>
            <ymax>205</ymax>
        </bndbox>
    </object>
    <object>
        <name>8</name>
        <difficult>0</difficult>
        <keypoints>
            <x1>35</x1>
            <y1>275</y1>
            <v1>2</v1>
        </keypoints>
        <bndbox>
            <xmin>35</xmin>
            <ymin>275</ymin>
            <xmax>35</xmax>
            <ymax>275</ymax>
        </bndbox>
    </object>
    <object>
        <name>6</name>
        <difficult>0</difficult>
        <keypoints>
            <x1>9</x1>
            <y1>232</y1>
            <v1>2</v1>
        </keypoints>
        <bndbox>
            <xmin>9</xmin>
            <ymin>232</ymin>
            <xmax>9</xmax>
            <ymax>232</ymax>
        </bndbox>
    </object>
    <object>
        <name>4</name>
        <difficult>0</difficult>
        <keypoints>
            <x1>81</x1>
            <y1>195</y1>
            <v1>2</v1>
        </keypoints>
        <bndbox>
            <xmin>81</xmin>
            <ymin>195</ymin>
            <xmax>81</xmax>
            <ymax>195</ymax>
        </bndbox>
    </object>
    <object>
        <name>3</name>
        <difficult>0</difficult>
        <keypoints>
            <x1>51</x1>
            <y1>192</y1>
            <v1>2</v1>
        </keypoints>
        <bndbox>
            <xmin>51</xmin>
            <ymin>192</ymin>
            <xmax>51</xmax>
            <ymax>192</ymax>
        </bndbox>
    </object>
    <object>
        <name>2</name>
        <difficult>0</difficult>
        <keypoints>
            <x1>173</x1>
            <y1>184</y1>
            <v1>2</v1>
        </keypoints>
        <bndbox>
            <xmin>173</xmin>
            <ymin>184</ymin>
            <xmax>173</xmax>
            <ymax>184</ymax>
        </bndbox>
    </object>
    <object>
        <name>1</name>
        <difficult>0</difficult>
        <keypoints>
            <x1>88</x1>
            <y1>176</y1>
            <v1>2</v1>
        </keypoints>
        <bndbox>
            <xmin>88</xmin>
            <ymin>176</ymin>
            <xmax>88</xmax>
            <ymax>176</ymax>
        </bndbox>
    </object>
    <object>
        <name>0</name>
        <difficult>0</difficult>
        <keypoints>
            <x1>120</x1>
            <y1>161</y1>
            <v1>2</v1>
        </keypoints>
        <bndbox>
            <xmin>120</xmin>
            <ymin>161</ymin>
            <xmax>120</xmax>
            <ymax>161</ymax>
        </bndbox>
    </object>
</annotation>