<annotation>
    <folder>JPEGImages</folder>
    <filename>wc_179.jpg</filename>
    <size>
        <width>320</width>
        <height>320</height>
        <depth>3</depth>
    </size>
    <object>
        <name>27</name>
        <difficult>0</difficult>
        <keypoints>
            <x1>316</x1>
            <y1>151</y1>
            <v1>2</v1>
        </keypoints>
        <bndbox>
            <xmin>316</xmin>
            <ymin>151</ymin>
            <xmax>316</xmax>
            <ymax>151</ymax>
        </bndbox>
    </object>
    <object>
        <name>26</name>
        <difficult>0</difficult>
        <keypoints>
            <x1>13</x1>
            <y1>216</y1>
            <v1>2</v1>
        </keypoints>
        <bndbox>
            <xmin>13</xmin>
            <ymin>216</ymin>
            <xmax>13</xmax>
            <ymax>216</ymax>
        </bndbox>
    </object>
    <object>
        <name>25</name>
        <difficult>0</difficult>
        <keypoints>
            <x1>13</x1>
            <y1>160</y1>
            <v1>2</v1>
        </keypoints>
        <bndbox>
            <xmin>13</xmin>
            <ymin>160</ymin>
            <xmax>13</xmax>
            <ymax>160</ymax>
        </bndbox>
    </object>
    <object>
        <name>15</name>
        <difficult>0</difficult>
        <keypoints>
            <x1>286</x1>
            <y1>124</y1>
            <v1>2</v1>
        </keypoints>
        <bndbox>
            <xmin>286</xmin>
            <ymin>124</ymin>
            <xmax>286</xmax>
            <ymax>124</ymax>
        </bndbox>
    </object>
    <object>
        <name>11</name>
        <difficult>0</difficult>
        <keypoints>
            <x1>13</x1>
            <y1>186</y1>
            <v1>2</v1>
        </keypoints>
        <bndbox>
            <xmin>13</xmin>
            <ymin>186</ymin>
            <xmax>13</xmax>
            <ymax>186</ymax>
        </bndbox>
    </object>
    <object>
        <name>10</name>
        <difficult>0</difficult>
        <keypoints>
            <x1>12</x1>
            <y1>111</y1>
            <v1>2</v1>
        </keypoints>
        <bndbox>
            <xmin>12</xmin>
            <ymin>111</ymin>
            <xmax>12</xmax>
            <ymax>111</ymax>
        </bndbox>
    </object>
</annotation>