<annotation>
    <folder>JPEGImages</folder>
    <filename>wc_126.jpg</filename>
    <size>
        <width>320</width>
        <height>320</height>
        <depth>3</depth>
    </size>
    <object>
        <name>26</name>
        <difficult>0</difficult>
        <keypoints>
            <x1>298</x1>
            <y1>239</y1>
            <v1>2</v1>
        </keypoints>
        <bndbox>
            <xmin>298</xmin>
            <ymin>239</ymin>
            <xmax>298</xmax>
            <ymax>239</ymax>
        </bndbox>
    </object>
    <object>
        <name>25</name>
        <difficult>0</difficult>
        <keypoints>
            <x1>299</x1>
            <y1>168</y1>
            <v1>2</v1>
        </keypoints>
        <bndbox>
            <xmin>299</xmin>
            <ymin>168</ymin>
            <xmax>299</xmax>
            <ymax>168</ymax>
        </bndbox>
    </object>
    <object>
        <name>23</name>
        <difficult>0</difficult>
        <keypoints>
            <x1>14</x1>
            <y1>148</y1>
            <v1>2</v1>
        </keypoints>
        <bndbox>
            <xmin>14</xmin>
            <ymin>148</ymin>
            <xmax>14</xmax>
            <ymax>148</ymax>
        </bndbox>
    </object>
    <object>
        <name>11</name>
        <difficult>0</difficult>
        <keypoints>
            <x1>299</x1>
            <y1>200</y1>
            <v1>2</v1>
        </keypoints>
        <bndbox>
            <xmin>299</xmin>
            <ymin>200</ymin>
            <xmax>299</xmax>
            <ymax>200</ymax>
        </bndbox>
    </object>
    <object>
        <name>10</name>
        <difficult>0</difficult>
        <keypoints>
            <x1>302</x1>
            <y1>111</y1>
            <v1>2</v1>
        </keypoints>
        <bndbox>
            <xmin>302</xmin>
            <ymin>111</ymin>
            <xmax>302</xmax>
            <ymax>111</ymax>
        </bndbox>
    </object>
    <object>
        <name>2</name>
        <difficult>0</difficult>
        <keypoints>
            <x1>52</x1>
            <y1>118</y1>
            <v1>2</v1>
        </keypoints>
        <bndbox>
            <xmin>52</xmin>
            <ymin>118</ymin>
            <xmax>52</xmax>
            <ymax>118</ymax>
        </bndbox>
    </object>
</annotation>