<annotation>
    <folder>JPEGImages</folder>
    <filename>wc_116.jpg</filename>
    <size>
        <width>320</width>
        <height>320</height>
        <depth>3</depth>
    </size>
    <object>
        <name>24</name>
        <difficult>0</difficult>
        <keypoints>
            <x1>254</x1>
            <y1>209</y1>
            <v1>2</v1>
        </keypoints>
        <bndbox>
            <xmin>254</xmin>
            <ymin>209</ymin>
            <xmax>254</xmax>
            <ymax>209</ymax>
        </bndbox>
    </object>
    <object>
        <name>23</name>
        <difficult>0</difficult>
        <keypoints>
            <x1>293</x1>
            <y1>182</y1>
            <v1>2</v1>
        </keypoints>
        <bndbox>
            <xmin>293</xmin>
            <ymin>182</ymin>
            <xmax>293</xmax>
            <ymax>182</ymax>
        </bndbox>
    </object>
    <object>
        <name>9</name>
        <difficult>0</difficult>
        <keypoints>
            <x1>42</x1>
            <y1>251</y1>
            <v1>2</v1>
        </keypoints>
        <bndbox>
            <xmin>42</xmin>
            <ymin>251</ymin>
            <xmax>42</xmax>
            <ymax>251</ymax>
        </bndbox>
    </object>
    <object>
        <name>8</name>
        <difficult>0</difficult>
        <keypoints>
            <x1>207</x1>
            <y1>243</y1>
            <v1>2</v1>
        </keypoints>
        <bndbox>
            <xmin>207</xmin>
            <ymin>243</ymin>
            <xmax>207</xmax>
            <ymax>243</ymax>
        </bndbox>
    </object>
    <object>
        <name>7</name>
        <difficult>0</difficult>
        <keypoints>
            <x1>114</x1>
            <y1>214</y1>
            <v1>2</v1>
        </keypoints>
        <bndbox>
            <xmin>114</xmin>
            <ymin>214</ymin>
            <xmax>114</xmax>
            <ymax>214</ymax>
        </bndbox>
    </object>
    <object>
        <name>6</name>
        <difficult>0</difficult>
        <keypoints>
            <x1>184</x1>
            <y1>198</y1>
            <v1>2</v1>
        </keypoints>
        <bndbox>
            <xmin>184</xmin>
            <ymin>198</ymin>
            <xmax>184</xmax>
            <ymax>198</ymax>
        </bndbox>
    </object>
    <object>
        <name>5</name>
        <difficult>0</difficult>
        <keypoints>
            <x1>158</x1>
            <y1>190</y1>
            <v1>2</v1>
        </keypoints>
        <bndbox>
            <xmin>158</xmin>
            <ymin>190</ymin>
            <xmax>158</xmax>
            <ymax>190</ymax>
        </bndbox>
    </object>
    <object>
        <name>4</name>
        <difficult>0</difficult>
        <keypoints>
            <x1>237</x1>
            <y1>167</y1>
            <v1>2</v1>
        </keypoints>
        <bndbox>
            <xmin>237</xmin>
            <ymin>167</ymin>
            <xmax>237</xmax>
            <ymax>167</ymax>
        </bndbox>
    </object>
    <object>
        <name>3</name>
        <difficult>0</difficult>
        <keypoints>
            <x1>214</x1>
            <y1>161</y1>
            <v1>2</v1>
        </keypoints>
        <bndbox>
            <xmin>214</xmin>
            <ymin>161</ymin>
            <xmax>214</xmax>
            <ymax>161</ymax>
        </bndbox>
    </object>
    <object>
        <name>1</name>
        <difficult>0</difficult>
        <keypoints>
            <x1>241</x1>
            <y1>147</y1>
            <v1>2</v1>
        </keypoints>
        <bndbox>
            <xmin>241</xmin>
            <ymin>147</ymin>
            <xmax>241</xmax>
            <ymax>147</ymax>
        </bndbox>
    </object>
    <object>
        <name>0</name>
        <difficult>0</difficult>
        <keypoints>
            <x1>270</x1>
            <y1>132</y1>
            <v1>2</v1>
        </keypoints>
        <bndbox>
            <xmin>270</xmin>
            <ymin>132</ymin>
            <xmax>270</xmax>
            <ymax>132</ymax>
        </bndbox>
    </object>
</annotation>