<annotation>
    <folder>JPEGImages</folder>
    <filename>wc_15.jpg</filename>
    <size>
        <width>320</width>
        <height>320</height>
        <depth>3</depth>
    </size>
    <object>
        <name>28</name>
        <difficult>0</difficult>
        <keypoints>
            <x1>55</x1>
            <y1>191</y1>
            <v1>2</v1>
        </keypoints>
        <bndbox>
            <xmin>55</xmin>
            <ymin>191</ymin>
            <xmax>55</xmax>
            <ymax>191</ymax>
        </bndbox>
    </object>
    <object>
        <name>27</name>
        <difficult>0</difficult>
        <keypoints>
            <x1>8</x1>
            <y1>168</y1>
            <v1>2</v1>
        </keypoints>
        <bndbox>
            <xmin>8</xmin>
            <ymin>168</ymin>
            <xmax>8</xmax>
            <ymax>168</ymax>
        </bndbox>
    </object>
    <object>
        <name>22</name>
        <difficult>0</difficult>
        <keypoints>
            <x1>289</x1>
            <y1>221</y1>
            <v1>2</v1>
        </keypoints>
        <bndbox>
            <xmin>289</xmin>
            <ymin>221</ymin>
            <xmax>289</xmax>
            <ymax>221</ymax>
        </bndbox>
    </object>
    <object>
        <name>21</name>
        <difficult>0</difficult>
        <keypoints>
            <x1>108</x1>
            <y1>220</y1>
            <v1>2</v1>
        </keypoints>
        <bndbox>
            <xmin>108</xmin>
            <ymin>220</ymin>
            <xmax>108</xmax>
            <ymax>220</ymax>
        </bndbox>
    </object>
    <object>
        <name>20</name>
        <difficult>0</difficult>
        <keypoints>
            <x1>206</x1>
            <y1>191</y1>
            <v1>2</v1>
        </keypoints>
        <bndbox>
            <xmin>206</xmin>
            <ymin>191</ymin>
            <xmax>206</xmax>
            <ymax>191</ymax>
        </bndbox>
    </object>
    <object>
        <name>19</name>
        <difficult>0</difficult>
        <keypoints>
            <x1>130</x1>
            <y1>179</y1>
            <v1>2</v1>
        </keypoints>
        <bndbox>
            <xmin>130</xmin>
            <ymin>179</ymin>
            <xmax>130</xmax>
            <ymax>179</ymax>
        </bndbox>
    </object>
    <object>
        <name>18</name>
        <difficult>0</difficult>
        <keypoints>
            <x1>158</x1>
            <y1>172</y1>
            <v1>2</v1>
        </keypoints>
        <bndbox>
            <xmin>158</xmin>
            <ymin>172</ymin>
            <xmax>158</xmax>
            <ymax>172</ymax>
        </bndbox>
    </object>
    <object>
        <name>17</name>
        <difficult>0</difficult>
        <keypoints>
            <x1>69</x1>
            <y1>154</y1>
            <v1>2</v1>
        </keypoints>
        <bndbox>
            <xmin>69</xmin>
            <ymin>154</ymin>
            <xmax>69</xmax>
            <ymax>154</ymax>
        </bndbox>
    </object>
    <object>
        <name>16</name>
        <difficult>0</difficult>
        <keypoints>
            <x1>95</x1>
            <y1>149</y1>
            <v1>2</v1>
        </keypoints>
        <bndbox>
            <xmin>95</xmin>
            <ymin>149</ymin>
            <xmax>95</xmax>
            <ymax>149</ymax>
        </bndbox>
    </object>
    <object>
        <name>14</name>
        <difficult>0</difficult>
        <keypoints>
            <x1>63</x1>
            <y1>137</y1>
            <v1>2</v1>
        </keypoints>
        <bndbox>
            <xmin>63</xmin>
            <ymin>137</ymin>
            <xmax>63</xmax>
            <ymax>137</ymax>
        </bndbox>
    </object>
    <object>
        <name>13</name>
        <difficult>0</difficult>
        <keypoints>
            <x1>31</x1>
            <y1>126</y1>
            <v1>2</v1>
        </keypoints>
        <bndbox>
            <xmin>31</xmin>
            <ymin>126</ymin>
            <xmax>31</xmax>
            <ymax>126</ymax>
        </bndbox>
    </object>
</annotation>