<annotation>
    <folder>JPEGImages</folder>
    <filename>wc_183.jpg</filename>
    <size>
        <width>320</width>
        <height>320</height>
        <depth>3</depth>
    </size>
    <object>
        <name>24</name>
        <difficult>0</difficult>
        <keypoints>
            <x1>122</x1>
            <y1>186</y1>
            <v1>2</v1>
        </keypoints>
        <bndbox>
            <xmin>122</xmin>
            <ymin>186</ymin>
            <xmax>122</xmax>
            <ymax>186</ymax>
        </bndbox>
    </object>
    <object>
        <name>23</name>
        <difficult>0</difficult>
        <keypoints>
            <x1>165</x1>
            <y1>151</y1>
            <v1>2</v1>
        </keypoints>
        <bndbox>
            <xmin>165</xmin>
            <ymin>151</ymin>
            <xmax>165</xmax>
            <ymax>151</ymax>
        </bndbox>
    </object>
    <object>
        <name>8</name>
        <difficult>0</difficult>
        <keypoints>
            <x1>72</x1>
            <y1>227</y1>
            <v1>2</v1>
        </keypoints>
        <bndbox>
            <xmin>72</xmin>
            <ymin>227</ymin>
            <xmax>72</xmax>
            <ymax>227</ymax>
        </bndbox>
    </object>
    <object>
        <name>6</name>
        <difficult>0</difficult>
        <keypoints>
            <x1>21</x1>
            <y1>183</y1>
            <v1>2</v1>
        </keypoints>
        <bndbox>
            <xmin>21</xmin>
            <ymin>183</ymin>
            <xmax>21</xmax>
            <ymax>183</ymax>
        </bndbox>
    </object>
    <object>
        <name>4</name>
        <difficult>0</difficult>
        <keypoints>
            <x1>90</x1>
            <y1>139</y1>
            <v1>2</v1>
        </keypoints>
        <bndbox>
            <xmin>90</xmin>
            <ymin>139</ymin>
            <xmax>90</xmax>
            <ymax>139</ymax>
        </bndbox>
    </object>
    <object>
        <name>3</name>
        <difficult>0</difficult>
        <keypoints>
            <x1>53</x1>
            <y1>136</y1>
            <v1>2</v1>
        </keypoints>
        <bndbox>
            <xmin>53</xmin>
            <ymin>136</ymin>
            <xmax>53</xmax>
            <ymax>136</ymax>
        </bndbox>
    </object>
    <object>
        <name>2</name>
        <difficult>0</difficult>
        <keypoints>
            <x1>195</x1>
            <y1>127</y1>
            <v1>2</v1>
        </keypoints>
        <bndbox>
            <xmin>195</xmin>
            <ymin>127</ymin>
            <xmax>195</xmax>
            <ymax>127</ymax>
        </bndbox>
    </object>
    <object>
        <name>1</name>
        <difficult>0</difficult>
        <keypoints>
            <x1>87</x1>
            <y1>117</y1>
            <v1>2</v1>
        </keypoints>
        <bndbox>
            <xmin>87</xmin>
            <ymin>117</ymin>
            <xmax>87</xmax>
            <ymax>117</ymax>
        </bndbox>
    </object>
    <object>
        <name>0</name>
        <difficult>0</difficult>
        <keypoints>
            <x1>122</x1>
            <y1>99</y1>
            <v1>2</v1>
        </keypoints>
        <bndbox>
            <xmin>122</xmin>
            <ymin>99</ymin>
            <xmax>122</xmax>
            <ymax>99</ymax>
        </bndbox>
    </object>
</annotation>