<annotation>
    <folder>JPEGImages</folder>
    <filename>wc_145.jpg</filename>
    <size>
        <width>320</width>
        <height>320</height>
        <depth>3</depth>
    </size>
    <object>
        <name>28</name>
        <difficult>0</difficult>
        <keypoints>
            <x1>202</x1>
            <y1>163</y1>
            <v1>2</v1>
        </keypoints>
        <bndbox>
            <xmin>202</xmin>
            <ymin>163</ymin>
            <xmax>202</xmax>
            <ymax>163</ymax>
        </bndbox>
    </object>
    <object>
        <name>27</name>
        <difficult>0</difficult>
        <keypoints>
            <x1>129</x1>
            <y1>118</y1>
            <v1>2</v1>
        </keypoints>
        <bndbox>
            <xmin>129</xmin>
            <ymin>118</ymin>
            <xmax>129</xmax>
            <ymax>118</ymax>
        </bndbox>
    </object>
    <object>
        <name>21</name>
        <difficult>0</difficult>
        <keypoints>
            <x1>296</x1>
            <y1>220</y1>
            <v1>2</v1>
        </keypoints>
        <bndbox>
            <xmin>296</xmin>
            <ymin>220</ymin>
            <xmax>296</xmax>
            <ymax>220</ymax>
        </bndbox>
    </object>
    <object>
        <name>17</name>
        <difficult>0</difficult>
        <keypoints>
            <x1>213</x1>
            <y1>100</y1>
            <v1>2</v1>
        </keypoints>
        <bndbox>
            <xmin>213</xmin>
            <ymin>100</ymin>
            <xmax>213</xmax>
            <ymax>100</ymax>
        </bndbox>
    </object>
    <object>
        <name>16</name>
        <difficult>0</difficult>
        <keypoints>
            <x1>252</x1>
            <y1>93</y1>
            <v1>2</v1>
        </keypoints>
        <bndbox>
            <xmin>252</xmin>
            <ymin>93</ymin>
            <xmax>252</xmax>
            <ymax>93</ymax>
        </bndbox>
    </object>
    <object>
        <name>15</name>
        <difficult>0</difficult>
        <keypoints>
            <x1>81</x1>
            <y1>88</y1>
            <v1>2</v1>
        </keypoints>
        <bndbox>
            <xmin>81</xmin>
            <ymin>88</ymin>
            <xmax>81</xmax>
            <ymax>88</ymax>
        </bndbox>
    </object>
    <object>
        <name>14</name>
        <difficult>0</difficult>
        <keypoints>
            <x1>201</x1>
            <y1>72</y1>
            <v1>2</v1>
        </keypoints>
        <bndbox>
            <xmin>201</xmin>
            <ymin>72</ymin>
            <xmax>201</xmax>
            <ymax>72</ymax>
        </bndbox>
    </object>
    <object>
        <name>13</name>
        <difficult>0</difficult>
        <keypoints>
            <x1>150</x1>
            <y1>51</y1>
            <v1>2</v1>
        </keypoints>
        <bndbox>
            <xmin>150</xmin>
            <ymin>51</ymin>
            <xmax>150</xmax>
            <ymax>51</ymax>
        </bndbox>
    </object>
</annotation>