<annotation>
    <folder>JPEGImages</folder>
    <filename>wc_14.jpg</filename>
    <size>
        <width>320</width>
        <height>320</height>
        <depth>3</depth>
    </size>
    <object>
        <name>28</name>
        <difficult>0</difficult>
        <keypoints>
            <x1>286</x1>
            <y1>167</y1>
            <v1>2</v1>
        </keypoints>
        <bndbox>
            <xmin>286</xmin>
            <ymin>167</ymin>
            <xmax>286</xmax>
            <ymax>167</ymax>
        </bndbox>
    </object>
    <object>
        <name>27</name>
        <difficult>0</difficult>
        <keypoints>
            <x1>244</x1>
            <y1>139</y1>
            <v1>2</v1>
        </keypoints>
        <bndbox>
            <xmin>244</xmin>
            <ymin>139</ymin>
            <xmax>244</xmax>
            <ymax>139</ymax>
        </bndbox>
    </object>
    <object>
        <name>26</name>
        <difficult>0</difficult>
        <keypoints>
            <x1>20</x1>
            <y1>198</y1>
            <v1>2</v1>
        </keypoints>
        <bndbox>
            <xmin>20</xmin>
            <ymin>198</ymin>
            <xmax>20</xmax>
            <ymax>198</ymax>
        </bndbox>
    </object>
    <object>
        <name>25</name>
        <difficult>0</difficult>
        <keypoints>
            <x1>18</x1>
            <y1>153</y1>
            <v1>2</v1>
        </keypoints>
        <bndbox>
            <xmin>18</xmin>
            <ymin>153</ymin>
            <xmax>18</xmax>
            <ymax>153</ymax>
        </bndbox>
    </object>
    <object>
        <name>17</name>
        <difficult>0</difficult>
        <keypoints>
            <x1>301</x1>
            <y1>132</y1>
            <v1>2</v1>
        </keypoints>
        <bndbox>
            <xmin>301</xmin>
            <ymin>132</ymin>
            <xmax>301</xmax>
            <ymax>132</ymax>
        </bndbox>
    </object>
    <object>
        <name>15</name>
        <difficult>0</difficult>
        <keypoints>
            <x1>218</x1>
            <y1>121</y1>
            <v1>2</v1>
        </keypoints>
        <bndbox>
            <xmin>218</xmin>
            <ymin>121</ymin>
            <xmax>218</xmax>
            <ymax>121</ymax>
        </bndbox>
    </object>
    <object>
        <name>14</name>
        <difficult>0</difficult>
        <keypoints>
            <x1>296</x1>
            <y1>115</y1>
            <v1>2</v1>
        </keypoints>
        <bndbox>
            <xmin>296</xmin>
            <ymin>115</ymin>
            <xmax>296</xmax>
            <ymax>115</ymax>
        </bndbox>
    </object>
    <object>
        <name>13</name>
        <difficult>0</difficult>
        <keypoints>
            <x1>265</x1>
            <y1>100</y1>
            <v1>2</v1>
        </keypoints>
        <bndbox>
            <xmin>265</xmin>
            <ymin>100</ymin>
            <xmax>265</xmax>
            <ymax>100</ymax>
        </bndbox>
    </object>
    <object>
        <name>11</name>
        <difficult>0</difficult>
        <keypoints>
            <x1>19</x1>
            <y1>173</y1>
            <v1>2</v1>
        </keypoints>
        <bndbox>
            <xmin>19</xmin>
            <ymin>173</ymin>
            <xmax>19</xmax>
            <ymax>173</ymax>
        </bndbox>
    </object>
    <object>
        <name>10</name>
        <difficult>0</difficult>
        <keypoints>
            <x1>18</x1>
            <y1>116</y1>
            <v1>2</v1>
        </keypoints>
        <bndbox>
            <xmin>18</xmin>
            <ymin>116</ymin>
            <xmax>18</xmax>
            <ymax>116</ymax>
        </bndbox>
    </object>
</annotation>