<annotation>
    <folder>JPEGImages</folder>
    <filename>wc_19.jpg</filename>
    <size>
        <width>320</width>
        <height>320</height>
        <depth>3</depth>
    </size>
    <object>
        <name>26</name>
        <difficult>0</difficult>
        <keypoints>
            <x1>165</x1>
            <y1>255</y1>
            <v1>2</v1>
        </keypoints>
        <bndbox>
            <xmin>165</xmin>
            <ymin>255</ymin>
            <xmax>165</xmax>
            <ymax>255</ymax>
        </bndbox>
    </object>
    <object>
        <name>25</name>
        <difficult>0</difficult>
        <keypoints>
            <x1>165</x1>
            <y1>191</y1>
            <v1>2</v1>
        </keypoints>
        <bndbox>
            <xmin>165</xmin>
            <ymin>191</ymin>
            <xmax>165</xmax>
            <ymax>191</ymax>
        </bndbox>
    </object>
    <object>
        <name>11</name>
        <difficult>0</difficult>
        <keypoints>
            <x1>166</x1>
            <y1>218</y1>
            <v1>2</v1>
        </keypoints>
        <bndbox>
            <xmin>166</xmin>
            <ymin>218</ymin>
            <xmax>166</xmax>
            <ymax>218</ymax>
        </bndbox>
    </object>
    <object>
        <name>10</name>
        <difficult>0</difficult>
        <keypoints>
            <x1>167</x1>
            <y1>141</y1>
            <v1>2</v1>
        </keypoints>
        <bndbox>
            <xmin>167</xmin>
            <ymin>141</ymin>
            <xmax>167</xmax>
            <ymax>141</ymax>
        </bndbox>
    </object>
</annotation>