<annotation>
    <folder>JPEGImages</folder>
    <filename>wc_148.jpg</filename>
    <size>
        <width>320</width>
        <height>320</height>
        <depth>3</depth>
    </size>
    <object>
        <name>26</name>
        <difficult>0</difficult>
        <keypoints>
            <x1>136</x1>
            <y1>220</y1>
            <v1>2</v1>
        </keypoints>
        <bndbox>
            <xmin>136</xmin>
            <ymin>220</ymin>
            <xmax>136</xmax>
            <ymax>220</ymax>
        </bndbox>
    </object>
    <object>
        <name>25</name>
        <difficult>0</difficult>
        <keypoints>
            <x1>135</x1>
            <y1>167</y1>
            <v1>2</v1>
        </keypoints>
        <bndbox>
            <xmin>135</xmin>
            <ymin>167</ymin>
            <xmax>135</xmax>
            <ymax>167</ymax>
        </bndbox>
    </object>
    <object>
        <name>11</name>
        <difficult>0</difficult>
        <keypoints>
            <x1>135</x1>
            <y1>189</y1>
            <v1>2</v1>
        </keypoints>
        <bndbox>
            <xmin>135</xmin>
            <ymin>189</ymin>
            <xmax>135</xmax>
            <ymax>189</ymax>
        </bndbox>
    </object>
    <object>
        <name>10</name>
        <difficult>0</difficult>
        <keypoints>
            <x1>135</x1>
            <y1>125</y1>
            <v1>2</v1>
        </keypoints>
        <bndbox>
            <xmin>135</xmin>
            <ymin>125</ymin>
            <xmax>135</xmax>
            <ymax>125</ymax>
        </bndbox>
    </object>
</annotation>