<annotation>
    <folder>JPEGImages</folder>
    <filename>wc_113.jpg</filename>
    <size>
        <width>320</width>
        <height>320</height>
        <depth>3</depth>
    </size>
    <object>
        <name>24</name>
        <difficult>0</difficult>
        <keypoints>
            <x1>61</x1>
            <y1>202</y1>
            <v1>2</v1>
        </keypoints>
        <bndbox>
            <xmin>61</xmin>
            <ymin>202</ymin>
            <xmax>61</xmax>
            <ymax>202</ymax>
        </bndbox>
    </object>
    <object>
        <name>23</name>
        <difficult>0</difficult>
        <keypoints>
            <x1>107</x1>
            <y1>162</y1>
            <v1>2</v1>
        </keypoints>
        <bndbox>
            <xmin>107</xmin>
            <ymin>162</ymin>
            <xmax>107</xmax>
            <ymax>162</ymax>
        </bndbox>
    </object>
    <object>
        <name>4</name>
        <difficult>0</difficult>
        <keypoints>
            <x1>42</x1>
            <y1>150</y1>
            <v1>2</v1>
        </keypoints>
        <bndbox>
            <xmin>42</xmin>
            <ymin>150</ymin>
            <xmax>42</xmax>
            <ymax>150</ymax>
        </bndbox>
    </object>
    <object>
        <name>3</name>
        <difficult>0</difficult>
        <keypoints>
            <x1>9</x1>
            <y1>146</y1>
            <v1>2</v1>
        </keypoints>
        <bndbox>
            <xmin>9</xmin>
            <ymin>146</ymin>
            <xmax>9</xmax>
            <ymax>146</ymax>
        </bndbox>
    </object>
    <object>
        <name>2</name>
        <difficult>0</difficult>
        <keypoints>
            <x1>137</x1>
            <y1>135</y1>
            <v1>2</v1>
        </keypoints>
        <bndbox>
            <xmin>137</xmin>
            <ymin>135</ymin>
            <xmax>137</xmax>
            <ymax>135</ymax>
        </bndbox>
    </object>
    <object>
        <name>1</name>
        <difficult>0</difficult>
        <keypoints>
            <x1>44</x1>
            <y1>125</y1>
            <v1>2</v1>
        </keypoints>
        <bndbox>
            <xmin>44</xmin>
            <ymin>125</ymin>
            <xmax>44</xmax>
            <ymax>125</ymax>
        </bndbox>
    </object>
    <object>
        <name>0</name>
        <difficult>0</difficult>
        <keypoints>
            <x1>79</x1>
            <y1>103</y1>
            <v1>2</v1>
        </keypoints>
        <bndbox>
            <xmin>79</xmin>
            <ymin>103</ymin>
            <xmax>79</xmax>
            <ymax>103</ymax>
        </bndbox>
    </object>
</annotation>