<annotation>
    <folder>JPEGImages</folder>
    <filename>wc_17.jpg</filename>
    <size>
        <width>320</width>
        <height>320</height>
        <depth>3</depth>
    </size>
    <object>
        <name>28</name>
        <difficult>0</difficult>
        <keypoints>
            <x1>318</x1>
            <y1>188</y1>
            <v1>2</v1>
        </keypoints>
        <bndbox>
            <xmin>318</xmin>
            <ymin>188</ymin>
            <xmax>318</xmax>
            <ymax>188</ymax>
        </bndbox>
    </object>
    <object>
        <name>27</name>
        <difficult>0</difficult>
        <keypoints>
            <x1>270</x1>
            <y1>156</y1>
            <v1>2</v1>
        </keypoints>
        <bndbox>
            <xmin>270</xmin>
            <ymin>156</ymin>
            <xmax>270</xmax>
            <ymax>156</ymax>
        </bndbox>
    </object>
    <object>
        <name>26</name>
        <difficult>0</difficult>
        <keypoints>
            <x1>23</x1>
            <y1>220</y1>
            <v1>2</v1>
        </keypoints>
        <bndbox>
            <xmin>23</xmin>
            <ymin>220</ymin>
            <xmax>23</xmax>
            <ymax>220</ymax>
        </bndbox>
    </object>
    <object>
        <name>25</name>
        <difficult>0</difficult>
        <keypoints>
            <x1>23</x1>
            <y1>170</y1>
            <v1>2</v1>
        </keypoints>
        <bndbox>
            <xmin>23</xmin>
            <ymin>170</ymin>
            <xmax>23</xmax>
            <ymax>170</ymax>
        </bndbox>
    </object>
    <object>
        <name>15</name>
        <difficult>0</difficult>
        <keypoints>
            <x1>240</x1>
            <y1>135</y1>
            <v1>2</v1>
        </keypoints>
        <bndbox>
            <xmin>240</xmin>
            <ymin>135</ymin>
            <xmax>240</xmax>
            <ymax>135</ymax>
        </bndbox>
    </object>
    <object>
        <name>13</name>
        <difficult>0</difficult>
        <keypoints>
            <x1>294</x1>
            <y1>114</y1>
            <v1>2</v1>
        </keypoints>
        <bndbox>
            <xmin>294</xmin>
            <ymin>114</ymin>
            <xmax>294</xmax>
            <ymax>114</ymax>
        </bndbox>
    </object>
    <object>
        <name>11</name>
        <difficult>0</difficult>
        <keypoints>
            <x1>24</x1>
            <y1>191</y1>
            <v1>2</v1>
        </keypoints>
        <bndbox>
            <xmin>24</xmin>
            <ymin>191</ymin>
            <xmax>24</xmax>
            <ymax>191</ymax>
        </bndbox>
    </object>
    <object>
        <name>10</name>
        <difficult>0</difficult>
        <keypoints>
            <x1>23</x1>
            <y1>129</y1>
            <v1>2</v1>
        </keypoints>
        <bndbox>
            <xmin>23</xmin>
            <ymin>129</ymin>
            <xmax>23</xmax>
            <ymax>129</ymax>
        </bndbox>
    </object>
</annotation>