<annotation>
    <folder>JPEGImages</folder>
    <filename>wc_1.jpg</filename>
    <size>
        <width>320</width>
        <height>320</height>
        <depth>3</depth>
    </size>
    <object>
        <name>24</name>
        <difficult>0</difficult>
        <keypoints>
            <x1>17</x1>
            <y1>203</y1>
            <v1>2</v1>
        </keypoints>
        <bndbox>
            <xmin>17</xmin>
            <ymin>203</ymin>
            <xmax>17</xmax>
            <ymax>203</ymax>
        </bndbox>
    </object>
    <object>
        <name>23</name>
        <difficult>0</difficult>
        <keypoints>
            <x1>88</x1>
            <y1>158</y1>
            <v1>2</v1>
        </keypoints>
        <bndbox>
            <xmin>88</xmin>
            <ymin>158</ymin>
            <xmax>88</xmax>
            <ymax>158</ymax>
        </bndbox>
    </object>
    <object>
        <name>2</name>
        <difficult>0</difficult>
        <keypoints>
            <x1>131</x1>
            <y1>128</y1>
            <v1>2</v1>
        </keypoints>
        <bndbox>
            <xmin>131</xmin>
            <ymin>128</ymin>
            <xmax>131</xmax>
            <ymax>128</ymax>
        </bndbox>
    </object>
    <object>
        <name>1</name>
        <difficult>0</difficult>
        <keypoints>
            <x1>4</x1>
            <y1>117</y1>
            <v1>2</v1>
        </keypoints>
        <bndbox>
            <xmin>4</xmin>
            <ymin>117</ymin>
            <xmax>4</xmax>
            <ymax>117</ymax>
        </bndbox>
    </object>
    <object>
        <name>0</name>
        <difficult>0</difficult>
        <keypoints>
            <x1>55</x1>
            <y1>94</y1>
            <v1>2</v1>
        </keypoints>
        <bndbox>
            <xmin>55</xmin>
            <ymin>94</ymin>
            <xmax>55</xmax>
            <ymax>94</ymax>
        </bndbox>
    </object>
</annotation>