<annotation>
    <folder>JPEGImages</folder>
    <filename>wc_16.jpg</filename>
    <size>
        <width>320</width>
        <height>320</height>
        <depth>3</depth>
    </size>
    <object>
        <name>24</name>
        <difficult>0</difficult>
        <keypoints>
            <x1>77</x1>
            <y1>262</y1>
            <v1>2</v1>
        </keypoints>
        <bndbox>
            <xmin>77</xmin>
            <ymin>262</ymin>
            <xmax>77</xmax>
            <ymax>262</ymax>
        </bndbox>
    </object>
    <object>
        <name>23</name>
        <difficult>0</difficult>
        <keypoints>
            <x1>153</x1>
            <y1>212</y1>
            <v1>2</v1>
        </keypoints>
        <bndbox>
            <xmin>153</xmin>
            <ymin>212</ymin>
            <xmax>153</xmax>
            <ymax>212</ymax>
        </bndbox>
    </object>
    <object>
        <name>4</name>
        <difficult>0</difficult>
        <keypoints>
            <x1>54</x1>
            <y1>196</y1>
            <v1>2</v1>
        </keypoints>
        <bndbox>
            <xmin>54</xmin>
            <ymin>196</ymin>
            <xmax>54</xmax>
            <ymax>196</ymax>
        </bndbox>
    </object>
    <object>
        <name>3</name>
        <difficult>0</difficult>
        <keypoints>
            <x1>6</x1>
            <y1>191</y1>
            <v1>2</v1>
        </keypoints>
        <bndbox>
            <xmin>6</xmin>
            <ymin>191</ymin>
            <xmax>6</xmax>
            <ymax>191</ymax>
        </bndbox>
    </object>
    <object>
        <name>2</name>
        <difficult>0</difficult>
        <keypoints>
            <x1>203</x1>
            <y1>179</y1>
            <v1>2</v1>
        </keypoints>
        <bndbox>
            <xmin>203</xmin>
            <ymin>179</ymin>
            <xmax>203</xmax>
            <ymax>179</ymax>
        </bndbox>
    </object>
    <object>
        <name>1</name>
        <difficult>0</difficult>
        <keypoints>
            <x1>62</x1>
            <y1>166</y1>
            <v1>2</v1>
        </keypoints>
        <bndbox>
            <xmin>62</xmin>
            <ymin>166</ymin>
            <xmax>62</xmax>
            <ymax>166</ymax>
        </bndbox>
    </object>
    <object>
        <name>0</name>
        <difficult>0</difficult>
        <keypoints>
            <x1>117</x1>
            <y1>141</y1>
            <v1>2</v1>
        </keypoints>
        <bndbox>
            <xmin>117</xmin>
            <ymin>141</ymin>
            <xmax>117</xmax>
            <ymax>141</ymax>
        </bndbox>
    </object>
</annotation>