<annotation>
    <folder>JPEGImages</folder>
    <filename>wc_171.jpg</filename>
    <size>
        <width>320</width>
        <height>320</height>
        <depth>3</depth>
    </size>
    <object>
        <name>28</name>
        <difficult>0</difficult>
        <keypoints>
            <x1>66</x1>
            <y1>211</y1>
            <v1>2</v1>
        </keypoints>
        <bndbox>
            <xmin>66</xmin>
            <ymin>211</ymin>
            <xmax>66</xmax>
            <ymax>211</ymax>
        </bndbox>
    </object>
    <object>
        <name>27</name>
        <difficult>0</difficult>
        <keypoints>
            <x1>10</x1>
            <y1>182</y1>
            <v1>2</v1>
        </keypoints>
        <bndbox>
            <xmin>10</xmin>
            <ymin>182</ymin>
            <xmax>10</xmax>
            <ymax>182</ymax>
        </bndbox>
    </object>
    <object>
        <name>21</name>
        <difficult>0</difficult>
        <keypoints>
            <x1>130</x1>
            <y1>246</y1>
            <v1>2</v1>
        </keypoints>
        <bndbox>
            <xmin>130</xmin>
            <ymin>246</ymin>
            <xmax>130</xmax>
            <ymax>246</ymax>
        </bndbox>
    </object>
    <object>
        <name>20</name>
        <difficult>0</difficult>
        <keypoints>
            <x1>252</x1>
            <y1>215</y1>
            <v1>2</v1>
        </keypoints>
        <bndbox>
            <xmin>252</xmin>
            <ymin>215</ymin>
            <xmax>252</xmax>
            <ymax>215</ymax>
        </bndbox>
    </object>
    <object>
        <name>19</name>
        <difficult>0</difficult>
        <keypoints>
            <x1>156</x1>
            <y1>198</y1>
            <v1>2</v1>
        </keypoints>
        <bndbox>
            <xmin>156</xmin>
            <ymin>198</ymin>
            <xmax>156</xmax>
            <ymax>198</ymax>
        </bndbox>
    </object>
    <object>
        <name>18</name>
        <difficult>0</difficult>
        <keypoints>
            <x1>189</x1>
            <y1>190</y1>
            <v1>2</v1>
        </keypoints>
        <bndbox>
            <xmin>189</xmin>
            <ymin>190</ymin>
            <xmax>189</xmax>
            <ymax>190</ymax>
        </bndbox>
    </object>
    <object>
        <name>17</name>
        <difficult>0</difficult>
        <keypoints>
            <x1>81</x1>
            <y1>166</y1>
            <v1>2</v1>
        </keypoints>
        <bndbox>
            <xmin>81</xmin>
            <ymin>166</ymin>
            <xmax>81</xmax>
            <ymax>166</ymax>
        </bndbox>
    </object>
    <object>
        <name>16</name>
        <difficult>0</difficult>
        <keypoints>
            <x1>112</x1>
            <y1>160</y1>
            <v1>2</v1>
        </keypoints>
        <bndbox>
            <xmin>112</xmin>
            <ymin>160</ymin>
            <xmax>112</xmax>
            <ymax>160</ymax>
        </bndbox>
    </object>
    <object>
        <name>14</name>
        <difficult>0</difficult>
        <keypoints>
            <x1>75</x1>
            <y1>146</y1>
            <v1>2</v1>
        </keypoints>
        <bndbox>
            <xmin>75</xmin>
            <ymin>146</ymin>
            <xmax>75</xmax>
            <ymax>146</ymax>
        </bndbox>
    </object>
    <object>
        <name>13</name>
        <difficult>0</difficult>
        <keypoints>
            <x1>37</x1>
            <y1>131</y1>
            <v1>2</v1>
        </keypoints>
        <bndbox>
            <xmin>37</xmin>
            <ymin>131</ymin>
            <xmax>37</xmax>
            <ymax>131</ymax>
        </bndbox>
    </object>
</annotation>