<annotation>
    <folder>JPEGImages</folder>
    <filename>wc_119.jpg</filename>
    <size>
        <width>320</width>
        <height>320</height>
        <depth>3</depth>
    </size>
    <object>
        <name>26</name>
        <difficult>0</difficult>
        <keypoints>
            <x1>291</x1>
            <y1>241</y1>
            <v1>2</v1>
        </keypoints>
        <bndbox>
            <xmin>291</xmin>
            <ymin>241</ymin>
            <xmax>291</xmax>
            <ymax>241</ymax>
        </bndbox>
    </object>
    <object>
        <name>25</name>
        <difficult>0</difficult>
        <keypoints>
            <x1>293</x1>
            <y1>193</y1>
            <v1>2</v1>
        </keypoints>
        <bndbox>
            <xmin>293</xmin>
            <ymin>193</ymin>
            <xmax>293</xmax>
            <ymax>193</ymax>
        </bndbox>
    </object>
    <object>
        <name>24</name>
        <difficult>0</difficult>
        <keypoints>
            <x1>71</x1>
            <y1>209</y1>
            <v1>2</v1>
        </keypoints>
        <bndbox>
            <xmin>71</xmin>
            <ymin>209</ymin>
            <xmax>71</xmax>
            <ymax>209</ymax>
        </bndbox>
    </object>
    <object>
        <name>23</name>
        <difficult>0</difficult>
        <keypoints>
            <x1>103</x1>
            <y1>179</y1>
            <v1>2</v1>
        </keypoints>
        <bndbox>
            <xmin>103</xmin>
            <ymin>179</ymin>
            <xmax>103</xmax>
            <ymax>179</ymax>
        </bndbox>
    </object>
    <object>
        <name>11</name>
        <difficult>0</difficult>
        <keypoints>
            <x1>293</x1>
            <y1>213</y1>
            <v1>2</v1>
        </keypoints>
        <bndbox>
            <xmin>293</xmin>
            <ymin>213</ymin>
            <xmax>293</xmax>
            <ymax>213</ymax>
        </bndbox>
    </object>
    <object>
        <name>10</name>
        <difficult>0</difficult>
        <keypoints>
            <x1>294</x1>
            <y1>153</y1>
            <v1>2</v1>
        </keypoints>
        <bndbox>
            <xmin>294</xmin>
            <ymin>153</ymin>
            <xmax>294</xmax>
            <ymax>153</ymax>
        </bndbox>
    </object>
    <object>
        <name>8</name>
        <difficult>0</difficult>
        <keypoints>
            <x1>28</x1>
            <y1>247</y1>
            <v1>2</v1>
        </keypoints>
        <bndbox>
            <xmin>28</xmin>
            <ymin>247</ymin>
            <xmax>28</xmax>
            <ymax>247</ymax>
        </bndbox>
    </object>
    <object>
        <name>6</name>
        <difficult>0</difficult>
        <keypoints>
            <x1>3</x1>
            <y1>208</y1>
            <v1>2</v1>
        </keypoints>
        <bndbox>
            <xmin>3</xmin>
            <ymin>208</ymin>
            <xmax>3</xmax>
            <ymax>208</ymax>
        </bndbox>
    </object>
    <object>
        <name>4</name>
        <difficult>0</difficult>
        <keypoints>
            <x1>55</x1>
            <y1>172</y1>
            <v1>2</v1>
        </keypoints>
        <bndbox>
            <xmin>55</xmin>
            <ymin>172</ymin>
            <xmax>55</xmax>
            <ymax>172</ymax>
        </bndbox>
    </object>
    <object>
        <name>3</name>
        <difficult>0</difficult>
        <keypoints>
            <x1>32</x1>
            <y1>169</y1>
            <v1>2</v1>
        </keypoints>
        <bndbox>
            <xmin>32</xmin>
            <ymin>169</ymin>
            <xmax>32</xmax>
            <ymax>169</ymax>
        </bndbox>
    </object>
    <object>
        <name>2</name>
        <difficult>0</difficult>
        <keypoints>
            <x1>124</x1>
            <y1>159</y1>
            <v1>2</v1>
        </keypoints>
        <bndbox>
            <xmin>124</xmin>
            <ymin>159</ymin>
            <xmax>124</xmax>
            <ymax>159</ymax>
        </bndbox>
    </object>
    <object>
        <name>1</name>
        <difficult>0</difficult>
        <keypoints>
            <x1>59</x1>
            <y1>153</y1>
            <v1>2</v1>
        </keypoints>
        <bndbox>
            <xmin>59</xmin>
            <ymin>153</ymin>
            <xmax>59</xmax>
            <ymax>153</ymax>
        </bndbox>
    </object>
    <object>
        <name>0</name>
        <difficult>0</difficult>
        <keypoints>
            <x1>83</x1>
            <y1>138</y1>
            <v1>2</v1>
        </keypoints>
        <bndbox>
            <xmin>83</xmin>
            <ymin>138</ymin>
            <xmax>83</xmax>
            <ymax>138</ymax>
        </bndbox>
    </object>
</annotation>