<annotation>
    <folder>JPEGImages</folder>
    <filename>wc_166.jpg</filename>
    <size>
        <width>320</width>
        <height>320</height>
        <depth>3</depth>
    </size>
    <object>
        <name>28</name>
        <difficult>0</difficult>
        <keypoints>
            <x1>195</x1>
            <y1>284</y1>
            <v1>2</v1>
        </keypoints>
        <bndbox>
            <xmin>195</xmin>
            <ymin>284</ymin>
            <xmax>195</xmax>
            <ymax>284</ymax>
        </bndbox>
    </object>
    <object>
        <name>27</name>
        <difficult>0</difficult>
        <keypoints>
            <x1>121</x1>
            <y1>239</y1>
            <v1>2</v1>
        </keypoints>
        <bndbox>
            <xmin>121</xmin>
            <ymin>239</ymin>
            <xmax>121</xmax>
            <ymax>239</ymax>
        </bndbox>
    </object>
    <object>
        <name>17</name>
        <difficult>0</difficult>
        <keypoints>
            <x1>216</x1>
            <y1>221</y1>
            <v1>2</v1>
        </keypoints>
        <bndbox>
            <xmin>216</xmin>
            <ymin>221</ymin>
            <xmax>216</xmax>
            <ymax>221</ymax>
        </bndbox>
    </object>
    <object>
        <name>16</name>
        <difficult>0</difficult>
        <keypoints>
            <x1>260</x1>
            <y1>216</y1>
            <v1>2</v1>
        </keypoints>
        <bndbox>
            <xmin>260</xmin>
            <ymin>216</ymin>
            <xmax>260</xmax>
            <ymax>216</ymax>
        </bndbox>
    </object>
    <object>
        <name>15</name>
        <difficult>0</difficult>
        <keypoints>
            <x1>73</x1>
            <y1>208</y1>
            <v1>2</v1>
        </keypoints>
        <bndbox>
            <xmin>73</xmin>
            <ymin>208</ymin>
            <xmax>73</xmax>
            <ymax>208</ymax>
        </bndbox>
    </object>
    <object>
        <name>14</name>
        <difficult>0</difficult>
        <keypoints>
            <x1>208</x1>
            <y1>193</y1>
            <v1>2</v1>
        </keypoints>
        <bndbox>
            <xmin>208</xmin>
            <ymin>193</ymin>
            <xmax>208</xmax>
            <ymax>193</ymax>
        </bndbox>
    </object>
    <object>
        <name>13</name>
        <difficult>0</difficult>
        <keypoints>
            <x1>157</x1>
            <y1>171</y1>
            <v1>2</v1>
        </keypoints>
        <bndbox>
            <xmin>157</xmin>
            <ymin>171</ymin>
            <xmax>157</xmax>
            <ymax>171</ymax>
        </bndbox>
    </object>
</annotation>