<annotation>
    <folder>JPEGImages</folder>
    <filename>wc_124.jpg</filename>
    <size>
        <width>320</width>
        <height>320</height>
        <depth>3</depth>
    </size>
    <object>
        <name>28</name>
        <difficult>0</difficult>
        <keypoints>
            <x1>310</x1>
            <y1>176</y1>
            <v1>2</v1>
        </keypoints>
        <bndbox>
            <xmin>310</xmin>
            <ymin>176</ymin>
            <xmax>310</xmax>
            <ymax>176</ymax>
        </bndbox>
    </object>
    <object>
        <name>27</name>
        <difficult>0</difficult>
        <keypoints>
            <x1>271</x1>
            <y1>142</y1>
            <v1>2</v1>
        </keypoints>
        <bndbox>
            <xmin>271</xmin>
            <ymin>142</ymin>
            <xmax>271</xmax>
            <ymax>142</ymax>
        </bndbox>
    </object>
    <object>
        <name>26</name>
        <difficult>0</difficult>
        <keypoints>
            <x1>58</x1>
            <y1>206</y1>
            <v1>2</v1>
        </keypoints>
        <bndbox>
            <xmin>58</xmin>
            <ymin>206</ymin>
            <xmax>58</xmax>
            <ymax>206</ymax>
        </bndbox>
    </object>
    <object>
        <name>25</name>
        <difficult>0</difficult>
        <keypoints>
            <x1>57</x1>
            <y1>154</y1>
            <v1>2</v1>
        </keypoints>
        <bndbox>
            <xmin>57</xmin>
            <ymin>154</ymin>
            <xmax>57</xmax>
            <ymax>154</ymax>
        </bndbox>
    </object>
    <object>
        <name>15</name>
        <difficult>0</difficult>
        <keypoints>
            <x1>246</x1>
            <y1>119</y1>
            <v1>2</v1>
        </keypoints>
        <bndbox>
            <xmin>246</xmin>
            <ymin>119</ymin>
            <xmax>246</xmax>
            <ymax>119</ymax>
        </bndbox>
    </object>
    <object>
        <name>13</name>
        <difficult>0</difficult>
        <keypoints>
            <x1>297</x1>
            <y1>94</y1>
            <v1>2</v1>
        </keypoints>
        <bndbox>
            <xmin>297</xmin>
            <ymin>94</ymin>
            <xmax>297</xmax>
            <ymax>94</ymax>
        </bndbox>
    </object>
    <object>
        <name>11</name>
        <difficult>0</difficult>
        <keypoints>
            <x1>57</x1>
            <y1>177</y1>
            <v1>2</v1>
        </keypoints>
        <bndbox>
            <xmin>57</xmin>
            <ymin>177</ymin>
            <xmax>57</xmax>
            <ymax>177</ymax>
        </bndbox>
    </object>
    <object>
        <name>10</name>
        <difficult>0</difficult>
        <keypoints>
            <x1>56</x1>
            <y1>111</y1>
            <v1>2</v1>
        </keypoints>
        <bndbox>
            <xmin>56</xmin>
            <ymin>111</ymin>
            <xmax>56</xmax>
            <ymax>111</ymax>
        </bndbox>
    </object>
</annotation>