<annotation>
    <folder>JPEGImages</folder>
    <filename>wc_20.jpg</filename>
    <size>
        <width>320</width>
        <height>320</height>
        <depth>3</depth>
    </size>
    <object>
        <name>26</name>
        <difficult>0</difficult>
        <keypoints>
            <x1>281</x1>
            <y1>179</y1>
            <v1>2</v1>
        </keypoints>
        <bndbox>
            <xmin>281</xmin>
            <ymin>179</ymin>
            <xmax>281</xmax>
            <ymax>179</ymax>
        </bndbox>
    </object>
    <object>
        <name>25</name>
        <difficult>0</difficult>
        <keypoints>
            <x1>284</x1>
            <y1>125</y1>
            <v1>2</v1>
        </keypoints>
        <bndbox>
            <xmin>284</xmin>
            <ymin>125</ymin>
            <xmax>284</xmax>
            <ymax>125</ymax>
        </bndbox>
    </object>
    <object>
        <name>23</name>
        <difficult>0</difficult>
        <keypoints>
            <x1>9</x1>
            <y1>115</y1>
            <v1>2</v1>
        </keypoints>
        <bndbox>
            <xmin>9</xmin>
            <ymin>115</ymin>
            <xmax>9</xmax>
            <ymax>115</ymax>
        </bndbox>
    </object>
    <object>
        <name>11</name>
        <difficult>0</difficult>
        <keypoints>
            <x1>282</x1>
            <y1>147</y1>
            <v1>2</v1>
        </keypoints>
        <bndbox>
            <xmin>282</xmin>
            <ymin>147</ymin>
            <xmax>282</xmax>
            <ymax>147</ymax>
        </bndbox>
    </object>
    <object>
        <name>10</name>
        <difficult>0</difficult>
        <keypoints>
            <x1>285</x1>
            <y1>81</y1>
            <v1>2</v1>
        </keypoints>
        <bndbox>
            <xmin>285</xmin>
            <ymin>81</ymin>
            <xmax>285</xmax>
            <ymax>81</ymax>
        </bndbox>
    </object>
    <object>
        <name>2</name>
        <difficult>0</difficult>
        <keypoints>
            <x1>45</x1>
            <y1>91</y1>
            <v1>2</v1>
        </keypoints>
        <bndbox>
            <xmin>45</xmin>
            <ymin>91</ymin>
            <xmax>45</xmax>
            <ymax>91</ymax>
        </bndbox>
    </object>
</annotation>