<annotation>
    <folder>JPEGImages</folder>
    <filename>wc_22.jpg</filename>
    <size>
        <width>320</width>
        <height>320</height>
        <depth>3</depth>
    </size>
    <object>
        <name>24</name>
        <difficult>0</difficult>
        <keypoints>
            <x1>58</x1>
            <y1>143</y1>
            <v1>2</v1>
        </keypoints>
        <bndbox>
            <xmin>58</xmin>
            <ymin>143</ymin>
            <xmax>58</xmax>
            <ymax>143</ymax>
        </bndbox>
    </object>
    <object>
        <name>23</name>
        <difficult>0</difficult>
        <keypoints>
            <x1>115</x1>
            <y1>106</y1>
            <v1>2</v1>
        </keypoints>
        <bndbox>
            <xmin>115</xmin>
            <ymin>106</ymin>
            <xmax>115</xmax>
            <ymax>106</ymax>
        </bndbox>
    </object>
    <object>
        <name>4</name>
        <difficult>0</difficult>
        <keypoints>
            <x1>40</x1>
            <y1>94</y1>
            <v1>2</v1>
        </keypoints>
        <bndbox>
            <xmin>40</xmin>
            <ymin>94</ymin>
            <xmax>40</xmax>
            <ymax>94</ymax>
        </bndbox>
    </object>
    <object>
        <name>2</name>
        <difficult>0</difficult>
        <keypoints>
            <x1>152</x1>
            <y1>82</y1>
            <v1>2</v1>
        </keypoints>
        <bndbox>
            <xmin>152</xmin>
            <ymin>82</ymin>
            <xmax>152</xmax>
            <ymax>82</ymax>
        </bndbox>
    </object>
    <object>
        <name>1</name>
        <difficult>0</difficult>
        <keypoints>
            <x1>47</x1>
            <y1>73</y1>
            <v1>2</v1>
        </keypoints>
        <bndbox>
            <xmin>47</xmin>
            <ymin>73</ymin>
            <xmax>47</xmax>
            <ymax>73</ymax>
        </bndbox>
    </object>
    <object>
        <name>0</name>
        <difficult>0</difficult>
        <keypoints>
            <x1>88</x1>
            <y1>54</y1>
            <v1>2</v1>
        </keypoints>
        <bndbox>
            <xmin>88</xmin>
            <ymin>54</ymin>
            <xmax>88</xmax>
            <ymax>54</ymax>
        </bndbox>
    </object>
</annotation>