<annotation>
    <folder>JPEGImages</folder>
    <filename>wc_27.jpg</filename>
    <size>
        <width>320</width>
        <height>320</height>
        <depth>3</depth>
    </size>
    <object>
        <name>28</name>
        <difficult>0</difficult>
        <keypoints>
            <x1>224</x1>
            <y1>186</y1>
            <v1>2</v1>
        </keypoints>
        <bndbox>
            <xmin>224</xmin>
            <ymin>186</ymin>
            <xmax>224</xmax>
            <ymax>186</ymax>
        </bndbox>
    </object>
    <object>
        <name>27</name>
        <difficult>0</difficult>
        <keypoints>
            <x1>168</x1>
            <y1>153</y1>
            <v1>2</v1>
        </keypoints>
        <bndbox>
            <xmin>168</xmin>
            <ymin>153</ymin>
            <xmax>168</xmax>
            <ymax>153</ymax>
        </bndbox>
    </object>
    <object>
        <name>21</name>
        <difficult>0</difficult>
        <keypoints>
            <x1>299</x1>
            <y1>229</y1>
            <v1>2</v1>
        </keypoints>
        <bndbox>
            <xmin>299</xmin>
            <ymin>229</ymin>
            <xmax>299</xmax>
            <ymax>229</ymax>
        </bndbox>
    </object>
    <object>
        <name>17</name>
        <difficult>0</difficult>
        <keypoints>
            <x1>248</x1>
            <y1>140</y1>
            <v1>2</v1>
        </keypoints>
        <bndbox>
            <xmin>248</xmin>
            <ymin>140</ymin>
            <xmax>248</xmax>
            <ymax>140</ymax>
        </bndbox>
    </object>
    <object>
        <name>16</name>
        <difficult>0</difficult>
        <keypoints>
            <x1>287</x1>
            <y1>135</y1>
            <v1>2</v1>
        </keypoints>
        <bndbox>
            <xmin>287</xmin>
            <ymin>135</ymin>
            <xmax>287</xmax>
            <ymax>135</ymax>
        </bndbox>
    </object>
    <object>
        <name>15</name>
        <difficult>0</difficult>
        <keypoints>
            <x1>130</x1>
            <y1>129</y1>
            <v1>2</v1>
        </keypoints>
        <bndbox>
            <xmin>130</xmin>
            <ymin>129</ymin>
            <xmax>130</xmax>
            <ymax>129</ymax>
        </bndbox>
    </object>
    <object>
        <name>14</name>
        <difficult>0</difficult>
        <keypoints>
            <x1>243</x1>
            <y1>119</y1>
            <v1>2</v1>
        </keypoints>
        <bndbox>
            <xmin>243</xmin>
            <ymin>119</ymin>
            <xmax>243</xmax>
            <ymax>119</ymax>
        </bndbox>
    </object>
    <object>
        <name>13</name>
        <difficult>0</difficult>
        <keypoints>
            <x1>201</x1>
            <y1>102</y1>
            <v1>2</v1>
        </keypoints>
        <bndbox>
            <xmin>201</xmin>
            <ymin>102</ymin>
            <xmax>201</xmax>
            <ymax>102</ymax>
        </bndbox>
    </object>
</annotation>