<annotation>
    <folder>JPEGImages</folder>
    <filename>wc_37.jpg</filename>
    <size>
        <width>320</width>
        <height>320</height>
        <depth>3</depth>
    </size>
    <object>
        <name>28</name>
        <difficult>0</difficult>
        <keypoints>
            <x1>148</x1>
            <y1>233</y1>
            <v1>2</v1>
        </keypoints>
        <bndbox>
            <xmin>148</xmin>
            <ymin>233</ymin>
            <xmax>148</xmax>
            <ymax>233</ymax>
        </bndbox>
    </object>
    <object>
        <name>27</name>
        <difficult>0</difficult>
        <keypoints>
            <x1>73</x1>
            <y1>191</y1>
            <v1>2</v1>
        </keypoints>
        <bndbox>
            <xmin>73</xmin>
            <ymin>191</ymin>
            <xmax>73</xmax>
            <ymax>191</ymax>
        </bndbox>
    </object>
    <object>
        <name>21</name>
        <difficult>0</difficult>
        <keypoints>
            <x1>240</x1>
            <y1>286</y1>
            <v1>2</v1>
        </keypoints>
        <bndbox>
            <xmin>240</xmin>
            <ymin>286</ymin>
            <xmax>240</xmax>
            <ymax>286</ymax>
        </bndbox>
    </object>
    <object>
        <name>19</name>
        <difficult>0</difficult>
        <keypoints>
            <x1>289</x1>
            <y1>222</y1>
            <v1>2</v1>
        </keypoints>
        <bndbox>
            <xmin>289</xmin>
            <ymin>222</ymin>
            <xmax>289</xmax>
            <ymax>222</ymax>
        </bndbox>
    </object>
    <object>
        <name>17</name>
        <difficult>0</difficult>
        <keypoints>
            <x1>177</x1>
            <y1>173</y1>
            <v1>2</v1>
        </keypoints>
        <bndbox>
            <xmin>177</xmin>
            <ymin>173</ymin>
            <xmax>177</xmax>
            <ymax>173</ymax>
        </bndbox>
    </object>
    <object>
        <name>16</name>
        <difficult>0</difficult>
        <keypoints>
            <x1>227</x1>
            <y1>167</y1>
            <v1>2</v1>
        </keypoints>
        <bndbox>
            <xmin>227</xmin>
            <ymin>167</ymin>
            <xmax>227</xmax>
            <ymax>167</ymax>
        </bndbox>
    </object>
    <object>
        <name>15</name>
        <difficult>0</difficult>
        <keypoints>
            <x1>19</x1>
            <y1>161</y1>
            <v1>2</v1>
        </keypoints>
        <bndbox>
            <xmin>19</xmin>
            <ymin>161</ymin>
            <xmax>19</xmax>
            <ymax>161</ymax>
        </bndbox>
    </object>
    <object>
        <name>14</name>
        <difficult>0</difficult>
        <keypoints>
            <x1>172</x1>
            <y1>145</y1>
            <v1>2</v1>
        </keypoints>
        <bndbox>
            <xmin>172</xmin>
            <ymin>145</ymin>
            <xmax>172</xmax>
            <ymax>145</ymax>
        </bndbox>
    </object>
    <object>
        <name>13</name>
        <difficult>0</difficult>
        <keypoints>
            <x1>116</x1>
            <y1>124</y1>
            <v1>2</v1>
        </keypoints>
        <bndbox>
            <xmin>116</xmin>
            <ymin>124</ymin>
            <xmax>116</xmax>
            <ymax>124</ymax>
        </bndbox>
    </object>
</annotation>