<annotation>
    <folder>JPEGImages</folder>
    <filename>wc_3.jpg</filename>
    <size>
        <width>320</width>
        <height>320</height>
        <depth>3</depth>
    </size>
    <object>
        <name>24</name>
        <difficult>0</difficult>
        <keypoints>
            <x1>81</x1>
            <y1>194</y1>
            <v1>2</v1>
        </keypoints>
        <bndbox>
            <xmin>81</xmin>
            <ymin>194</ymin>
            <xmax>81</xmax>
            <ymax>194</ymax>
        </bndbox>
    </object>
    <object>
        <name>23</name>
        <difficult>0</difficult>
        <keypoints>
            <x1>137</x1>
            <y1>158</y1>
            <v1>2</v1>
        </keypoints>
        <bndbox>
            <xmin>137</xmin>
            <ymin>158</ymin>
            <xmax>137</xmax>
            <ymax>158</ymax>
        </bndbox>
    </object>
    <object>
        <name>8</name>
        <difficult>0</difficult>
        <keypoints>
            <x1>9</x1>
            <y1>240</y1>
            <v1>2</v1>
        </keypoints>
        <bndbox>
            <xmin>9</xmin>
            <ymin>240</ymin>
            <xmax>9</xmax>
            <ymax>240</ymax>
        </bndbox>
    </object>
    <object>
        <name>4</name>
        <difficult>0</difficult>
        <keypoints>
            <x1>66</x1>
            <y1>147</y1>
            <v1>2</v1>
        </keypoints>
        <bndbox>
            <xmin>66</xmin>
            <ymin>147</ymin>
            <xmax>66</xmax>
            <ymax>147</ymax>
        </bndbox>
    </object>
    <object>
        <name>3</name>
        <difficult>0</difficult>
        <keypoints>
            <x1>31</x1>
            <y1>143</y1>
            <v1>2</v1>
        </keypoints>
        <bndbox>
            <xmin>31</xmin>
            <ymin>143</ymin>
            <xmax>31</xmax>
            <ymax>143</ymax>
        </bndbox>
    </object>
    <object>
        <name>2</name>
        <difficult>0</difficult>
        <keypoints>
            <x1>173</x1>
            <y1>134</y1>
            <v1>2</v1>
        </keypoints>
        <bndbox>
            <xmin>173</xmin>
            <ymin>134</ymin>
            <xmax>173</xmax>
            <ymax>134</ymax>
        </bndbox>
    </object>
    <object>
        <name>1</name>
        <difficult>0</difficult>
        <keypoints>
            <x1>72</x1>
            <y1>125</y1>
            <v1>2</v1>
        </keypoints>
        <bndbox>
            <xmin>72</xmin>
            <ymin>125</ymin>
            <xmax>72</xmax>
            <ymax>125</ymax>
        </bndbox>
    </object>
    <object>
        <name>0</name>
        <difficult>0</difficult>
        <keypoints>
            <x1>111</x1>
            <y1>107</y1>
            <v1>2</v1>
        </keypoints>
        <bndbox>
            <xmin>111</xmin>
            <ymin>107</ymin>
            <xmax>111</xmax>
            <ymax>107</ymax>
        </bndbox>
    </object>
</annotation>