<annotation>
    <folder>JPEGImages</folder>
    <filename>wc_30.jpg</filename>
    <size>
        <width>320</width>
        <height>320</height>
        <depth>3</depth>
    </size>
    <object>
        <name>28</name>
        <difficult>0</difficult>
        <keypoints>
            <x1>154</x1>
            <y1>167</y1>
            <v1>2</v1>
        </keypoints>
        <bndbox>
            <xmin>154</xmin>
            <ymin>167</ymin>
            <xmax>154</xmax>
            <ymax>167</ymax>
        </bndbox>
    </object>
    <object>
        <name>27</name>
        <difficult>0</difficult>
        <keypoints>
            <x1>94</x1>
            <y1>134</y1>
            <v1>2</v1>
        </keypoints>
        <bndbox>
            <xmin>94</xmin>
            <ymin>134</ymin>
            <xmax>94</xmax>
            <ymax>134</ymax>
        </bndbox>
    </object>
    <object>
        <name>21</name>
        <difficult>0</difficult>
        <keypoints>
            <x1>226</x1>
            <y1>209</y1>
            <v1>2</v1>
        </keypoints>
        <bndbox>
            <xmin>226</xmin>
            <ymin>209</ymin>
            <xmax>226</xmax>
            <ymax>209</ymax>
        </bndbox>
    </object>
    <object>
        <name>19</name>
        <difficult>0</difficult>
        <keypoints>
            <x1>264</x1>
            <y1>158</y1>
            <v1>2</v1>
        </keypoints>
        <bndbox>
            <xmin>264</xmin>
            <ymin>158</ymin>
            <xmax>264</xmax>
            <ymax>158</ymax>
        </bndbox>
    </object>
    <object>
        <name>18</name>
        <difficult>0</difficult>
        <keypoints>
            <x1>310</x1>
            <y1>152</y1>
            <v1>2</v1>
        </keypoints>
        <bndbox>
            <xmin>310</xmin>
            <ymin>152</ymin>
            <xmax>310</xmax>
            <ymax>152</ymax>
        </bndbox>
    </object>
    <object>
        <name>17</name>
        <difficult>0</difficult>
        <keypoints>
            <x1>176</x1>
            <y1>120</y1>
            <v1>2</v1>
        </keypoints>
        <bndbox>
            <xmin>176</xmin>
            <ymin>120</ymin>
            <xmax>176</xmax>
            <ymax>120</ymax>
        </bndbox>
    </object>
    <object>
        <name>16</name>
        <difficult>0</difficult>
        <keypoints>
            <x1>215</x1>
            <y1>116</y1>
            <v1>2</v1>
        </keypoints>
        <bndbox>
            <xmin>215</xmin>
            <ymin>116</ymin>
            <xmax>215</xmax>
            <ymax>116</ymax>
        </bndbox>
    </object>
    <object>
        <name>15</name>
        <difficult>0</difficult>
        <keypoints>
            <x1>53</x1>
            <y1>111</y1>
            <v1>2</v1>
        </keypoints>
        <bndbox>
            <xmin>53</xmin>
            <ymin>111</ymin>
            <xmax>53</xmax>
            <ymax>111</ymax>
        </bndbox>
    </object>
    <object>
        <name>14</name>
        <difficult>0</difficult>
        <keypoints>
            <x1>171</x1>
            <y1>99</y1>
            <v1>2</v1>
        </keypoints>
        <bndbox>
            <xmin>171</xmin>
            <ymin>99</ymin>
            <xmax>171</xmax>
            <ymax>99</ymax>
        </bndbox>
    </object>
    <object>
        <name>13</name>
        <difficult>0</difficult>
        <keypoints>
            <x1>127</x1>
            <y1>82</y1>
            <v1>2</v1>
        </keypoints>
        <bndbox>
            <xmin>127</xmin>
            <ymin>82</ymin>
            <xmax>127</xmax>
            <ymax>82</ymax>
        </bndbox>
    </object>
</annotation>