<annotation>
    <folder>JPEGImages</folder>
    <filename>wc_33.jpg</filename>
    <size>
        <width>320</width>
        <height>320</height>
        <depth>3</depth>
    </size>
    <object>
        <name>24</name>
        <difficult>0</difficult>
        <keypoints>
            <x1>251</x1>
            <y1>251</y1>
            <v1>2</v1>
        </keypoints>
        <bndbox>
            <xmin>251</xmin>
            <ymin>251</ymin>
            <xmax>251</xmax>
            <ymax>251</ymax>
        </bndbox>
    </object>
    <object>
        <name>8</name>
        <difficult>0</difficult>
        <keypoints>
            <x1>134</x1>
            <y1>317</y1>
            <v1>2</v1>
        </keypoints>
        <bndbox>
            <xmin>134</xmin>
            <ymin>317</ymin>
            <xmax>134</xmax>
            <ymax>317</ymax>
        </bndbox>
    </object>
    <object>
        <name>6</name>
        <difficult>0</difficult>
        <keypoints>
            <x1>73</x1>
            <y1>235</y1>
            <v1>2</v1>
        </keypoints>
        <bndbox>
            <xmin>73</xmin>
            <ymin>235</ymin>
            <xmax>73</xmax>
            <ymax>235</ymax>
        </bndbox>
    </object>
    <object>
        <name>5</name>
        <difficult>0</difficult>
        <keypoints>
            <x1>2</x1>
            <y1>223</y1>
            <v1>2</v1>
        </keypoints>
        <bndbox>
            <xmin>2</xmin>
            <ymin>223</ymin>
            <xmax>2</xmax>
            <ymax>223</ymax>
        </bndbox>
    </object>
    <object>
        <name>4</name>
        <difficult>0</difficult>
        <keypoints>
            <x1>212</x1>
            <y1>174</y1>
            <v1>2</v1>
        </keypoints>
        <bndbox>
            <xmin>212</xmin>
            <ymin>174</ymin>
            <xmax>212</xmax>
            <ymax>174</ymax>
        </bndbox>
    </object>
    <object>
        <name>3</name>
        <difficult>0</difficult>
        <keypoints>
            <x1>151</x1>
            <y1>166</y1>
            <v1>2</v1>
        </keypoints>
        <bndbox>
            <xmin>151</xmin>
            <ymin>166</ymin>
            <xmax>151</xmax>
            <ymax>166</ymax>
        </bndbox>
    </object>
    <object>
        <name>1</name>
        <difficult>0</difficult>
        <keypoints>
            <x1>218</x1>
            <y1>140</y1>
            <v1>2</v1>
        </keypoints>
        <bndbox>
            <xmin>218</xmin>
            <ymin>140</ymin>
            <xmax>218</xmax>
            <ymax>140</ymax>
        </bndbox>
    </object>
    <object>
        <name>0</name>
        <difficult>0</difficult>
        <keypoints>
            <x1>291</x1>
            <y1>112</y1>
            <v1>2</v1>
        </keypoints>
        <bndbox>
            <xmin>291</xmin>
            <ymin>112</ymin>
            <xmax>291</xmax>
            <ymax>112</ymax>
        </bndbox>
    </object>
</annotation>