<annotation>
    <folder>JPEGImages</folder>
    <filename>wc_47.jpg</filename>
    <size>
        <width>320</width>
        <height>320</height>
        <depth>3</depth>
    </size>
    <object>
        <name>26</name>
        <difficult>0</difficult>
        <keypoints>
            <x1>305</x1>
            <y1>182</y1>
            <v1>2</v1>
        </keypoints>
        <bndbox>
            <xmin>305</xmin>
            <ymin>182</ymin>
            <xmax>305</xmax>
            <ymax>182</ymax>
        </bndbox>
    </object>
    <object>
        <name>25</name>
        <difficult>0</difficult>
        <keypoints>
            <x1>306</x1>
            <y1>134</y1>
            <v1>2</v1>
        </keypoints>
        <bndbox>
            <xmin>306</xmin>
            <ymin>134</ymin>
            <xmax>306</xmax>
            <ymax>134</ymax>
        </bndbox>
    </object>
    <object>
        <name>23</name>
        <difficult>0</difficult>
        <keypoints>
            <x1>28</x1>
            <y1>124</y1>
            <v1>2</v1>
        </keypoints>
        <bndbox>
            <xmin>28</xmin>
            <ymin>124</ymin>
            <xmax>28</xmax>
            <ymax>124</ymax>
        </bndbox>
    </object>
    <object>
        <name>12</name>
        <difficult>0</difficult>
        <keypoints>
            <x1>304</x1>
            <y1>310</y1>
            <v1>2</v1>
        </keypoints>
        <bndbox>
            <xmin>304</xmin>
            <ymin>310</ymin>
            <xmax>304</xmax>
            <ymax>310</ymax>
        </bndbox>
    </object>
    <object>
        <name>11</name>
        <difficult>0</difficult>
        <keypoints>
            <x1>306</x1>
            <y1>156</y1>
            <v1>2</v1>
        </keypoints>
        <bndbox>
            <xmin>306</xmin>
            <ymin>156</ymin>
            <xmax>306</xmax>
            <ymax>156</ymax>
        </bndbox>
    </object>
    <object>
        <name>10</name>
        <difficult>0</difficult>
        <keypoints>
            <x1>307</x1>
            <y1>95</y1>
            <v1>2</v1>
        </keypoints>
        <bndbox>
            <xmin>307</xmin>
            <ymin>95</ymin>
            <xmax>307</xmax>
            <ymax>95</ymax>
        </bndbox>
    </object>
    <object>
        <name>2</name>
        <difficult>0</difficult>
        <keypoints>
            <x1>62</x1>
            <y1>103</y1>
            <v1>2</v1>
        </keypoints>
        <bndbox>
            <xmin>62</xmin>
            <ymin>103</ymin>
            <xmax>62</xmax>
            <ymax>103</ymax>
        </bndbox>
    </object>
</annotation>