<annotation>
    <folder>JPEGImages</folder>
    <filename>wc_40.jpg</filename>
    <size>
        <width>320</width>
        <height>320</height>
        <depth>3</depth>
    </size>
    <object>
        <name>28</name>
        <difficult>0</difficult>
        <keypoints>
            <x1>285</x1>
            <y1>187</y1>
            <v1>2</v1>
        </keypoints>
        <bndbox>
            <xmin>285</xmin>
            <ymin>187</ymin>
            <xmax>285</xmax>
            <ymax>187</ymax>
        </bndbox>
    </object>
    <object>
        <name>27</name>
        <difficult>0</difficult>
        <keypoints>
            <x1>232</x1>
            <y1>154</y1>
            <v1>2</v1>
        </keypoints>
        <bndbox>
            <xmin>232</xmin>
            <ymin>154</ymin>
            <xmax>232</xmax>
            <ymax>154</ymax>
        </bndbox>
    </object>
    <object>
        <name>17</name>
        <difficult>0</difficult>
        <keypoints>
            <x1>310</x1>
            <y1>145</y1>
            <v1>2</v1>
        </keypoints>
        <bndbox>
            <xmin>310</xmin>
            <ymin>145</ymin>
            <xmax>310</xmax>
            <ymax>145</ymax>
        </bndbox>
    </object>
    <object>
        <name>15</name>
        <difficult>0</difficult>
        <keypoints>
            <x1>195</x1>
            <y1>133</y1>
            <v1>2</v1>
        </keypoints>
        <bndbox>
            <xmin>195</xmin>
            <ymin>133</ymin>
            <xmax>195</xmax>
            <ymax>133</ymax>
        </bndbox>
    </object>
    <object>
        <name>14</name>
        <difficult>0</difficult>
        <keypoints>
            <x1>304</x1>
            <y1>124</y1>
            <v1>2</v1>
        </keypoints>
        <bndbox>
            <xmin>304</xmin>
            <ymin>124</ymin>
            <xmax>304</xmax>
            <ymax>124</ymax>
        </bndbox>
    </object>
    <object>
        <name>13</name>
        <difficult>0</difficult>
        <keypoints>
            <x1>263</x1>
            <y1>108</y1>
            <v1>2</v1>
        </keypoints>
        <bndbox>
            <xmin>263</xmin>
            <ymin>108</ymin>
            <xmax>263</xmax>
            <ymax>108</ymax>
        </bndbox>
    </object>
</annotation>