<annotation>
    <folder>JPEGImages</folder>
    <filename>wc_56.jpg</filename>
    <size>
        <width>320</width>
        <height>320</height>
        <depth>3</depth>
    </size>
    <object>
        <name>24</name>
        <difficult>0</difficult>
        <keypoints>
            <x1>116</x1>
            <y1>156</y1>
            <v1>2</v1>
        </keypoints>
        <bndbox>
            <xmin>116</xmin>
            <ymin>156</ymin>
            <xmax>116</xmax>
            <ymax>156</ymax>
        </bndbox>
    </object>
    <object>
        <name>23</name>
        <difficult>0</difficult>
        <keypoints>
            <x1>173</x1>
            <y1>121</y1>
            <v1>2</v1>
        </keypoints>
        <bndbox>
            <xmin>173</xmin>
            <ymin>121</ymin>
            <xmax>173</xmax>
            <ymax>121</ymax>
        </bndbox>
    </object>
    <object>
        <name>8</name>
        <difficult>0</difficult>
        <keypoints>
            <x1>45</x1>
            <y1>200</y1>
            <v1>2</v1>
        </keypoints>
        <bndbox>
            <xmin>45</xmin>
            <ymin>200</ymin>
            <xmax>45</xmax>
            <ymax>200</ymax>
        </bndbox>
    </object>
    <object>
        <name>6</name>
        <difficult>0</difficult>
        <keypoints>
            <x1>23</x1>
            <y1>147</y1>
            <v1>2</v1>
        </keypoints>
        <bndbox>
            <xmin>23</xmin>
            <ymin>147</ymin>
            <xmax>23</xmax>
            <ymax>147</ymax>
        </bndbox>
    </object>
    <object>
        <name>4</name>
        <difficult>0</difficult>
        <keypoints>
            <x1>109</x1>
            <y1>107</y1>
            <v1>2</v1>
        </keypoints>
        <bndbox>
            <xmin>109</xmin>
            <ymin>107</ymin>
            <xmax>109</xmax>
            <ymax>107</ymax>
        </bndbox>
    </object>
    <object>
        <name>3</name>
        <difficult>0</difficult>
        <keypoints>
            <x1>78</x1>
            <y1>102</y1>
            <v1>2</v1>
        </keypoints>
        <bndbox>
            <xmin>78</xmin>
            <ymin>102</ymin>
            <xmax>78</xmax>
            <ymax>102</ymax>
        </bndbox>
    </object>
    <object>
        <name>2</name>
        <difficult>0</difficult>
        <keypoints>
            <x1>209</x1>
            <y1>97</y1>
            <v1>2</v1>
        </keypoints>
        <bndbox>
            <xmin>209</xmin>
            <ymin>97</ymin>
            <xmax>209</xmax>
            <ymax>97</ymax>
        </bndbox>
    </object>
    <object>
        <name>1</name>
        <difficult>0</difficult>
        <keypoints>
            <x1>116</x1>
            <y1>86</y1>
            <v1>2</v1>
        </keypoints>
        <bndbox>
            <xmin>116</xmin>
            <ymin>86</ymin>
            <xmax>116</xmax>
            <ymax>86</ymax>
        </bndbox>
    </object>
    <object>
        <name>0</name>
        <difficult>0</difficult>
        <keypoints>
            <x1>155</x1>
            <y1>69</y1>
            <v1>2</v1>
        </keypoints>
        <bndbox>
            <xmin>155</xmin>
            <ymin>69</ymin>
            <xmax>155</xmax>
            <ymax>69</ymax>
        </bndbox>
    </object>
</annotation>