<annotation>
    <folder>JPEGImages</folder>
    <filename>wc_52.jpg</filename>
    <size>
        <width>320</width>
        <height>320</height>
        <depth>3</depth>
    </size>
    <object>
        <name>27</name>
        <difficult>0</difficult>
        <keypoints>
            <x1>308</x1>
            <y1>129</y1>
            <v1>2</v1>
        </keypoints>
        <bndbox>
            <xmin>308</xmin>
            <ymin>129</ymin>
            <xmax>308</xmax>
            <ymax>129</ymax>
        </bndbox>
    </object>
    <object>
        <name>26</name>
        <difficult>0</difficult>
        <keypoints>
            <x1>75</x1>
            <y1>190</y1>
            <v1>2</v1>
        </keypoints>
        <bndbox>
            <xmin>75</xmin>
            <ymin>190</ymin>
            <xmax>75</xmax>
            <ymax>190</ymax>
        </bndbox>
    </object>
    <object>
        <name>25</name>
        <difficult>0</difficult>
        <keypoints>
            <x1>73</x1>
            <y1>138</y1>
            <v1>2</v1>
        </keypoints>
        <bndbox>
            <xmin>73</xmin>
            <ymin>138</ymin>
            <xmax>73</xmax>
            <ymax>138</ymax>
        </bndbox>
    </object>
    <object>
        <name>15</name>
        <difficult>0</difficult>
        <keypoints>
            <x1>277</x1>
            <y1>108</y1>
            <v1>2</v1>
        </keypoints>
        <bndbox>
            <xmin>277</xmin>
            <ymin>108</ymin>
            <xmax>277</xmax>
            <ymax>108</ymax>
        </bndbox>
    </object>
    <object>
        <name>11</name>
        <difficult>0</difficult>
        <keypoints>
            <x1>74</x1>
            <y1>162</y1>
            <v1>2</v1>
        </keypoints>
        <bndbox>
            <xmin>74</xmin>
            <ymin>162</ymin>
            <xmax>74</xmax>
            <ymax>162</ymax>
        </bndbox>
    </object>
    <object>
        <name>10</name>
        <difficult>0</difficult>
        <keypoints>
            <x1>72</x1>
            <y1>98</y1>
            <v1>2</v1>
        </keypoints>
        <bndbox>
            <xmin>72</xmin>
            <ymin>98</ymin>
            <xmax>72</xmax>
            <ymax>98</ymax>
        </bndbox>
    </object>
</annotation>