<annotation>
    <folder>JPEGImages</folder>
    <filename>wc_57.jpg</filename>
    <size>
        <width>320</width>
        <height>320</height>
        <depth>3</depth>
    </size>
    <object>
        <name>24</name>
        <difficult>0</difficult>
        <keypoints>
            <x1>141</x1>
            <y1>224</y1>
            <v1>2</v1>
        </keypoints>
        <bndbox>
            <xmin>141</xmin>
            <ymin>224</ymin>
            <xmax>141</xmax>
            <ymax>224</ymax>
        </bndbox>
    </object>
    <object>
        <name>23</name>
        <difficult>0</difficult>
        <keypoints>
            <x1>215</x1>
            <y1>178</y1>
            <v1>2</v1>
        </keypoints>
        <bndbox>
            <xmin>215</xmin>
            <ymin>178</ymin>
            <xmax>215</xmax>
            <ymax>178</ymax>
        </bndbox>
    </object>
    <object>
        <name>8</name>
        <difficult>0</difficult>
        <keypoints>
            <x1>44</x1>
            <y1>284</y1>
            <v1>2</v1>
        </keypoints>
        <bndbox>
            <xmin>44</xmin>
            <ymin>284</ymin>
            <xmax>44</xmax>
            <ymax>284</ymax>
        </bndbox>
    </object>
    <object>
        <name>6</name>
        <difficult>0</difficult>
        <keypoints>
            <x1>18</x1>
            <y1>211</y1>
            <v1>2</v1>
        </keypoints>
        <bndbox>
            <xmin>18</xmin>
            <ymin>211</ymin>
            <xmax>18</xmax>
            <ymax>211</ymax>
        </bndbox>
    </object>
    <object>
        <name>4</name>
        <difficult>0</difficult>
        <keypoints>
            <x1>130</x1>
            <y1>159</y1>
            <v1>2</v1>
        </keypoints>
        <bndbox>
            <xmin>130</xmin>
            <ymin>159</ymin>
            <xmax>130</xmax>
            <ymax>159</ymax>
        </bndbox>
    </object>
    <object>
        <name>3</name>
        <difficult>0</difficult>
        <keypoints>
            <x1>89</x1>
            <y1>152</y1>
            <v1>2</v1>
        </keypoints>
        <bndbox>
            <xmin>89</xmin>
            <ymin>152</ymin>
            <xmax>89</xmax>
            <ymax>152</ymax>
        </bndbox>
    </object>
    <object>
        <name>2</name>
        <difficult>0</difficult>
        <keypoints>
            <x1>267</x1>
            <y1>148</y1>
            <v1>2</v1>
        </keypoints>
        <bndbox>
            <xmin>267</xmin>
            <ymin>148</ymin>
            <xmax>267</xmax>
            <ymax>148</ymax>
        </bndbox>
    </object>
    <object>
        <name>1</name>
        <difficult>0</difficult>
        <keypoints>
            <x1>140</x1>
            <y1>131</y1>
            <v1>2</v1>
        </keypoints>
        <bndbox>
            <xmin>140</xmin>
            <ymin>131</ymin>
            <xmax>140</xmax>
            <ymax>131</ymax>
        </bndbox>
    </object>
    <object>
        <name>0</name>
        <difficult>0</difficult>
        <keypoints>
            <x1>193</x1>
            <y1>109</y1>
            <v1>2</v1>
        </keypoints>
        <bndbox>
            <xmin>193</xmin>
            <ymin>109</ymin>
            <xmax>193</xmax>
            <ymax>109</ymax>
        </bndbox>
    </object>
</annotation>