<annotation>
    <folder>JPEGImages</folder>
    <filename>wc_55.jpg</filename>
    <size>
        <width>320</width>
        <height>320</height>
        <depth>3</depth>
    </size>
    <object>
        <name>24</name>
        <difficult>0</difficult>
        <keypoints>
            <x1>61</x1>
            <y1>154</y1>
            <v1>2</v1>
        </keypoints>
        <bndbox>
            <xmin>61</xmin>
            <ymin>154</ymin>
            <xmax>61</xmax>
            <ymax>154</ymax>
        </bndbox>
    </object>
    <object>
        <name>23</name>
        <difficult>0</difficult>
        <keypoints>
            <x1>112</x1>
            <y1>121</y1>
            <v1>2</v1>
        </keypoints>
        <bndbox>
            <xmin>112</xmin>
            <ymin>121</ymin>
            <xmax>112</xmax>
            <ymax>121</ymax>
        </bndbox>
    </object>
    <object>
        <name>4</name>
        <difficult>0</difficult>
        <keypoints>
            <x1>52</x1>
            <y1>110</y1>
            <v1>2</v1>
        </keypoints>
        <bndbox>
            <xmin>52</xmin>
            <ymin>110</ymin>
            <xmax>52</xmax>
            <ymax>110</ymax>
        </bndbox>
    </object>
    <object>
        <name>3</name>
        <difficult>0</difficult>
        <keypoints>
            <x1>23</x1>
            <y1>107</y1>
            <v1>2</v1>
        </keypoints>
        <bndbox>
            <xmin>23</xmin>
            <ymin>107</ymin>
            <xmax>23</xmax>
            <ymax>107</ymax>
        </bndbox>
    </object>
    <object>
        <name>2</name>
        <difficult>0</difficult>
        <keypoints>
            <x1>144</x1>
            <y1>100</y1>
            <v1>2</v1>
        </keypoints>
        <bndbox>
            <xmin>144</xmin>
            <ymin>100</ymin>
            <xmax>144</xmax>
            <ymax>100</ymax>
        </bndbox>
    </object>
    <object>
        <name>1</name>
        <difficult>0</difficult>
        <keypoints>
            <x1>60</x1>
            <y1>90</y1>
            <v1>2</v1>
        </keypoints>
        <bndbox>
            <xmin>60</xmin>
            <ymin>90</ymin>
            <xmax>60</xmax>
            <ymax>90</ymax>
        </bndbox>
    </object>
    <object>
        <name>0</name>
        <difficult>0</difficult>
        <keypoints>
            <x1>95</x1>
            <y1>76</y1>
            <v1>2</v1>
        </keypoints>
        <bndbox>
            <xmin>95</xmin>
            <ymin>76</ymin>
            <xmax>95</xmax>
            <ymax>76</ymax>
        </bndbox>
    </object>
</annotation>