<annotation>
    <folder>JPEGImages</folder>
    <filename>wc_54.jpg</filename>
    <size>
        <width>320</width>
        <height>320</height>
        <depth>3</depth>
    </size>
    <object>
        <name>24</name>
        <difficult>0</difficult>
        <keypoints>
            <x1>56</x1>
            <y1>160</y1>
            <v1>2</v1>
        </keypoints>
        <bndbox>
            <xmin>56</xmin>
            <ymin>160</ymin>
            <xmax>56</xmax>
            <ymax>160</ymax>
        </bndbox>
    </object>
    <object>
        <name>23</name>
        <difficult>0</difficult>
        <keypoints>
            <x1>106</x1>
            <y1>127</y1>
            <v1>2</v1>
        </keypoints>
        <bndbox>
            <xmin>106</xmin>
            <ymin>127</ymin>
            <xmax>106</xmax>
            <ymax>127</ymax>
        </bndbox>
    </object>
    <object>
        <name>4</name>
        <difficult>0</difficult>
        <keypoints>
            <x1>46</x1>
            <y1>116</y1>
            <v1>2</v1>
        </keypoints>
        <bndbox>
            <xmin>46</xmin>
            <ymin>116</ymin>
            <xmax>46</xmax>
            <ymax>116</ymax>
        </bndbox>
    </object>
    <object>
        <name>3</name>
        <difficult>0</difficult>
        <keypoints>
            <x1>18</x1>
            <y1>113</y1>
            <v1>2</v1>
        </keypoints>
        <bndbox>
            <xmin>18</xmin>
            <ymin>113</ymin>
            <xmax>18</xmax>
            <ymax>113</ymax>
        </bndbox>
    </object>
    <object>
        <name>2</name>
        <difficult>0</difficult>
        <keypoints>
            <x1>137</x1>
            <y1>106</y1>
            <v1>2</v1>
        </keypoints>
        <bndbox>
            <xmin>137</xmin>
            <ymin>106</ymin>
            <xmax>137</xmax>
            <ymax>106</ymax>
        </bndbox>
    </object>
    <object>
        <name>1</name>
        <difficult>0</difficult>
        <keypoints>
            <x1>54</x1>
            <y1>97</y1>
            <v1>2</v1>
        </keypoints>
        <bndbox>
            <xmin>54</xmin>
            <ymin>97</ymin>
            <xmax>54</xmax>
            <ymax>97</ymax>
        </bndbox>
    </object>
    <object>
        <name>0</name>
        <difficult>0</difficult>
        <keypoints>
            <x1>90</x1>
            <y1>81</y1>
            <v1>2</v1>
        </keypoints>
        <bndbox>
            <xmin>90</xmin>
            <ymin>81</ymin>
            <xmax>90</xmax>
            <ymax>81</ymax>
        </bndbox>
    </object>
</annotation>