<annotation>
    <folder>JPEGImages</folder>
    <filename>wc_65.jpg</filename>
    <size>
        <width>320</width>
        <height>320</height>
        <depth>3</depth>
    </size>
    <object>
        <name>28</name>
        <difficult>0</difficult>
        <keypoints>
            <x1>12</x1>
            <y1>179</y1>
            <v1>2</v1>
        </keypoints>
        <bndbox>
            <xmin>12</xmin>
            <ymin>179</ymin>
            <xmax>12</xmax>
            <ymax>179</ymax>
        </bndbox>
    </object>
    <object>
        <name>21</name>
        <difficult>0</difficult>
        <keypoints>
            <x1>103</x1>
            <y1>224</y1>
            <v1>2</v1>
        </keypoints>
        <bndbox>
            <xmin>103</xmin>
            <ymin>224</ymin>
            <xmax>103</xmax>
            <ymax>224</ymax>
        </bndbox>
    </object>
    <object>
        <name>20</name>
        <difficult>0</difficult>
        <keypoints>
            <x1>243</x1>
            <y1>175</y1>
            <v1>2</v1>
        </keypoints>
        <bndbox>
            <xmin>243</xmin>
            <ymin>175</ymin>
            <xmax>243</xmax>
            <ymax>175</ymax>
        </bndbox>
    </object>
    <object>
        <name>19</name>
        <difficult>0</difficult>
        <keypoints>
            <x1>122</x1>
            <y1>159</y1>
            <v1>2</v1>
        </keypoints>
        <bndbox>
            <xmin>122</xmin>
            <ymin>159</ymin>
            <xmax>122</xmax>
            <ymax>159</ymax>
        </bndbox>
    </object>
    <object>
        <name>18</name>
        <difficult>0</difficult>
        <keypoints>
            <x1>163</x1>
            <y1>148</y1>
            <v1>2</v1>
        </keypoints>
        <bndbox>
            <xmin>163</xmin>
            <ymin>148</ymin>
            <xmax>163</xmax>
            <ymax>148</ymax>
        </bndbox>
    </object>
    <object>
        <name>17</name>
        <difficult>0</difficult>
        <keypoints>
            <x1>19</x1>
            <y1>117</y1>
            <v1>2</v1>
        </keypoints>
        <bndbox>
            <xmin>19</xmin>
            <ymin>117</ymin>
            <xmax>19</xmax>
            <ymax>117</ymax>
        </bndbox>
    </object>
    <object>
        <name>16</name>
        <difficult>0</difficult>
        <keypoints>
            <x1>60</x1>
            <y1>110</y1>
            <v1>2</v1>
        </keypoints>
        <bndbox>
            <xmin>60</xmin>
            <ymin>110</ymin>
            <xmax>60</xmax>
            <ymax>110</ymax>
        </bndbox>
    </object>
    <object>
        <name>14</name>
        <difficult>0</difficult>
        <keypoints>
            <x1>9</x1>
            <y1>92</y1>
            <v1>2</v1>
        </keypoints>
        <bndbox>
            <xmin>9</xmin>
            <ymin>92</ymin>
            <xmax>9</xmax>
            <ymax>92</ymax>
        </bndbox>
    </object>
</annotation>