<annotation>
    <folder>JPEGImages</folder>
    <filename>wc_62.jpg</filename>
    <size>
        <width>320</width>
        <height>320</height>
        <depth>3</depth>
    </size>
    <object>
        <name>28</name>
        <difficult>0</difficult>
        <keypoints>
            <x1>162</x1>
            <y1>196</y1>
            <v1>2</v1>
        </keypoints>
        <bndbox>
            <xmin>162</xmin>
            <ymin>196</ymin>
            <xmax>162</xmax>
            <ymax>196</ymax>
        </bndbox>
    </object>
    <object>
        <name>27</name>
        <difficult>0</difficult>
        <keypoints>
            <x1>86</x1>
            <y1>152</y1>
            <v1>2</v1>
        </keypoints>
        <bndbox>
            <xmin>86</xmin>
            <ymin>152</ymin>
            <xmax>86</xmax>
            <ymax>152</ymax>
        </bndbox>
    </object>
    <object>
        <name>21</name>
        <difficult>0</difficult>
        <keypoints>
            <x1>256</x1>
            <y1>252</y1>
            <v1>2</v1>
        </keypoints>
        <bndbox>
            <xmin>256</xmin>
            <ymin>252</ymin>
            <xmax>256</xmax>
            <ymax>252</ymax>
        </bndbox>
    </object>
    <object>
        <name>19</name>
        <difficult>0</difficult>
        <keypoints>
            <x1>278</x1>
            <y1>182</y1>
            <v1>2</v1>
        </keypoints>
        <bndbox>
            <xmin>278</xmin>
            <ymin>182</ymin>
            <xmax>278</xmax>
            <ymax>182</ymax>
        </bndbox>
    </object>
    <object>
        <name>17</name>
        <difficult>0</difficult>
        <keypoints>
            <x1>172</x1>
            <y1>133</y1>
            <v1>2</v1>
        </keypoints>
        <bndbox>
            <xmin>172</xmin>
            <ymin>133</ymin>
            <xmax>172</xmax>
            <ymax>133</ymax>
        </bndbox>
    </object>
    <object>
        <name>16</name>
        <difficult>0</difficult>
        <keypoints>
            <x1>211</x1>
            <y1>127</y1>
            <v1>2</v1>
        </keypoints>
        <bndbox>
            <xmin>211</xmin>
            <ymin>127</ymin>
            <xmax>211</xmax>
            <ymax>127</ymax>
        </bndbox>
    </object>
    <object>
        <name>15</name>
        <difficult>0</difficult>
        <keypoints>
            <x1>36</x1>
            <y1>123</y1>
            <v1>2</v1>
        </keypoints>
        <bndbox>
            <xmin>36</xmin>
            <ymin>123</ymin>
            <xmax>36</xmax>
            <ymax>123</ymax>
        </bndbox>
    </object>
    <object>
        <name>14</name>
        <difficult>0</difficult>
        <keypoints>
            <x1>160</x1>
            <y1>106</y1>
            <v1>2</v1>
        </keypoints>
        <bndbox>
            <xmin>160</xmin>
            <ymin>106</ymin>
            <xmax>160</xmax>
            <ymax>106</ymax>
        </bndbox>
    </object>
    <object>
        <name>13</name>
        <difficult>0</difficult>
        <keypoints>
            <x1>109</x1>
            <y1>84</y1>
            <v1>2</v1>
        </keypoints>
        <bndbox>
            <xmin>109</xmin>
            <ymin>84</ymin>
            <xmax>109</xmax>
            <ymax>84</ymax>
        </bndbox>
    </object>
</annotation>