<annotation>
    <folder>JPEGImages</folder>
    <filename>wc_61.jpg</filename>
    <size>
        <width>320</width>
        <height>320</height>
        <depth>3</depth>
    </size>
    <object>
        <name>28</name>
        <difficult>0</difficult>
        <keypoints>
            <x1>210</x1>
            <y1>214</y1>
            <v1>2</v1>
        </keypoints>
        <bndbox>
            <xmin>210</xmin>
            <ymin>214</ymin>
            <xmax>210</xmax>
            <ymax>214</ymax>
        </bndbox>
    </object>
    <object>
        <name>27</name>
        <difficult>0</difficult>
        <keypoints>
            <x1>123</x1>
            <y1>162</y1>
            <v1>2</v1>
        </keypoints>
        <bndbox>
            <xmin>123</xmin>
            <ymin>162</ymin>
            <xmax>123</xmax>
            <ymax>162</ymax>
        </bndbox>
    </object>
    <object>
        <name>17</name>
        <difficult>0</difficult>
        <keypoints>
            <x1>222</x1>
            <y1>140</y1>
            <v1>2</v1>
        </keypoints>
        <bndbox>
            <xmin>222</xmin>
            <ymin>140</ymin>
            <xmax>222</xmax>
            <ymax>140</ymax>
        </bndbox>
    </object>
    <object>
        <name>16</name>
        <difficult>0</difficult>
        <keypoints>
            <x1>270</x1>
            <y1>134</y1>
            <v1>2</v1>
        </keypoints>
        <bndbox>
            <xmin>270</xmin>
            <ymin>134</ymin>
            <xmax>270</xmax>
            <ymax>134</ymax>
        </bndbox>
    </object>
    <object>
        <name>15</name>
        <difficult>0</difficult>
        <keypoints>
            <x1>66</x1>
            <y1>127</y1>
            <v1>2</v1>
        </keypoints>
        <bndbox>
            <xmin>66</xmin>
            <ymin>127</ymin>
            <xmax>66</xmax>
            <ymax>127</ymax>
        </bndbox>
    </object>
    <object>
        <name>14</name>
        <difficult>0</difficult>
        <keypoints>
            <x1>210</x1>
            <y1>109</y1>
            <v1>2</v1>
        </keypoints>
        <bndbox>
            <xmin>210</xmin>
            <ymin>109</ymin>
            <xmax>210</xmax>
            <ymax>109</ymax>
        </bndbox>
    </object>
    <object>
        <name>13</name>
        <difficult>0</difficult>
        <keypoints>
            <x1>149</x1>
            <y1>83</y1>
            <v1>2</v1>
        </keypoints>
        <bndbox>
            <xmin>149</xmin>
            <ymin>83</ymin>
            <xmax>149</xmax>
            <ymax>83</ymax>
        </bndbox>
    </object>
</annotation>