<annotation>
    <folder>JPEGImages</folder>
    <filename>wc_78.jpg</filename>
    <size>
        <width>320</width>
        <height>320</height>
        <depth>3</depth>
    </size>
    <object>
        <name>24</name>
        <difficult>0</difficult>
        <keypoints>
            <x1>43</x1>
            <y1>155</y1>
            <v1>2</v1>
        </keypoints>
        <bndbox>
            <xmin>43</xmin>
            <ymin>155</ymin>
            <xmax>43</xmax>
            <ymax>155</ymax>
        </bndbox>
    </object>
    <object>
        <name>23</name>
        <difficult>0</difficult>
        <keypoints>
            <x1>91</x1>
            <y1>124</y1>
            <v1>2</v1>
        </keypoints>
        <bndbox>
            <xmin>91</xmin>
            <ymin>124</ymin>
            <xmax>91</xmax>
            <ymax>124</ymax>
        </bndbox>
    </object>
    <object>
        <name>4</name>
        <difficult>0</difficult>
        <keypoints>
            <x1>33</x1>
            <y1>114</y1>
            <v1>2</v1>
        </keypoints>
        <bndbox>
            <xmin>33</xmin>
            <ymin>114</ymin>
            <xmax>33</xmax>
            <ymax>114</ymax>
        </bndbox>
    </object>
    <object>
        <name>3</name>
        <difficult>0</difficult>
        <keypoints>
            <x1>6</x1>
            <y1>111</y1>
            <v1>2</v1>
        </keypoints>
        <bndbox>
            <xmin>6</xmin>
            <ymin>111</ymin>
            <xmax>6</xmax>
            <ymax>111</ymax>
        </bndbox>
    </object>
    <object>
        <name>2</name>
        <difficult>0</difficult>
        <keypoints>
            <x1>121</x1>
            <y1>104</y1>
            <v1>2</v1>
        </keypoints>
        <bndbox>
            <xmin>121</xmin>
            <ymin>104</ymin>
            <xmax>121</xmax>
            <ymax>104</ymax>
        </bndbox>
    </object>
    <object>
        <name>1</name>
        <difficult>0</difficult>
        <keypoints>
            <x1>42</x1>
            <y1>96</y1>
            <v1>2</v1>
        </keypoints>
        <bndbox>
            <xmin>42</xmin>
            <ymin>96</ymin>
            <xmax>42</xmax>
            <ymax>96</ymax>
        </bndbox>
    </object>
    <object>
        <name>0</name>
        <difficult>0</difficult>
        <keypoints>
            <x1>74</x1>
            <y1>81</y1>
            <v1>2</v1>
        </keypoints>
        <bndbox>
            <xmin>74</xmin>
            <ymin>81</ymin>
            <xmax>74</xmax>
            <ymax>81</ymax>
        </bndbox>
    </object>
</annotation>