<annotation>
    <folder>JPEGImages</folder>
    <filename>wc_77.jpg</filename>
    <size>
        <width>320</width>
        <height>320</height>
        <depth>3</depth>
    </size>
    <object>
        <name>28</name>
        <difficult>0</difficult>
        <keypoints>
            <x1>269</x1>
            <y1>211</y1>
            <v1>2</v1>
        </keypoints>
        <bndbox>
            <xmin>269</xmin>
            <ymin>211</ymin>
            <xmax>269</xmax>
            <ymax>211</ymax>
        </bndbox>
    </object>
    <object>
        <name>27</name>
        <difficult>0</difficult>
        <keypoints>
            <x1>212</x1>
            <y1>177</y1>
            <v1>2</v1>
        </keypoints>
        <bndbox>
            <xmin>212</xmin>
            <ymin>177</ymin>
            <xmax>212</xmax>
            <ymax>177</ymax>
        </bndbox>
    </object>
    <object>
        <name>17</name>
        <difficult>0</difficult>
        <keypoints>
            <x1>276</x1>
            <y1>166</y1>
            <v1>2</v1>
        </keypoints>
        <bndbox>
            <xmin>276</xmin>
            <ymin>166</ymin>
            <xmax>276</xmax>
            <ymax>166</ymax>
        </bndbox>
    </object>
    <object>
        <name>16</name>
        <difficult>0</difficult>
        <keypoints>
            <x1>310</x1>
            <y1>162</y1>
            <v1>2</v1>
        </keypoints>
        <bndbox>
            <xmin>310</xmin>
            <ymin>162</ymin>
            <xmax>310</xmax>
            <ymax>162</ymax>
        </bndbox>
    </object>
    <object>
        <name>15</name>
        <difficult>0</difficult>
        <keypoints>
            <x1>177</x1>
            <y1>154</y1>
            <v1>2</v1>
        </keypoints>
        <bndbox>
            <xmin>177</xmin>
            <ymin>154</ymin>
            <xmax>177</xmax>
            <ymax>154</ymax>
        </bndbox>
    </object>
    <object>
        <name>14</name>
        <difficult>0</difficult>
        <keypoints>
            <x1>269</x1>
            <y1>144</y1>
            <v1>2</v1>
        </keypoints>
        <bndbox>
            <xmin>269</xmin>
            <ymin>144</ymin>
            <xmax>269</xmax>
            <ymax>144</ymax>
        </bndbox>
    </object>
    <object>
        <name>13</name>
        <difficult>0</difficult>
        <keypoints>
            <x1>229</x1>
            <y1>127</y1>
            <v1>2</v1>
        </keypoints>
        <bndbox>
            <xmin>229</xmin>
            <ymin>127</ymin>
            <xmax>229</xmax>
            <ymax>127</ymax>
        </bndbox>
    </object>
</annotation>