<annotation>
    <folder>JPEGImages</folder>
    <filename>wc_79.jpg</filename>
    <size>
        <width>320</width>
        <height>320</height>
        <depth>3</depth>
    </size>
    <object>
        <name>28</name>
        <difficult>0</difficult>
        <keypoints>
            <x1>291</x1>
            <y1>162</y1>
            <v1>2</v1>
        </keypoints>
        <bndbox>
            <xmin>291</xmin>
            <ymin>162</ymin>
            <xmax>291</xmax>
            <ymax>162</ymax>
        </bndbox>
    </object>
    <object>
        <name>27</name>
        <difficult>0</difficult>
        <keypoints>
            <x1>247</x1>
            <y1>132</y1>
            <v1>2</v1>
        </keypoints>
        <bndbox>
            <xmin>247</xmin>
            <ymin>132</ymin>
            <xmax>247</xmax>
            <ymax>132</ymax>
        </bndbox>
    </object>
    <object>
        <name>26</name>
        <difficult>0</difficult>
        <keypoints>
            <x1>32</x1>
            <y1>197</y1>
            <v1>2</v1>
        </keypoints>
        <bndbox>
            <xmin>32</xmin>
            <ymin>197</ymin>
            <xmax>32</xmax>
            <ymax>197</ymax>
        </bndbox>
    </object>
    <object>
        <name>25</name>
        <difficult>0</difficult>
        <keypoints>
            <x1>29</x1>
            <y1>147</y1>
            <v1>2</v1>
        </keypoints>
        <bndbox>
            <xmin>29</xmin>
            <ymin>147</ymin>
            <xmax>29</xmax>
            <ymax>147</ymax>
        </bndbox>
    </object>
    <object>
        <name>17</name>
        <difficult>0</difficult>
        <keypoints>
            <x1>300</x1>
            <y1>125</y1>
            <v1>2</v1>
        </keypoints>
        <bndbox>
            <xmin>300</xmin>
            <ymin>125</ymin>
            <xmax>300</xmax>
            <ymax>125</ymax>
        </bndbox>
    </object>
    <object>
        <name>15</name>
        <difficult>0</difficult>
        <keypoints>
            <x1>218</x1>
            <y1>115</y1>
            <v1>2</v1>
        </keypoints>
        <bndbox>
            <xmin>218</xmin>
            <ymin>115</ymin>
            <xmax>218</xmax>
            <ymax>115</ymax>
        </bndbox>
    </object>
    <object>
        <name>14</name>
        <difficult>0</difficult>
        <keypoints>
            <x1>293</x1>
            <y1>108</y1>
            <v1>2</v1>
        </keypoints>
        <bndbox>
            <xmin>293</xmin>
            <ymin>108</ymin>
            <xmax>293</xmax>
            <ymax>108</ymax>
        </bndbox>
    </object>
    <object>
        <name>13</name>
        <difficult>0</difficult>
        <keypoints>
            <x1>262</x1>
            <y1>94</y1>
            <v1>2</v1>
        </keypoints>
        <bndbox>
            <xmin>262</xmin>
            <ymin>94</ymin>
            <xmax>262</xmax>
            <ymax>94</ymax>
        </bndbox>
    </object>
    <object>
        <name>11</name>
        <difficult>0</difficult>
        <keypoints>
            <x1>31</x1>
            <y1>169</y1>
            <v1>2</v1>
        </keypoints>
        <bndbox>
            <xmin>31</xmin>
            <ymin>169</ymin>
            <xmax>31</xmax>
            <ymax>169</ymax>
        </bndbox>
    </object>
    <object>
        <name>10</name>
        <difficult>0</difficult>
        <keypoints>
            <x1>29</x1>
            <y1>109</y1>
            <v1>2</v1>
        </keypoints>
        <bndbox>
            <xmin>29</xmin>
            <ymin>109</ymin>
            <xmax>29</xmax>
            <ymax>109</ymax>
        </bndbox>
    </object>
</annotation>