<annotation>
    <folder>JPEGImages</folder>
    <filename>wc_70.jpg</filename>
    <size>
        <width>320</width>
        <height>320</height>
        <depth>3</depth>
    </size>
    <object>
        <name>23</name>
        <difficult>0</difficult>
        <keypoints>
            <x1>53</x1>
            <y1>171</y1>
            <v1>2</v1>
        </keypoints>
        <bndbox>
            <xmin>53</xmin>
            <ymin>171</ymin>
            <xmax>53</xmax>
            <ymax>171</ymax>
        </bndbox>
    </object>
    <object>
        <name>2</name>
        <difficult>0</difficult>
        <keypoints>
            <x1>95</x1>
            <y1>143</y1>
            <v1>2</v1>
        </keypoints>
        <bndbox>
            <xmin>95</xmin>
            <ymin>143</ymin>
            <xmax>95</xmax>
            <ymax>143</ymax>
        </bndbox>
    </object>
    <object>
        <name>0</name>
        <difficult>0</difficult>
        <keypoints>
            <x1>29</x1>
            <y1>112</y1>
            <v1>2</v1>
        </keypoints>
        <bndbox>
            <xmin>29</xmin>
            <ymin>112</ymin>
            <xmax>29</xmax>
            <ymax>112</ymax>
        </bndbox>
    </object>
</annotation>