<annotation>
    <folder>JPEGImages</folder>
    <filename>wc_72.jpg</filename>
    <size>
        <width>320</width>
        <height>320</height>
        <depth>3</depth>
    </size>
    <object>
        <name>24</name>
        <difficult>0</difficult>
        <keypoints>
            <x1>138</x1>
            <y1>194</y1>
            <v1>2</v1>
        </keypoints>
        <bndbox>
            <xmin>138</xmin>
            <ymin>194</ymin>
            <xmax>138</xmax>
            <ymax>194</ymax>
        </bndbox>
    </object>
    <object>
        <name>23</name>
        <difficult>0</difficult>
        <keypoints>
            <x1>191</x1>
            <y1>161</y1>
            <v1>2</v1>
        </keypoints>
        <bndbox>
            <xmin>191</xmin>
            <ymin>161</ymin>
            <xmax>191</xmax>
            <ymax>161</ymax>
        </bndbox>
    </object>
    <object>
        <name>8</name>
        <difficult>0</difficult>
        <keypoints>
            <x1>71</x1>
            <y1>235</y1>
            <v1>2</v1>
        </keypoints>
        <bndbox>
            <xmin>71</xmin>
            <ymin>235</ymin>
            <xmax>71</xmax>
            <ymax>235</ymax>
        </bndbox>
    </object>
    <object>
        <name>6</name>
        <difficult>0</difficult>
        <keypoints>
            <x1>51</x1>
            <y1>185</y1>
            <v1>2</v1>
        </keypoints>
        <bndbox>
            <xmin>51</xmin>
            <ymin>185</ymin>
            <xmax>51</xmax>
            <ymax>185</ymax>
        </bndbox>
    </object>
    <object>
        <name>5</name>
        <difficult>0</difficult>
        <keypoints>
            <x1>19</x1>
            <y1>178</y1>
            <v1>2</v1>
        </keypoints>
        <bndbox>
            <xmin>19</xmin>
            <ymin>178</ymin>
            <xmax>19</xmax>
            <ymax>178</ymax>
        </bndbox>
    </object>
    <object>
        <name>4</name>
        <difficult>0</difficult>
        <keypoints>
            <x1>129</x1>
            <y1>148</y1>
            <v1>2</v1>
        </keypoints>
        <bndbox>
            <xmin>129</xmin>
            <ymin>148</ymin>
            <xmax>129</xmax>
            <ymax>148</ymax>
        </bndbox>
    </object>
    <object>
        <name>3</name>
        <difficult>0</difficult>
        <keypoints>
            <x1>101</x1>
            <y1>144</y1>
            <v1>2</v1>
        </keypoints>
        <bndbox>
            <xmin>101</xmin>
            <ymin>144</ymin>
            <xmax>101</xmax>
            <ymax>144</ymax>
        </bndbox>
    </object>
    <object>
        <name>2</name>
        <difficult>0</difficult>
        <keypoints>
            <x1>225</x1>
            <y1>140</y1>
            <v1>2</v1>
        </keypoints>
        <bndbox>
            <xmin>225</xmin>
            <ymin>140</ymin>
            <xmax>225</xmax>
            <ymax>140</ymax>
        </bndbox>
    </object>
    <object>
        <name>1</name>
        <difficult>0</difficult>
        <keypoints>
            <x1>138</x1>
            <y1>129</y1>
            <v1>2</v1>
        </keypoints>
        <bndbox>
            <xmin>138</xmin>
            <ymin>129</ymin>
            <xmax>138</xmax>
            <ymax>129</ymax>
        </bndbox>
    </object>
    <object>
        <name>0</name>
        <difficult>0</difficult>
        <keypoints>
            <x1>174</x1>
            <y1>114</y1>
            <v1>2</v1>
        </keypoints>
        <bndbox>
            <xmin>174</xmin>
            <ymin>114</ymin>
            <xmax>174</xmax>
            <ymax>114</ymax>
        </bndbox>
    </object>
</annotation>