<annotation>
    <folder>JPEGImages</folder>
    <filename>wc_75.jpg</filename>
    <size>
        <width>320</width>
        <height>320</height>
        <depth>3</depth>
    </size>
    <object>
        <name>26</name>
        <difficult>0</difficult>
        <keypoints>
            <x1>239</x1>
            <y1>189</y1>
            <v1>2</v1>
        </keypoints>
        <bndbox>
            <xmin>239</xmin>
            <ymin>189</ymin>
            <xmax>239</xmax>
            <ymax>189</ymax>
        </bndbox>
    </object>
    <object>
        <name>25</name>
        <difficult>0</difficult>
        <keypoints>
            <x1>240</x1>
            <y1>136</y1>
            <v1>2</v1>
        </keypoints>
        <bndbox>
            <xmin>240</xmin>
            <ymin>136</ymin>
            <xmax>240</xmax>
            <ymax>136</ymax>
        </bndbox>
    </object>
    <object>
        <name>11</name>
        <difficult>0</difficult>
        <keypoints>
            <x1>240</x1>
            <y1>159</y1>
            <v1>2</v1>
        </keypoints>
        <bndbox>
            <xmin>240</xmin>
            <ymin>159</ymin>
            <xmax>240</xmax>
            <ymax>159</ymax>
        </bndbox>
    </object>
    <object>
        <name>10</name>
        <difficult>0</difficult>
        <keypoints>
            <x1>240</x1>
            <y1>94</y1>
            <v1>2</v1>
        </keypoints>
        <bndbox>
            <xmin>240</xmin>
            <ymin>94</ymin>
            <xmax>240</xmax>
            <ymax>94</ymax>
        </bndbox>
    </object>
    <object>
        <name>2</name>
        <difficult>0</difficult>
        <keypoints>
            <x1>31</x1>
            <y1>104</y1>
            <v1>2</v1>
        </keypoints>
        <bndbox>
            <xmin>31</xmin>
            <ymin>104</ymin>
            <xmax>31</xmax>
            <ymax>104</ymax>
        </bndbox>
    </object>
</annotation>