<annotation>
    <folder>JPEGImages</folder>
    <filename>wc_83.jpg</filename>
    <size>
        <width>320</width>
        <height>320</height>
        <depth>3</depth>
    </size>
    <object>
        <name>24</name>
        <difficult>0</difficult>
        <keypoints>
            <x1>181</x1>
            <y1>280</y1>
            <v1>2</v1>
        </keypoints>
        <bndbox>
            <xmin>181</xmin>
            <ymin>280</ymin>
            <xmax>181</xmax>
            <ymax>280</ymax>
        </bndbox>
    </object>
    <object>
        <name>23</name>
        <difficult>0</difficult>
        <keypoints>
            <x1>284</x1>
            <y1>220</y1>
            <v1>2</v1>
        </keypoints>
        <bndbox>
            <xmin>284</xmin>
            <ymin>220</ymin>
            <xmax>284</xmax>
            <ymax>220</ymax>
        </bndbox>
    </object>
    <object>
        <name>6</name>
        <difficult>0</difficult>
        <keypoints>
            <x1>23</x1>
            <y1>260</y1>
            <v1>2</v1>
        </keypoints>
        <bndbox>
            <xmin>23</xmin>
            <ymin>260</ymin>
            <xmax>23</xmax>
            <ymax>260</ymax>
        </bndbox>
    </object>
    <object>
        <name>4</name>
        <difficult>0</difficult>
        <keypoints>
            <x1>167</x1>
            <y1>193</y1>
            <v1>2</v1>
        </keypoints>
        <bndbox>
            <xmin>167</xmin>
            <ymin>193</ymin>
            <xmax>167</xmax>
            <ymax>193</ymax>
        </bndbox>
    </object>
    <object>
        <name>3</name>
        <difficult>0</difficult>
        <keypoints>
            <x1>113</x1>
            <y1>184</y1>
            <v1>2</v1>
        </keypoints>
        <bndbox>
            <xmin>113</xmin>
            <ymin>184</ymin>
            <xmax>113</xmax>
            <ymax>184</ymax>
        </bndbox>
    </object>
    <object>
        <name>1</name>
        <difficult>0</difficult>
        <keypoints>
            <x1>180</x1>
            <y1>156</y1>
            <v1>2</v1>
        </keypoints>
        <bndbox>
            <xmin>180</xmin>
            <ymin>156</ymin>
            <xmax>180</xmax>
            <ymax>156</ymax>
        </bndbox>
    </object>
    <object>
        <name>0</name>
        <difficult>0</difficult>
        <keypoints>
            <x1>252</x1>
            <y1>127</y1>
            <v1>2</v1>
        </keypoints>
        <bndbox>
            <xmin>252</xmin>
            <ymin>127</ymin>
            <xmax>252</xmax>
            <ymax>127</ymax>
        </bndbox>
    </object>
</annotation>