<annotation>
    <folder>JPEGImages</folder>
    <filename>wc_81.jpg</filename>
    <size>
        <width>320</width>
        <height>320</height>
        <depth>3</depth>
    </size>
    <object>
        <name>24</name>
        <difficult>0</difficult>
        <keypoints>
            <x1>69</x1>
            <y1>131</y1>
            <v1>2</v1>
        </keypoints>
        <bndbox>
            <xmin>69</xmin>
            <ymin>131</ymin>
            <xmax>69</xmax>
            <ymax>131</ymax>
        </bndbox>
    </object>
    <object>
        <name>23</name>
        <difficult>0</difficult>
        <keypoints>
            <x1>120</x1>
            <y1>98</y1>
            <v1>2</v1>
        </keypoints>
        <bndbox>
            <xmin>120</xmin>
            <ymin>98</ymin>
            <xmax>120</xmax>
            <ymax>98</ymax>
        </bndbox>
    </object>
    <object>
        <name>4</name>
        <difficult>0</difficult>
        <keypoints>
            <x1>60</x1>
            <y1>87</y1>
            <v1>2</v1>
        </keypoints>
        <bndbox>
            <xmin>60</xmin>
            <ymin>87</ymin>
            <xmax>60</xmax>
            <ymax>87</ymax>
        </bndbox>
    </object>
    <object>
        <name>3</name>
        <difficult>0</difficult>
        <keypoints>
            <x1>32</x1>
            <y1>82</y1>
            <v1>2</v1>
        </keypoints>
        <bndbox>
            <xmin>32</xmin>
            <ymin>82</ymin>
            <xmax>32</xmax>
            <ymax>82</ymax>
        </bndbox>
    </object>
    <object>
        <name>2</name>
        <difficult>0</difficult>
        <keypoints>
            <x1>152</x1>
            <y1>77</y1>
            <v1>2</v1>
        </keypoints>
        <bndbox>
            <xmin>152</xmin>
            <ymin>77</ymin>
            <xmax>152</xmax>
            <ymax>77</ymax>
        </bndbox>
    </object>
    <object>
        <name>1</name>
        <difficult>0</difficult>
        <keypoints>
            <x1>68</x1>
            <y1>67</y1>
            <v1>2</v1>
        </keypoints>
        <bndbox>
            <xmin>68</xmin>
            <ymin>67</ymin>
            <xmax>68</xmax>
            <ymax>67</ymax>
        </bndbox>
    </object>
    <object>
        <name>0</name>
        <difficult>0</difficult>
        <keypoints>
            <x1>104</x1>
            <y1>52</y1>
            <v1>2</v1>
        </keypoints>
        <bndbox>
            <xmin>104</xmin>
            <ymin>52</ymin>
            <xmax>104</xmax>
            <ymax>52</ymax>
        </bndbox>
    </object>
</annotation>