<annotation>
    <folder>JPEGImages</folder>
    <filename>wc_89.jpg</filename>
    <size>
        <width>320</width>
        <height>320</height>
        <depth>3</depth>
    </size>
    <object>
        <name>28</name>
        <difficult>0</difficult>
        <keypoints>
            <x1>260</x1>
            <y1>173</y1>
            <v1>2</v1>
        </keypoints>
        <bndbox>
            <xmin>260</xmin>
            <ymin>173</ymin>
            <xmax>260</xmax>
            <ymax>173</ymax>
        </bndbox>
    </object>
    <object>
        <name>27</name>
        <difficult>0</difficult>
        <keypoints>
            <x1>212</x1>
            <y1>140</y1>
            <v1>2</v1>
        </keypoints>
        <bndbox>
            <xmin>212</xmin>
            <ymin>140</ymin>
            <xmax>212</xmax>
            <ymax>140</ymax>
        </bndbox>
    </object>
    <object>
        <name>17</name>
        <difficult>0</difficult>
        <keypoints>
            <x1>277</x1>
            <y1>132</y1>
            <v1>2</v1>
        </keypoints>
        <bndbox>
            <xmin>277</xmin>
            <ymin>132</ymin>
            <xmax>277</xmax>
            <ymax>132</ymax>
        </bndbox>
    </object>
    <object>
        <name>16</name>
        <difficult>0</difficult>
        <keypoints>
            <x1>306</x1>
            <y1>127</y1>
            <v1>2</v1>
        </keypoints>
        <bndbox>
            <xmin>306</xmin>
            <ymin>127</ymin>
            <xmax>306</xmax>
            <ymax>127</ymax>
        </bndbox>
    </object>
    <object>
        <name>15</name>
        <difficult>0</difficult>
        <keypoints>
            <x1>182</x1>
            <y1>120</y1>
            <v1>2</v1>
        </keypoints>
        <bndbox>
            <xmin>182</xmin>
            <ymin>120</ymin>
            <xmax>182</xmax>
            <ymax>120</ymax>
        </bndbox>
    </object>
    <object>
        <name>14</name>
        <difficult>0</difficult>
        <keypoints>
            <x1>270</x1>
            <y1>113</y1>
            <v1>2</v1>
        </keypoints>
        <bndbox>
            <xmin>270</xmin>
            <ymin>113</ymin>
            <xmax>270</xmax>
            <ymax>113</ymax>
        </bndbox>
    </object>
    <object>
        <name>13</name>
        <difficult>0</difficult>
        <keypoints>
            <x1>236</x1>
            <y1>96</y1>
            <v1>2</v1>
        </keypoints>
        <bndbox>
            <xmin>236</xmin>
            <ymin>96</ymin>
            <xmax>236</xmax>
            <ymax>96</ymax>
        </bndbox>
    </object>
</annotation>