<annotation>
    <folder>JPEGImages</folder>
    <filename>wc_82.jpg</filename>
    <size>
        <width>320</width>
        <height>320</height>
        <depth>3</depth>
    </size>
    <object>
        <name>24</name>
        <difficult>0</difficult>
        <keypoints>
            <x1>108</x1>
            <y1>126</y1>
            <v1>2</v1>
        </keypoints>
        <bndbox>
            <xmin>108</xmin>
            <ymin>126</ymin>
            <xmax>108</xmax>
            <ymax>126</ymax>
        </bndbox>
    </object>
    <object>
        <name>23</name>
        <difficult>0</difficult>
        <keypoints>
            <x1>160</x1>
            <y1>92</y1>
            <v1>2</v1>
        </keypoints>
        <bndbox>
            <xmin>160</xmin>
            <ymin>92</ymin>
            <xmax>160</xmax>
            <ymax>92</ymax>
        </bndbox>
    </object>
    <object>
        <name>8</name>
        <difficult>0</difficult>
        <keypoints>
            <x1>40</x1>
            <y1>166</y1>
            <v1>2</v1>
        </keypoints>
        <bndbox>
            <xmin>40</xmin>
            <ymin>166</ymin>
            <xmax>40</xmax>
            <ymax>166</ymax>
        </bndbox>
    </object>
    <object>
        <name>6</name>
        <difficult>0</difficult>
        <keypoints>
            <x1>21</x1>
            <y1>115</y1>
            <v1>2</v1>
        </keypoints>
        <bndbox>
            <xmin>21</xmin>
            <ymin>115</ymin>
            <xmax>21</xmax>
            <ymax>115</ymax>
        </bndbox>
    </object>
    <object>
        <name>4</name>
        <difficult>0</difficult>
        <keypoints>
            <x1>98</x1>
            <y1>80</y1>
            <v1>2</v1>
        </keypoints>
        <bndbox>
            <xmin>98</xmin>
            <ymin>80</ymin>
            <xmax>98</xmax>
            <ymax>80</ymax>
        </bndbox>
    </object>
    <object>
        <name>3</name>
        <difficult>0</difficult>
        <keypoints>
            <x1>69</x1>
            <y1>75</y1>
            <v1>2</v1>
        </keypoints>
        <bndbox>
            <xmin>69</xmin>
            <ymin>75</ymin>
            <xmax>69</xmax>
            <ymax>75</ymax>
        </bndbox>
    </object>
    <object>
        <name>2</name>
        <difficult>0</difficult>
        <keypoints>
            <x1>193</x1>
            <y1>70</y1>
            <v1>2</v1>
        </keypoints>
        <bndbox>
            <xmin>193</xmin>
            <ymin>70</ymin>
            <xmax>193</xmax>
            <ymax>70</ymax>
        </bndbox>
    </object>
    <object>
        <name>1</name>
        <difficult>0</difficult>
        <keypoints>
            <x1>107</x1>
            <y1>60</y1>
            <v1>2</v1>
        </keypoints>
        <bndbox>
            <xmin>107</xmin>
            <ymin>60</ymin>
            <xmax>107</xmax>
            <ymax>60</ymax>
        </bndbox>
    </object>
    <object>
        <name>0</name>
        <difficult>0</difficult>
        <keypoints>
            <x1>143</x1>
            <y1>45</y1>
            <v1>2</v1>
        </keypoints>
        <bndbox>
            <xmin>143</xmin>
            <ymin>45</ymin>
            <xmax>143</xmax>
            <ymax>45</ymax>
        </bndbox>
    </object>
</annotation>