<annotation>
    <folder>JPEGImages</folder>
    <filename>wc_97.jpg</filename>
    <size>
        <width>320</width>
        <height>320</height>
        <depth>3</depth>
    </size>
    <object>
        <name>26</name>
        <difficult>0</difficult>
        <keypoints>
            <x1>315</x1>
            <y1>195</y1>
            <v1>2</v1>
        </keypoints>
        <bndbox>
            <xmin>315</xmin>
            <ymin>195</ymin>
            <xmax>315</xmax>
            <ymax>195</ymax>
        </bndbox>
    </object>
    <object>
        <name>25</name>
        <difficult>0</difficult>
        <keypoints>
            <x1>315</x1>
            <y1>144</y1>
            <v1>2</v1>
        </keypoints>
        <bndbox>
            <xmin>315</xmin>
            <ymin>144</ymin>
            <xmax>315</xmax>
            <ymax>144</ymax>
        </bndbox>
    </object>
    <object>
        <name>12</name>
        <difficult>0</difficult>
        <keypoints>
            <x1>316</x1>
            <y1>315</y1>
            <v1>2</v1>
        </keypoints>
        <bndbox>
            <xmin>316</xmin>
            <ymin>315</ymin>
            <xmax>316</xmax>
            <ymax>315</ymax>
        </bndbox>
    </object>
    <object>
        <name>11</name>
        <difficult>0</difficult>
        <keypoints>
            <x1>315</x1>
            <y1>167</y1>
            <v1>2</v1>
        </keypoints>
        <bndbox>
            <xmin>315</xmin>
            <ymin>167</ymin>
            <xmax>315</xmax>
            <ymax>167</ymax>
        </bndbox>
    </object>
    <object>
        <name>10</name>
        <difficult>0</difficult>
        <keypoints>
            <x1>315</x1>
            <y1>98</y1>
            <v1>2</v1>
        </keypoints>
        <bndbox>
            <xmin>315</xmin>
            <ymin>98</ymin>
            <xmax>315</xmax>
            <ymax>98</ymax>
        </bndbox>
    </object>
    <object>
        <name>2</name>
        <difficult>0</difficult>
        <keypoints>
            <x1>61</x1>
            <y1>110</y1>
            <v1>2</v1>
        </keypoints>
        <bndbox>
            <xmin>61</xmin>
            <ymin>110</ymin>
            <xmax>61</xmax>
            <ymax>110</ymax>
        </bndbox>
    </object>
</annotation>