<annotation>
    <folder>JPEGImages</folder>
    <filename>wc_96.jpg</filename>
    <size>
        <width>320</width>
        <height>320</height>
        <depth>3</depth>
    </size>
    <object>
        <name>28</name>
        <difficult>0</difficult>
        <keypoints>
            <x1>279</x1>
            <y1>128</y1>
            <v1>2</v1>
        </keypoints>
        <bndbox>
            <xmin>279</xmin>
            <ymin>128</ymin>
            <xmax>279</xmax>
            <ymax>128</ymax>
        </bndbox>
    </object>
    <object>
        <name>27</name>
        <difficult>0</difficult>
        <keypoints>
            <x1>227</x1>
            <y1>95</y1>
            <v1>2</v1>
        </keypoints>
        <bndbox>
            <xmin>227</xmin>
            <ymin>95</ymin>
            <xmax>227</xmax>
            <ymax>95</ymax>
        </bndbox>
    </object>
    <object>
        <name>17</name>
        <difficult>0</difficult>
        <keypoints>
            <x1>298</x1>
            <y1>84</y1>
            <v1>2</v1>
        </keypoints>
        <bndbox>
            <xmin>298</xmin>
            <ymin>84</ymin>
            <xmax>298</xmax>
            <ymax>84</ymax>
        </bndbox>
    </object>
    <object>
        <name>15</name>
        <difficult>0</difficult>
        <keypoints>
            <x1>194</x1>
            <y1>71</y1>
            <v1>2</v1>
        </keypoints>
        <bndbox>
            <xmin>194</xmin>
            <ymin>71</ymin>
            <xmax>194</xmax>
            <ymax>71</ymax>
        </bndbox>
    </object>
    <object>
        <name>14</name>
        <difficult>0</difficult>
        <keypoints>
            <x1>292</x1>
            <y1>62</y1>
            <v1>2</v1>
        </keypoints>
        <bndbox>
            <xmin>292</xmin>
            <ymin>62</ymin>
            <xmax>292</xmax>
            <ymax>62</ymax>
        </bndbox>
    </object>
    <object>
        <name>13</name>
        <difficult>0</difficult>
        <keypoints>
            <x1>254</x1>
            <y1>45</y1>
            <v1>2</v1>
        </keypoints>
        <bndbox>
            <xmin>254</xmin>
            <ymin>45</ymin>
            <xmax>254</xmax>
            <ymax>45</ymax>
        </bndbox>
    </object>
</annotation>