<annotation>
    <folder>JPEGImages</folder>
    <filename>wc_99.jpg</filename>
    <size>
        <width>320</width>
        <height>320</height>
        <depth>3</depth>
    </size>
    <object>
        <name>24</name>
        <difficult>0</difficult>
        <keypoints>
            <x1>143</x1>
            <y1>170</y1>
            <v1>2</v1>
        </keypoints>
        <bndbox>
            <xmin>143</xmin>
            <ymin>170</ymin>
            <xmax>143</xmax>
            <ymax>170</ymax>
        </bndbox>
    </object>
    <object>
        <name>23</name>
        <difficult>0</difficult>
        <keypoints>
            <x1>202</x1>
            <y1>121</y1>
            <v1>2</v1>
        </keypoints>
        <bndbox>
            <xmin>202</xmin>
            <ymin>121</ymin>
            <xmax>202</xmax>
            <ymax>121</ymax>
        </bndbox>
    </object>
    <object>
        <name>8</name>
        <difficult>0</difficult>
        <keypoints>
            <x1>72</x1>
            <y1>228</y1>
            <v1>2</v1>
        </keypoints>
        <bndbox>
            <xmin>72</xmin>
            <ymin>228</ymin>
            <xmax>72</xmax>
            <ymax>228</ymax>
        </bndbox>
    </object>
    <object>
        <name>4</name>
        <difficult>0</difficult>
        <keypoints>
            <x1>95</x1>
            <y1>105</y1>
            <v1>2</v1>
        </keypoints>
        <bndbox>
            <xmin>95</xmin>
            <ymin>105</ymin>
            <xmax>95</xmax>
            <ymax>105</ymax>
        </bndbox>
    </object>
    <object>
        <name>3</name>
        <difficult>0</difficult>
        <keypoints>
            <x1>44</x1>
            <y1>100</y1>
            <v1>2</v1>
        </keypoints>
        <bndbox>
            <xmin>44</xmin>
            <ymin>100</ymin>
            <xmax>44</xmax>
            <ymax>100</ymax>
        </bndbox>
    </object>
    <object>
        <name>2</name>
        <difficult>0</difficult>
        <keypoints>
            <x1>245</x1>
            <y1>84</y1>
            <v1>2</v1>
        </keypoints>
        <bndbox>
            <xmin>245</xmin>
            <ymin>84</ymin>
            <xmax>245</xmax>
            <ymax>84</ymax>
        </bndbox>
    </object>
    <object>
        <name>1</name>
        <difficult>0</difficult>
        <keypoints>
            <x1>91</x1>
            <y1>72</y1>
            <v1>2</v1>
        </keypoints>
        <bndbox>
            <xmin>91</xmin>
            <ymin>72</ymin>
            <xmax>91</xmax>
            <ymax>72</ymax>
        </bndbox>
    </object>
    <object>
        <name>0</name>
        <difficult>0</difficult>
        <keypoints>
            <x1>139</x1>
            <y1>46</y1>
            <v1>2</v1>
        </keypoints>
        <bndbox>
            <xmin>139</xmin>
            <ymin>46</ymin>
            <xmax>139</xmax>
            <ymax>46</ymax>
        </bndbox>
    </object>
</annotation>