<annotation>
    <folder>JPEGImages</folder>
    <filename>wc_92.jpg</filename>
    <size>
        <width>320</width>
        <height>320</height>
        <depth>3</depth>
    </size>
    <object>
        <name>24</name>
        <difficult>0</difficult>
        <keypoints>
            <x1>163</x1>
            <y1>165</y1>
            <v1>2</v1>
        </keypoints>
        <bndbox>
            <xmin>163</xmin>
            <ymin>165</ymin>
            <xmax>163</xmax>
            <ymax>165</ymax>
        </bndbox>
    </object>
    <object>
        <name>23</name>
        <difficult>0</difficult>
        <keypoints>
            <x1>212</x1>
            <y1>135</y1>
            <v1>2</v1>
        </keypoints>
        <bndbox>
            <xmin>212</xmin>
            <ymin>135</ymin>
            <xmax>212</xmax>
            <ymax>135</ymax>
        </bndbox>
    </object>
    <object>
        <name>8</name>
        <difficult>0</difficult>
        <keypoints>
            <x1>103</x1>
            <y1>203</y1>
            <v1>2</v1>
        </keypoints>
        <bndbox>
            <xmin>103</xmin>
            <ymin>203</ymin>
            <xmax>103</xmax>
            <ymax>203</ymax>
        </bndbox>
    </object>
    <object>
        <name>6</name>
        <difficult>0</difficult>
        <keypoints>
            <x1>75</x1>
            <y1>156</y1>
            <v1>2</v1>
        </keypoints>
        <bndbox>
            <xmin>75</xmin>
            <ymin>156</ymin>
            <xmax>75</xmax>
            <ymax>156</ymax>
        </bndbox>
    </object>
    <object>
        <name>5</name>
        <difficult>0</difficult>
        <keypoints>
            <x1>41</x1>
            <y1>151</y1>
            <v1>2</v1>
        </keypoints>
        <bndbox>
            <xmin>41</xmin>
            <ymin>151</ymin>
            <xmax>41</xmax>
            <ymax>151</ymax>
        </bndbox>
    </object>
    <object>
        <name>4</name>
        <difficult>0</difficult>
        <keypoints>
            <x1>147</x1>
            <y1>122</y1>
            <v1>2</v1>
        </keypoints>
        <bndbox>
            <xmin>147</xmin>
            <ymin>122</ymin>
            <xmax>147</xmax>
            <ymax>122</ymax>
        </bndbox>
    </object>
    <object>
        <name>3</name>
        <difficult>0</difficult>
        <keypoints>
            <x1>118</x1>
            <y1>118</y1>
            <v1>2</v1>
        </keypoints>
        <bndbox>
            <xmin>118</xmin>
            <ymin>118</ymin>
            <xmax>118</xmax>
            <ymax>118</ymax>
        </bndbox>
    </object>
    <object>
        <name>2</name>
        <difficult>0</difficult>
        <keypoints>
            <x1>244</x1>
            <y1>114</y1>
            <v1>2</v1>
        </keypoints>
        <bndbox>
            <xmin>244</xmin>
            <ymin>114</ymin>
            <xmax>244</xmax>
            <ymax>114</ymax>
        </bndbox>
    </object>
    <object>
        <name>1</name>
        <difficult>0</difficult>
        <keypoints>
            <x1>154</x1>
            <y1>104</y1>
            <v1>2</v1>
        </keypoints>
        <bndbox>
            <xmin>154</xmin>
            <ymin>104</ymin>
            <xmax>154</xmax>
            <ymax>104</ymax>
        </bndbox>
    </object>
    <object>
        <name>0</name>
        <difficult>0</difficult>
        <keypoints>
            <x1>189</x1>
            <y1>88</y1>
            <v1>2</v1>
        </keypoints>
        <bndbox>
            <xmin>189</xmin>
            <ymin>88</ymin>
            <xmax>189</xmax>
            <ymax>88</ymax>
        </bndbox>
    </object>
</annotation>