<annotation>
    <folder>JPEGImages</folder>
    <filename>wc_90.jpg</filename>
    <size>
        <width>320</width>
        <height>320</height>
        <depth>3</depth>
    </size>
    <object>
        <name>27</name>
        <difficult>0</difficult>
        <keypoints>
            <x1>313</x1>
            <y1>118</y1>
            <v1>2</v1>
        </keypoints>
        <bndbox>
            <xmin>313</xmin>
            <ymin>118</ymin>
            <xmax>313</xmax>
            <ymax>118</ymax>
        </bndbox>
    </object>
    <object>
        <name>26</name>
        <difficult>0</difficult>
        <keypoints>
            <x1>57</x1>
            <y1>178</y1>
            <v1>2</v1>
        </keypoints>
        <bndbox>
            <xmin>57</xmin>
            <ymin>178</ymin>
            <xmax>57</xmax>
            <ymax>178</ymax>
        </bndbox>
    </object>
    <object>
        <name>25</name>
        <difficult>0</difficult>
        <keypoints>
            <x1>56</x1>
            <y1>128</y1>
            <v1>2</v1>
        </keypoints>
        <bndbox>
            <xmin>56</xmin>
            <ymin>128</ymin>
            <xmax>56</xmax>
            <ymax>128</ymax>
        </bndbox>
    </object>
    <object>
        <name>15</name>
        <difficult>0</difficult>
        <keypoints>
            <x1>280</x1>
            <y1>96</y1>
            <v1>2</v1>
        </keypoints>
        <bndbox>
            <xmin>280</xmin>
            <ymin>96</ymin>
            <xmax>280</xmax>
            <ymax>96</ymax>
        </bndbox>
    </object>
    <object>
        <name>11</name>
        <difficult>0</difficult>
        <keypoints>
            <x1>56</x1>
            <y1>150</y1>
            <v1>2</v1>
        </keypoints>
        <bndbox>
            <xmin>56</xmin>
            <ymin>150</ymin>
            <xmax>56</xmax>
            <ymax>150</ymax>
        </bndbox>
    </object>
    <object>
        <name>10</name>
        <difficult>0</difficult>
        <keypoints>
            <x1>55</x1>
            <y1>87</y1>
            <v1>2</v1>
        </keypoints>
        <bndbox>
            <xmin>55</xmin>
            <ymin>87</ymin>
            <xmax>55</xmax>
            <ymax>87</ymax>
        </bndbox>
    </object>
</annotation>