<annotation>
    <folder>JPEGImages</folder>
    <filename>10.jpg</filename>
    <size>
        <width>320</width>
        <height>320</height>
        <depth>3</depth>
    </size>
    <object>
        <name>24</name>
        <difficult>0</difficult>
        <keypoints>
            <x1>48</x1>
            <y1>205</y1>
            <v1>2</v1>
        </keypoints>
        <bndbox>
            <xmin>48</xmin>
            <ymin>205</ymin>
            <xmax>48</xmax>
            <ymax>205</ymax>
        </bndbox>
    </object>
    <object>
        <name>23</name>
        <difficult>0</difficult>
        <keypoints>
            <x1>94</x1>
            <y1>173</y1>
            <v1>2</v1>
        </keypoints>
        <bndbox>
            <xmin>94</xmin>
            <ymin>173</ymin>
            <xmax>94</xmax>
            <ymax>173</ymax>
        </bndbox>
    </object>
    <object>
        <name>4</name>
        <difficult>0</difficult>
        <keypoints>
            <x1>33</x1>
            <y1>166</y1>
            <v1>2</v1>
        </keypoints>
        <bndbox>
            <xmin>33</xmin>
            <ymin>166</ymin>
            <xmax>33</xmax>
            <ymax>166</ymax>
        </bndbox>
    </object>
    <object>
        <name>3</name>
        <difficult>0</difficult>
        <keypoints>
            <x1>3</x1>
            <y1>163</y1>
            <v1>2</v1>
        </keypoints>
        <bndbox>
            <xmin>3</xmin>
            <ymin>163</ymin>
            <xmax>3</xmax>
            <ymax>163</ymax>
        </bndbox>
    </object>
    <object>
        <name>2</name>
        <difficult>0</difficult>
        <keypoints>
            <x1>122</x1>
            <y1>154</y1>
            <v1>2</v1>
        </keypoints>
        <bndbox>
            <xmin>122</xmin>
            <ymin>154</ymin>
            <xmax>122</xmax>
            <ymax>154</ymax>
        </bndbox>
    </object>
    <object>
        <name>1</name>
        <difficult>0</difficult>
        <keypoints>
            <x1>39</x1>
            <y1>148</y1>
            <v1>2</v1>
        </keypoints>
        <bndbox>
            <xmin>39</xmin>
            <ymin>148</ymin>
            <xmax>39</xmax>
            <ymax>148</ymax>
        </bndbox>
    </object>
    <object>
        <name>0</name>
        <difficult>0</difficult>
        <keypoints>
            <x1>72</x1>
            <y1>133</y1>
            <v1>2</v1>
        </keypoints>
        <bndbox>
            <xmin>72</xmin>
            <ymin>133</ymin>
            <xmax>72</xmax>
            <ymax>133</ymax>
        </bndbox>
    </object>
</annotation>