<annotation>
    <folder>JPEGImages</folder>
    <filename>12.jpg</filename>
    <size>
        <width>320</width>
        <height>320</height>
        <depth>3</depth>
    </size>
    <object>
        <name>24</name>
        <difficult>0</difficult>
        <keypoints>
            <x1>85</x1>
            <y1>186</y1>
            <v1>2</v1>
        </keypoints>
        <bndbox>
            <xmin>85</xmin>
            <ymin>186</ymin>
            <xmax>85</xmax>
            <ymax>186</ymax>
        </bndbox>
    </object>
    <object>
        <name>23</name>
        <difficult>0</difficult>
        <keypoints>
            <x1>124</x1>
            <y1>159</y1>
            <v1>2</v1>
        </keypoints>
        <bndbox>
            <xmin>124</xmin>
            <ymin>159</ymin>
            <xmax>124</xmax>
            <ymax>159</ymax>
        </bndbox>
    </object>
    <object>
        <name>8</name>
        <difficult>0</difficult>
        <keypoints>
            <x1>31</x1>
            <y1>220</y1>
            <v1>2</v1>
        </keypoints>
        <bndbox>
            <xmin>31</xmin>
            <ymin>220</ymin>
            <xmax>31</xmax>
            <ymax>220</ymax>
        </bndbox>
    </object>
    <object>
        <name>6</name>
        <difficult>0</difficult>
        <keypoints>
            <x1>8</x1>
            <y1>182</y1>
            <v1>2</v1>
        </keypoints>
        <bndbox>
            <xmin>8</xmin>
            <ymin>182</ymin>
            <xmax>8</xmax>
            <ymax>182</ymax>
        </bndbox>
    </object>
    <object>
        <name>4</name>
        <difficult>0</difficult>
        <keypoints>
            <x1>71</x1>
            <y1>151</y1>
            <v1>2</v1>
        </keypoints>
        <bndbox>
            <xmin>71</xmin>
            <ymin>151</ymin>
            <xmax>71</xmax>
            <ymax>151</ymax>
        </bndbox>
    </object>
    <object>
        <name>3</name>
        <difficult>0</difficult>
        <keypoints>
            <x1>45</x1>
            <y1>148</y1>
            <v1>2</v1>
        </keypoints>
        <bndbox>
            <xmin>45</xmin>
            <ymin>148</ymin>
            <xmax>45</xmax>
            <ymax>148</ymax>
        </bndbox>
    </object>
    <object>
        <name>2</name>
        <difficult>0</difficult>
        <keypoints>
            <x1>150</x1>
            <y1>142</y1>
            <v1>2</v1>
        </keypoints>
        <bndbox>
            <xmin>150</xmin>
            <ymin>142</ymin>
            <xmax>150</xmax>
            <ymax>142</ymax>
        </bndbox>
    </object>
    <object>
        <name>1</name>
        <difficult>0</difficult>
        <keypoints>
            <x1>77</x1>
            <y1>135</y1>
            <v1>2</v1>
        </keypoints>
        <bndbox>
            <xmin>77</xmin>
            <ymin>135</ymin>
            <xmax>77</xmax>
            <ymax>135</ymax>
        </bndbox>
    </object>
    <object>
        <name>0</name>
        <difficult>0</difficult>
        <keypoints>
            <x1>106</x1>
            <y1>121</y1>
            <v1>2</v1>
        </keypoints>
        <bndbox>
            <xmin>106</xmin>
            <ymin>121</ymin>
            <xmax>106</xmax>
            <ymax>121</ymax>
        </bndbox>
    </object>
</annotation>