<annotation>
    <folder>JPEGImages</folder>
    <filename>137.jpg</filename>
    <size>
        <width>320</width>
        <height>320</height>
        <depth>3</depth>
    </size>
    <object>
        <name>24</name>
        <difficult>0</difficult>
        <keypoints>
            <x1>31</x1>
            <y1>245</y1>
            <v1>2</v1>
        </keypoints>
        <bndbox>
            <xmin>31</xmin>
            <ymin>245</ymin>
            <xmax>31</xmax>
            <ymax>245</ymax>
        </bndbox>
    </object>
    <object>
        <name>23</name>
        <difficult>0</difficult>
        <keypoints>
            <x1>87</x1>
            <y1>197</y1>
            <v1>2</v1>
        </keypoints>
        <bndbox>
            <xmin>87</xmin>
            <ymin>197</ymin>
            <xmax>87</xmax>
            <ymax>197</ymax>
        </bndbox>
    </object>
    <object>
        <name>2</name>
        <difficult>0</difficult>
        <keypoints>
            <x1>125</x1>
            <y1>165</y1>
            <v1>2</v1>
        </keypoints>
        <bndbox>
            <xmin>125</xmin>
            <ymin>165</ymin>
            <xmax>125</xmax>
            <ymax>165</ymax>
        </bndbox>
    </object>
    <object>
        <name>0</name>
        <difficult>0</difficult>
        <keypoints>
            <x1>32</x1>
            <y1>132</y1>
            <v1>2</v1>
        </keypoints>
        <bndbox>
            <xmin>32</xmin>
            <ymin>132</ymin>
            <xmax>32</xmax>
            <ymax>132</ymax>
        </bndbox>
    </object>
</annotation>