<annotation>
    <folder>JPEGImages</folder>
    <filename>152.jpg</filename>
    <size>
        <width>320</width>
        <height>320</height>
        <depth>3</depth>
    </size>
    <object>
        <name>28</name>
        <difficult>0</difficult>
        <keypoints>
            <x1>180</x1>
            <y1>199</y1>
            <v1>2</v1>
        </keypoints>
        <bndbox>
            <xmin>180</xmin>
            <ymin>199</ymin>
            <xmax>180</xmax>
            <ymax>199</ymax>
        </bndbox>
    </object>
    <object>
        <name>27</name>
        <difficult>0</difficult>
        <keypoints>
            <x1>115</x1>
            <y1>160</y1>
            <v1>2</v1>
        </keypoints>
        <bndbox>
            <xmin>115</xmin>
            <ymin>160</ymin>
            <xmax>115</xmax>
            <ymax>160</ymax>
        </bndbox>
    </object>
    <object>
        <name>21</name>
        <difficult>0</difficult>
        <keypoints>
            <x1>261</x1>
            <y1>246</y1>
            <v1>2</v1>
        </keypoints>
        <bndbox>
            <xmin>261</xmin>
            <ymin>246</ymin>
            <xmax>261</xmax>
            <ymax>246</ymax>
        </bndbox>
    </object>
    <object>
        <name>19</name>
        <difficult>0</difficult>
        <keypoints>
            <x1>280</x1>
            <y1>187</y1>
            <v1>2</v1>
        </keypoints>
        <bndbox>
            <xmin>280</xmin>
            <ymin>187</ymin>
            <xmax>280</xmax>
            <ymax>187</ymax>
        </bndbox>
    </object>
    <object>
        <name>18</name>
        <difficult>0</difficult>
        <keypoints>
            <x1>320</x1>
            <y1>178</y1>
            <v1>2</v1>
        </keypoints>
        <bndbox>
            <xmin>320</xmin>
            <ymin>178</ymin>
            <xmax>320</xmax>
            <ymax>178</ymax>
        </bndbox>
    </object>
    <object>
        <name>17</name>
        <difficult>0</difficult>
        <keypoints>
            <x1>187</x1>
            <y1>145</y1>
            <v1>2</v1>
        </keypoints>
        <bndbox>
            <xmin>187</xmin>
            <ymin>145</ymin>
            <xmax>187</xmax>
            <ymax>145</ymax>
        </bndbox>
    </object>
    <object>
        <name>16</name>
        <difficult>0</difficult>
        <keypoints>
            <x1>221</x1>
            <y1>139</y1>
            <v1>2</v1>
        </keypoints>
        <bndbox>
            <xmin>221</xmin>
            <ymin>139</ymin>
            <xmax>221</xmax>
            <ymax>139</ymax>
        </bndbox>
    </object>
    <object>
        <name>15</name>
        <difficult>0</difficult>
        <keypoints>
            <x1>73</x1>
            <y1>134</y1>
            <v1>2</v1>
        </keypoints>
        <bndbox>
            <xmin>73</xmin>
            <ymin>134</ymin>
            <xmax>73</xmax>
            <ymax>134</ymax>
        </bndbox>
    </object>
    <object>
        <name>14</name>
        <difficult>0</difficult>
        <keypoints>
            <x1>176</x1>
            <y1>120</y1>
            <v1>2</v1>
        </keypoints>
        <bndbox>
            <xmin>176</xmin>
            <ymin>120</ymin>
            <xmax>176</xmax>
            <ymax>120</ymax>
        </bndbox>
    </object>
    <object>
        <name>13</name>
        <difficult>0</difficult>
        <keypoints>
            <x1>133</x1>
            <y1>102</y1>
            <v1>2</v1>
        </keypoints>
        <bndbox>
            <xmin>133</xmin>
            <ymin>102</ymin>
            <xmax>133</xmax>
            <ymax>102</ymax>
        </bndbox>
    </object>
</annotation>