<annotation>
    <folder>JPEGImages</folder>
    <filename>184.jpg</filename>
    <size>
        <width>320</width>
        <height>320</height>
        <depth>3</depth>
    </size>
    <object>
        <name>28</name>
        <difficult>0</difficult>
        <keypoints>
            <x1>50</x1>
            <y1>252</y1>
            <v1>2</v1>
        </keypoints>
        <bndbox>
            <xmin>50</xmin>
            <ymin>252</ymin>
            <xmax>50</xmax>
            <ymax>252</ymax>
        </bndbox>
    </object>
    <object>
        <name>19</name>
        <difficult>0</difficult>
        <keypoints>
            <x1>224</x1>
            <y1>225</y1>
            <v1>2</v1>
        </keypoints>
        <bndbox>
            <xmin>224</xmin>
            <ymin>225</ymin>
            <xmax>224</xmax>
            <ymax>225</ymax>
        </bndbox>
    </object>
    <object>
        <name>18</name>
        <difficult>0</difficult>
        <keypoints>
            <x1>293</x1>
            <y1>208</y1>
            <v1>2</v1>
        </keypoints>
        <bndbox>
            <xmin>293</xmin>
            <ymin>208</ymin>
            <xmax>293</xmax>
            <ymax>208</ymax>
        </bndbox>
    </object>
    <object>
        <name>17</name>
        <difficult>0</difficult>
        <keypoints>
            <x1>87</x1>
            <y1>141</y1>
            <v1>2</v1>
        </keypoints>
        <bndbox>
            <xmin>87</xmin>
            <ymin>141</ymin>
            <xmax>87</xmax>
            <ymax>141</ymax>
        </bndbox>
    </object>
    <object>
        <name>16</name>
        <difficult>0</difficult>
        <keypoints>
            <x1>149</x1>
            <y1>129</y1>
            <v1>2</v1>
        </keypoints>
        <bndbox>
            <xmin>149</xmin>
            <ymin>129</ymin>
            <xmax>149</xmax>
            <ymax>129</ymax>
        </bndbox>
    </object>
    <object>
        <name>14</name>
        <difficult>0</difficult>
        <keypoints>
            <x1>81</x1>
            <y1>91</y1>
            <v1>2</v1>
        </keypoints>
        <bndbox>
            <xmin>81</xmin>
            <ymin>91</ymin>
            <xmax>81</xmax>
            <ymax>91</ymax>
        </bndbox>
    </object>
    <object>
        <name>13</name>
        <difficult>0</difficult>
        <keypoints>
            <x1>7</x1>
            <y1>50</y1>
            <v1>2</v1>
        </keypoints>
        <bndbox>
            <xmin>7</xmin>
            <ymin>50</ymin>
            <xmax>7</xmax>
            <ymax>50</ymax>
        </bndbox>
    </object>
</annotation>