<annotation>
    <folder>JPEGImages</folder>
    <filename>185.jpg</filename>
    <size>
        <width>320</width>
        <height>320</height>
        <depth>3</depth>
    </size>
    <object>
        <name>24</name>
        <difficult>0</difficult>
        <keypoints>
            <x1>279</x1>
            <y1>237</y1>
            <v1>2</v1>
        </keypoints>
        <bndbox>
            <xmin>279</xmin>
            <ymin>237</ymin>
            <xmax>279</xmax>
            <ymax>237</ymax>
        </bndbox>
    </object>
    <object>
        <name>8</name>
        <difficult>0</difficult>
        <keypoints>
            <x1>174</x1>
            <y1>319</y1>
            <v1>2</v1>
        </keypoints>
        <bndbox>
            <xmin>174</xmin>
            <ymin>319</ymin>
            <xmax>174</xmax>
            <ymax>319</ymax>
        </bndbox>
    </object>
    <object>
        <name>6</name>
        <difficult>0</difficult>
        <keypoints>
            <x1>121</x1>
            <y1>214</y1>
            <v1>2</v1>
        </keypoints>
        <bndbox>
            <xmin>121</xmin>
            <ymin>214</ymin>
            <xmax>121</xmax>
            <ymax>214</ymax>
        </bndbox>
    </object>
    <object>
        <name>5</name>
        <difficult>0</difficult>
        <keypoints>
            <x1>56</x1>
            <y1>197</y1>
            <v1>2</v1>
        </keypoints>
        <bndbox>
            <xmin>56</xmin>
            <ymin>197</ymin>
            <xmax>56</xmax>
            <ymax>197</ymax>
        </bndbox>
    </object>
    <object>
        <name>4</name>
        <difficult>0</difficult>
        <keypoints>
            <x1>246</x1>
            <y1>135</y1>
            <v1>2</v1>
        </keypoints>
        <bndbox>
            <xmin>246</xmin>
            <ymin>135</ymin>
            <xmax>246</xmax>
            <ymax>135</ymax>
        </bndbox>
    </object>
    <object>
        <name>3</name>
        <difficult>0</difficult>
        <keypoints>
            <x1>189</x1>
            <y1>124</y1>
            <v1>2</v1>
        </keypoints>
        <bndbox>
            <xmin>189</xmin>
            <ymin>124</ymin>
            <xmax>189</xmax>
            <ymax>124</ymax>
        </bndbox>
    </object>
    <object>
        <name>1</name>
        <difficult>0</difficult>
        <keypoints>
            <x1>252</x1>
            <y1>88</y1>
            <v1>2</v1>
        </keypoints>
        <bndbox>
            <xmin>252</xmin>
            <ymin>88</ymin>
            <xmax>252</xmax>
            <ymax>88</ymax>
        </bndbox>
    </object>
    <object>
        <name>0</name>
        <difficult>0</difficult>
        <keypoints>
            <x1>320</x1>
            <y1>50</y1>
            <v1>2</v1>
        </keypoints>
        <bndbox>
            <xmin>320</xmin>
            <ymin>50</ymin>
            <xmax>320</xmax>
            <ymax>50</ymax>
        </bndbox>
    </object>
</annotation>