<annotation>
    <folder>JPEGImages</folder>
    <filename>2.jpg</filename>
    <size>
        <width>320</width>
        <height>320</height>
        <depth>3</depth>
    </size>
    <object>
        <name>28</name>
        <difficult>0</difficult>
        <keypoints>
            <x1>94</x1>
            <y1>196</y1>
            <v1>2</v1>
        </keypoints>
        <bndbox>
            <xmin>94</xmin>
            <ymin>196</ymin>
            <xmax>94</xmax>
            <ymax>196</ymax>
        </bndbox>
    </object>
    <object>
        <name>27</name>
        <difficult>0</difficult>
        <keypoints>
            <x1>32</x1>
            <y1>161</y1>
            <v1>2</v1>
        </keypoints>
        <bndbox>
            <xmin>32</xmin>
            <ymin>161</ymin>
            <xmax>32</xmax>
            <ymax>161</ymax>
        </bndbox>
    </object>
    <object>
        <name>21</name>
        <difficult>0</difficult>
        <keypoints>
            <x1>166</x1>
            <y1>237</y1>
            <v1>2</v1>
        </keypoints>
        <bndbox>
            <xmin>166</xmin>
            <ymin>237</ymin>
            <xmax>166</xmax>
            <ymax>237</ymax>
        </bndbox>
    </object>
    <object>
        <name>20</name>
        <difficult>0</difficult>
        <keypoints>
            <x1>307</x1>
            <y1>204</y1>
            <v1>2</v1>
        </keypoints>
        <bndbox>
            <xmin>307</xmin>
            <ymin>204</ymin>
            <xmax>307</xmax>
            <ymax>204</ymax>
        </bndbox>
    </object>
    <object>
        <name>19</name>
        <difficult>0</difficult>
        <keypoints>
            <x1>195</x1>
            <y1>183</y1>
            <v1>2</v1>
        </keypoints>
        <bndbox>
            <xmin>195</xmin>
            <ymin>183</ymin>
            <xmax>195</xmax>
            <ymax>183</ymax>
        </bndbox>
    </object>
    <object>
        <name>18</name>
        <difficult>0</difficult>
        <keypoints>
            <x1>234</x1>
            <y1>175</y1>
            <v1>2</v1>
        </keypoints>
        <bndbox>
            <xmin>234</xmin>
            <ymin>175</ymin>
            <xmax>234</xmax>
            <ymax>175</ymax>
        </bndbox>
    </object>
    <object>
        <name>17</name>
        <difficult>0</difficult>
        <keypoints>
            <x1>110</x1>
            <y1>144</y1>
            <v1>2</v1>
        </keypoints>
        <bndbox>
            <xmin>110</xmin>
            <ymin>144</ymin>
            <xmax>110</xmax>
            <ymax>144</ymax>
        </bndbox>
    </object>
    <object>
        <name>16</name>
        <difficult>0</difficult>
        <keypoints>
            <x1>145</x1>
            <y1>139</y1>
            <v1>2</v1>
        </keypoints>
        <bndbox>
            <xmin>145</xmin>
            <ymin>139</ymin>
            <xmax>145</xmax>
            <ymax>139</ymax>
        </bndbox>
    </object>
    <object>
        <name>14</name>
        <difficult>0</difficult>
        <keypoints>
            <x1>104</x1>
            <y1>122</y1>
            <v1>2</v1>
        </keypoints>
        <bndbox>
            <xmin>104</xmin>
            <ymin>122</ymin>
            <xmax>104</xmax>
            <ymax>122</ymax>
        </bndbox>
    </object>
    <object>
        <name>13</name>
        <difficult>0</difficult>
        <keypoints>
            <x1>61</x1>
            <y1>104</y1>
            <v1>2</v1>
        </keypoints>
        <bndbox>
            <xmin>61</xmin>
            <ymin>104</ymin>
            <xmax>61</xmax>
            <ymax>104</ymax>
        </bndbox>
    </object>
</annotation>