<annotation>
    <folder>JPEGImages</folder>
    <filename>202.jpg</filename>
    <size>
        <width>320</width>
        <height>320</height>
        <depth>3</depth>
    </size>
    <object>
        <name>24</name>
        <difficult>0</difficult>
        <keypoints>
            <x1>37</x1>
            <y1>213</y1>
            <v1>2</v1>
        </keypoints>
        <bndbox>
            <xmin>37</xmin>
            <ymin>213</ymin>
            <xmax>37</xmax>
            <ymax>213</ymax>
        </bndbox>
    </object>
    <object>
        <name>23</name>
        <difficult>0</difficult>
        <keypoints>
            <x1>95</x1>
            <y1>178</y1>
            <v1>2</v1>
        </keypoints>
        <bndbox>
            <xmin>95</xmin>
            <ymin>178</ymin>
            <xmax>95</xmax>
            <ymax>178</ymax>
        </bndbox>
    </object>
    <object>
        <name>4</name>
        <difficult>0</difficult>
        <keypoints>
            <x1>11</x1>
            <y1>167</y1>
            <v1>2</v1>
        </keypoints>
        <bndbox>
            <xmin>11</xmin>
            <ymin>167</ymin>
            <xmax>11</xmax>
            <ymax>167</ymax>
        </bndbox>
    </object>
    <object>
        <name>2</name>
        <difficult>0</difficult>
        <keypoints>
            <x1>133</x1>
            <y1>154</y1>
            <v1>2</v1>
        </keypoints>
        <bndbox>
            <xmin>133</xmin>
            <ymin>154</ymin>
            <xmax>133</xmax>
            <ymax>154</ymax>
        </bndbox>
    </object>
    <object>
        <name>1</name>
        <difficult>0</difficult>
        <keypoints>
            <x1>15</x1>
            <y1>146</y1>
            <v1>2</v1>
        </keypoints>
        <bndbox>
            <xmin>15</xmin>
            <ymin>146</ymin>
            <xmax>15</xmax>
            <ymax>146</ymax>
        </bndbox>
    </object>
    <object>
        <name>0</name>
        <difficult>0</difficult>
        <keypoints>
            <x1>60</x1>
            <y1>129</y1>
            <v1>2</v1>
        </keypoints>
        <bndbox>
            <xmin>60</xmin>
            <ymin>129</ymin>
            <xmax>60</xmax>
            <ymax>129</ymax>
        </bndbox>
    </object>
</annotation>