<annotation>
    <folder>JPEGImages</folder>
    <filename>207.jpg</filename>
    <size>
        <width>320</width>
        <height>320</height>
        <depth>3</depth>
    </size>
    <object>
        <name>26</name>
        <difficult>0</difficult>
        <keypoints>
            <x1>261</x1>
            <y1>184</y1>
            <v1>2</v1>
        </keypoints>
        <bndbox>
            <xmin>261</xmin>
            <ymin>184</ymin>
            <xmax>261</xmax>
            <ymax>184</ymax>
        </bndbox>
    </object>
    <object>
        <name>25</name>
        <difficult>0</difficult>
        <keypoints>
            <x1>261</x1>
            <y1>136</y1>
            <v1>2</v1>
        </keypoints>
        <bndbox>
            <xmin>261</xmin>
            <ymin>136</ymin>
            <xmax>261</xmax>
            <ymax>136</ymax>
        </bndbox>
    </object>
    <object>
        <name>12</name>
        <difficult>0</difficult>
        <keypoints>
            <x1>261</x1>
            <y1>311</y1>
            <v1>2</v1>
        </keypoints>
        <bndbox>
            <xmin>261</xmin>
            <ymin>311</ymin>
            <xmax>261</xmax>
            <ymax>311</ymax>
        </bndbox>
    </object>
    <object>
        <name>11</name>
        <difficult>0</difficult>
        <keypoints>
            <x1>262</x1>
            <y1>158</y1>
            <v1>2</v1>
        </keypoints>
        <bndbox>
            <xmin>262</xmin>
            <ymin>158</ymin>
            <xmax>262</xmax>
            <ymax>158</ymax>
        </bndbox>
    </object>
    <object>
        <name>10</name>
        <difficult>0</difficult>
        <keypoints>
            <x1>262</x1>
            <y1>97</y1>
            <v1>2</v1>
        </keypoints>
        <bndbox>
            <xmin>262</xmin>
            <ymin>97</ymin>
            <xmax>262</xmax>
            <ymax>97</ymax>
        </bndbox>
    </object>
    <object>
        <name>2</name>
        <difficult>0</difficult>
        <keypoints>
            <x1>12</x1>
            <y1>106</y1>
            <v1>2</v1>
        </keypoints>
        <bndbox>
            <xmin>12</xmin>
            <ymin>106</ymin>
            <xmax>12</xmax>
            <ymax>106</ymax>
        </bndbox>
    </object>
</annotation>