<annotation>
    <folder>JPEGImages</folder>
    <filename>3.jpg</filename>
    <size>
        <width>320</width>
        <height>320</height>
        <depth>3</depth>
    </size>
    <object>
        <name>28</name>
        <difficult>0</difficult>
        <keypoints>
            <x1>107</x1>
            <y1>204</y1>
            <v1>2</v1>
        </keypoints>
        <bndbox>
            <xmin>107</xmin>
            <ymin>204</ymin>
            <xmax>107</xmax>
            <ymax>204</ymax>
        </bndbox>
    </object>
    <object>
        <name>27</name>
        <difficult>0</difficult>
        <keypoints>
            <x1>40</x1>
            <y1>166</y1>
            <v1>2</v1>
        </keypoints>
        <bndbox>
            <xmin>40</xmin>
            <ymin>166</ymin>
            <xmax>40</xmax>
            <ymax>166</ymax>
        </bndbox>
    </object>
    <object>
        <name>21</name>
        <difficult>0</difficult>
        <keypoints>
            <x1>187</x1>
            <y1>252</y1>
            <v1>2</v1>
        </keypoints>
        <bndbox>
            <xmin>187</xmin>
            <ymin>252</ymin>
            <xmax>187</xmax>
            <ymax>252</ymax>
        </bndbox>
    </object>
    <object>
        <name>19</name>
        <difficult>0</difficult>
        <keypoints>
            <x1>220</x1>
            <y1>192</y1>
            <v1>2</v1>
        </keypoints>
        <bndbox>
            <xmin>220</xmin>
            <ymin>192</ymin>
            <xmax>220</xmax>
            <ymax>192</ymax>
        </bndbox>
    </object>
    <object>
        <name>18</name>
        <difficult>0</difficult>
        <keypoints>
            <x1>265</x1>
            <y1>183</y1>
            <v1>2</v1>
        </keypoints>
        <bndbox>
            <xmin>265</xmin>
            <ymin>183</ymin>
            <xmax>265</xmax>
            <ymax>183</ymax>
        </bndbox>
    </object>
    <object>
        <name>17</name>
        <difficult>0</difficult>
        <keypoints>
            <x1>126</x1>
            <y1>148</y1>
            <v1>2</v1>
        </keypoints>
        <bndbox>
            <xmin>126</xmin>
            <ymin>148</ymin>
            <xmax>126</xmax>
            <ymax>148</ymax>
        </bndbox>
    </object>
    <object>
        <name>16</name>
        <difficult>0</difficult>
        <keypoints>
            <x1>165</x1>
            <y1>142</y1>
            <v1>2</v1>
        </keypoints>
        <bndbox>
            <xmin>165</xmin>
            <ymin>142</ymin>
            <xmax>165</xmax>
            <ymax>142</ymax>
        </bndbox>
    </object>
    <object>
        <name>14</name>
        <difficult>0</difficult>
        <keypoints>
            <x1>119</x1>
            <y1>122</y1>
            <v1>2</v1>
        </keypoints>
        <bndbox>
            <xmin>119</xmin>
            <ymin>122</ymin>
            <xmax>119</xmax>
            <ymax>122</ymax>
        </bndbox>
    </object>
    <object>
        <name>13</name>
        <difficult>0</difficult>
        <keypoints>
            <x1>72</x1>
            <y1>102</y1>
            <v1>2</v1>
        </keypoints>
        <bndbox>
            <xmin>72</xmin>
            <ymin>102</ymin>
            <xmax>72</xmax>
            <ymax>102</ymax>
        </bndbox>
    </object>
</annotation>