<annotation>
    <folder>JPEGImages</folder>
    <filename>34.jpg</filename>
    <size>
        <width>320</width>
        <height>320</height>
        <depth>3</depth>
    </size>
    <object>
        <name>26</name>
        <difficult>0</difficult>
        <keypoints>
            <x1>71</x1>
            <y1>243</y1>
            <v1>2</v1>
        </keypoints>
        <bndbox>
            <xmin>71</xmin>
            <ymin>243</ymin>
            <xmax>71</xmax>
            <ymax>243</ymax>
        </bndbox>
    </object>
    <object>
        <name>25</name>
        <difficult>0</difficult>
        <keypoints>
            <x1>71</x1>
            <y1>182</y1>
            <v1>2</v1>
        </keypoints>
        <bndbox>
            <xmin>71</xmin>
            <ymin>182</ymin>
            <xmax>71</xmax>
            <ymax>182</ymax>
        </bndbox>
    </object>
    <object>
        <name>15</name>
        <difficult>0</difficult>
        <keypoints>
            <x1>315</x1>
            <y1>145</y1>
            <v1>2</v1>
        </keypoints>
        <bndbox>
            <xmin>315</xmin>
            <ymin>145</ymin>
            <xmax>315</xmax>
            <ymax>145</ymax>
        </bndbox>
    </object>
    <object>
        <name>11</name>
        <difficult>0</difficult>
        <keypoints>
            <x1>72</x1>
            <y1>209</y1>
            <v1>2</v1>
        </keypoints>
        <bndbox>
            <xmin>72</xmin>
            <ymin>209</ymin>
            <xmax>72</xmax>
            <ymax>209</ymax>
        </bndbox>
    </object>
    <object>
        <name>10</name>
        <difficult>0</difficult>
        <keypoints>
            <x1>71</x1>
            <y1>129</y1>
            <v1>2</v1>
        </keypoints>
        <bndbox>
            <xmin>71</xmin>
            <ymin>129</ymin>
            <xmax>71</xmax>
            <ymax>129</ymax>
        </bndbox>
    </object>
</annotation>