<annotation>
    <folder>JPEGImages</folder>
    <filename>53.jpg</filename>
    <size>
        <width>320</width>
        <height>320</height>
        <depth>3</depth>
    </size>
    <object>
        <name>28</name>
        <difficult>0</difficult>
        <keypoints>
            <x1>281</x1>
            <y1>186</y1>
            <v1>2</v1>
        </keypoints>
        <bndbox>
            <xmin>281</xmin>
            <ymin>186</ymin>
            <xmax>281</xmax>
            <ymax>186</ymax>
        </bndbox>
    </object>
    <object>
        <name>27</name>
        <difficult>0</difficult>
        <keypoints>
            <x1>252</x1>
            <y1>158</y1>
            <v1>2</v1>
        </keypoints>
        <bndbox>
            <xmin>252</xmin>
            <ymin>158</ymin>
            <xmax>252</xmax>
            <ymax>158</ymax>
        </bndbox>
    </object>
    <object>
        <name>26</name>
        <difficult>0</difficult>
        <keypoints>
            <x1>74</x1>
            <y1>206</y1>
            <v1>2</v1>
        </keypoints>
        <bndbox>
            <xmin>74</xmin>
            <ymin>206</ymin>
            <xmax>74</xmax>
            <ymax>206</ymax>
        </bndbox>
    </object>
    <object>
        <name>25</name>
        <difficult>0</difficult>
        <keypoints>
            <x1>74</x1>
            <y1>166</y1>
            <v1>2</v1>
        </keypoints>
        <bndbox>
            <xmin>74</xmin>
            <ymin>166</ymin>
            <xmax>74</xmax>
            <ymax>166</ymax>
        </bndbox>
    </object>
    <object>
        <name>21</name>
        <difficult>0</difficult>
        <keypoints>
            <x1>318</x1>
            <y1>221</y1>
            <v1>2</v1>
        </keypoints>
        <bndbox>
            <xmin>318</xmin>
            <ymin>221</ymin>
            <xmax>318</xmax>
            <ymax>221</ymax>
        </bndbox>
    </object>
    <object>
        <name>17</name>
        <difficult>0</difficult>
        <keypoints>
            <x1>301</x1>
            <y1>152</y1>
            <v1>2</v1>
        </keypoints>
        <bndbox>
            <xmin>301</xmin>
            <ymin>152</ymin>
            <xmax>301</xmax>
            <ymax>152</ymax>
        </bndbox>
    </object>
    <object>
        <name>15</name>
        <difficult>0</difficult>
        <keypoints>
            <x1>233</x1>
            <y1>139</y1>
            <v1>2</v1>
        </keypoints>
        <bndbox>
            <xmin>233</xmin>
            <ymin>139</ymin>
            <xmax>233</xmax>
            <ymax>139</ymax>
        </bndbox>
    </object>
    <object>
        <name>14</name>
        <difficult>0</difficult>
        <keypoints>
            <x1>300</x1>
            <y1>135</y1>
            <v1>2</v1>
        </keypoints>
        <bndbox>
            <xmin>300</xmin>
            <ymin>135</ymin>
            <xmax>300</xmax>
            <ymax>135</ymax>
        </bndbox>
    </object>
    <object>
        <name>13</name>
        <difficult>0</difficult>
        <keypoints>
            <x1>277</x1>
            <y1>119</y1>
            <v1>2</v1>
        </keypoints>
        <bndbox>
            <xmin>277</xmin>
            <ymin>119</ymin>
            <xmax>277</xmax>
            <ymax>119</ymax>
        </bndbox>
    </object>
    <object>
        <name>12</name>
        <difficult>0</difficult>
        <keypoints>
            <x1>76</x1>
            <y1>304</y1>
            <v1>2</v1>
        </keypoints>
        <bndbox>
            <xmin>76</xmin>
            <ymin>304</ymin>
            <xmax>76</xmax>
            <ymax>304</ymax>
        </bndbox>
    </object>
    <object>
        <name>11</name>
        <difficult>0</difficult>
        <keypoints>
            <x1>75</x1>
            <y1>184</y1>
            <v1>2</v1>
        </keypoints>
        <bndbox>
            <xmin>75</xmin>
            <ymin>184</ymin>
            <xmax>75</xmax>
            <ymax>184</ymax>
        </bndbox>
    </object>
    <object>
        <name>10</name>
        <difficult>0</difficult>
        <keypoints>
            <x1>74</x1>
            <y1>131</y1>
            <v1>2</v1>
        </keypoints>
        <bndbox>
            <xmin>74</xmin>
            <ymin>131</ymin>
            <xmax>74</xmax>
            <ymax>131</ymax>
        </bndbox>
    </object>
</annotation>