<annotation>
    <folder>JPEGImages</folder>
    <filename>67.jpg</filename>
    <size>
        <width>320</width>
        <height>320</height>
        <depth>3</depth>
    </size>
    <object>
        <name>24</name>
        <difficult>0</difficult>
        <keypoints>
            <x1>188</x1>
            <y1>222</y1>
            <v1>2</v1>
        </keypoints>
        <bndbox>
            <xmin>188</xmin>
            <ymin>222</ymin>
            <xmax>188</xmax>
            <ymax>222</ymax>
        </bndbox>
    </object>
    <object>
        <name>23</name>
        <difficult>0</difficult>
        <keypoints>
            <x1>253</x1>
            <y1>188</y1>
            <v1>2</v1>
        </keypoints>
        <bndbox>
            <xmin>253</xmin>
            <ymin>188</ymin>
            <xmax>253</xmax>
            <ymax>188</ymax>
        </bndbox>
    </object>
    <object>
        <name>8</name>
        <difficult>0</difficult>
        <keypoints>
            <x1>111</x1>
            <y1>265</y1>
            <v1>2</v1>
        </keypoints>
        <bndbox>
            <xmin>111</xmin>
            <ymin>265</ymin>
            <xmax>111</xmax>
            <ymax>265</ymax>
        </bndbox>
    </object>
    <object>
        <name>6</name>
        <difficult>0</difficult>
        <keypoints>
            <x1>86</x1>
            <y1>210</y1>
            <v1>2</v1>
        </keypoints>
        <bndbox>
            <xmin>86</xmin>
            <ymin>210</ymin>
            <xmax>86</xmax>
            <ymax>210</ymax>
        </bndbox>
    </object>
    <object>
        <name>5</name>
        <difficult>0</difficult>
        <keypoints>
            <x1>47</x1>
            <y1>202</y1>
            <v1>2</v1>
        </keypoints>
        <bndbox>
            <xmin>47</xmin>
            <ymin>202</ymin>
            <xmax>47</xmax>
            <ymax>202</ymax>
        </bndbox>
    </object>
    <object>
        <name>4</name>
        <difficult>0</difficult>
        <keypoints>
            <x1>176</x1>
            <y1>173</y1>
            <v1>2</v1>
        </keypoints>
        <bndbox>
            <xmin>176</xmin>
            <ymin>173</ymin>
            <xmax>176</xmax>
            <ymax>173</ymax>
        </bndbox>
    </object>
    <object>
        <name>3</name>
        <difficult>0</difficult>
        <keypoints>
            <x1>142</x1>
            <y1>167</y1>
            <v1>2</v1>
        </keypoints>
        <bndbox>
            <xmin>142</xmin>
            <ymin>167</ymin>
            <xmax>142</xmax>
            <ymax>167</ymax>
        </bndbox>
    </object>
    <object>
        <name>2</name>
        <difficult>0</difficult>
        <keypoints>
            <x1>295</x1>
            <y1>166</y1>
            <v1>2</v1>
        </keypoints>
        <bndbox>
            <xmin>295</xmin>
            <ymin>166</ymin>
            <xmax>295</xmax>
            <ymax>166</ymax>
        </bndbox>
    </object>
    <object>
        <name>1</name>
        <difficult>0</difficult>
        <keypoints>
            <x1>184</x1>
            <y1>150</y1>
            <v1>2</v1>
        </keypoints>
        <bndbox>
            <xmin>184</xmin>
            <ymin>150</ymin>
            <xmax>184</xmax>
            <ymax>150</ymax>
        </bndbox>
    </object>
    <object>
        <name>0</name>
        <difficult>0</difficult>
        <keypoints>
            <x1>228</x1>
            <y1>134</y1>
            <v1>2</v1>
        </keypoints>
        <bndbox>
            <xmin>228</xmin>
            <ymin>134</ymin>
            <xmax>228</xmax>
            <ymax>134</ymax>
        </bndbox>
    </object>
</annotation>