<annotation>
    <folder>JPEGImages</folder>
    <filename>91.jpg</filename>
    <size>
        <width>320</width>
        <height>320</height>
        <depth>3</depth>
    </size>
    <object>
        <name>26</name>
        <difficult>0</difficult>
        <keypoints>
            <x1>302</x1>
            <y1>270</y1>
            <v1>2</v1>
        </keypoints>
        <bndbox>
            <xmin>302</xmin>
            <ymin>270</ymin>
            <xmax>302</xmax>
            <ymax>270</ymax>
        </bndbox>
    </object>
    <object>
        <name>25</name>
        <difficult>0</difficult>
        <keypoints>
            <x1>302</x1>
            <y1>201</y1>
            <v1>2</v1>
        </keypoints>
        <bndbox>
            <xmin>302</xmin>
            <ymin>201</ymin>
            <xmax>302</xmax>
            <ymax>201</ymax>
        </bndbox>
    </object>
    <object>
        <name>23</name>
        <difficult>0</difficult>
        <keypoints>
            <x1>5</x1>
            <y1>191</y1>
            <v1>2</v1>
        </keypoints>
        <bndbox>
            <xmin>5</xmin>
            <ymin>191</ymin>
            <xmax>5</xmax>
            <ymax>191</ymax>
        </bndbox>
    </object>
    <object>
        <name>11</name>
        <difficult>0</difficult>
        <keypoints>
            <x1>303</x1>
            <y1>231</y1>
            <v1>2</v1>
        </keypoints>
        <bndbox>
            <xmin>303</xmin>
            <ymin>231</ymin>
            <xmax>303</xmax>
            <ymax>231</ymax>
        </bndbox>
    </object>
    <object>
        <name>10</name>
        <difficult>0</difficult>
        <keypoints>
            <x1>303</x1>
            <y1>143</y1>
            <v1>2</v1>
        </keypoints>
        <bndbox>
            <xmin>303</xmin>
            <ymin>143</ymin>
            <xmax>303</xmax>
            <ymax>143</ymax>
        </bndbox>
    </object>
    <object>
        <name>2</name>
        <difficult>0</difficult>
        <keypoints>
            <x1>38</x1>
            <y1>158</y1>
            <v1>2</v1>
        </keypoints>
        <bndbox>
            <xmin>38</xmin>
            <ymin>158</ymin>
            <xmax>38</xmax>
            <ymax>158</ymax>
        </bndbox>
    </object>
</annotation>