<annotation>
    <folder>JPEGImages</folder>
    <filename>92.jpg</filename>
    <size>
        <width>320</width>
        <height>320</height>
        <depth>3</depth>
    </size>
    <object>
        <name>26</name>
        <difficult>0</difficult>
        <keypoints>
            <x1>305</x1>
            <y1>270</y1>
            <v1>2</v1>
        </keypoints>
        <bndbox>
            <xmin>305</xmin>
            <ymin>270</ymin>
            <xmax>305</xmax>
            <ymax>270</ymax>
        </bndbox>
    </object>
    <object>
        <name>25</name>
        <difficult>0</difficult>
        <keypoints>
            <x1>305</x1>
            <y1>202</y1>
            <v1>2</v1>
        </keypoints>
        <bndbox>
            <xmin>305</xmin>
            <ymin>202</ymin>
            <xmax>305</xmax>
            <ymax>202</ymax>
        </bndbox>
    </object>
    <object>
        <name>23</name>
        <difficult>0</difficult>
        <keypoints>
            <x1>6</x1>
            <y1>191</y1>
            <v1>2</v1>
        </keypoints>
        <bndbox>
            <xmin>6</xmin>
            <ymin>191</ymin>
            <xmax>6</xmax>
            <ymax>191</ymax>
        </bndbox>
    </object>
    <object>
        <name>11</name>
        <difficult>0</difficult>
        <keypoints>
            <x1>305</x1>
            <y1>232</y1>
            <v1>2</v1>
        </keypoints>
        <bndbox>
            <xmin>305</xmin>
            <ymin>232</ymin>
            <xmax>305</xmax>
            <ymax>232</ymax>
        </bndbox>
    </object>
    <object>
        <name>10</name>
        <difficult>0</difficult>
        <keypoints>
            <x1>306</x1>
            <y1>142</y1>
            <v1>2</v1>
        </keypoints>
        <bndbox>
            <xmin>306</xmin>
            <ymin>142</ymin>
            <xmax>306</xmax>
            <ymax>142</ymax>
        </bndbox>
    </object>
    <object>
        <name>2</name>
        <difficult>0</difficult>
        <keypoints>
            <x1>38</x1>
            <y1>158</y1>
            <v1>2</v1>
        </keypoints>
        <bndbox>
            <xmin>38</xmin>
            <ymin>158</ymin>
            <xmax>38</xmax>
            <ymax>158</ymax>
        </bndbox>
    </object>
</annotation>