<annotation>
    <folder>JPEGImages</folder>
    <filename>98.jpg</filename>
    <size>
        <width>320</width>
        <height>320</height>
        <depth>3</depth>
    </size>
    <object>
        <name>24</name>
        <difficult>0</difficult>
        <keypoints>
            <x1>186</x1>
            <y1>259</y1>
            <v1>2</v1>
        </keypoints>
        <bndbox>
            <xmin>186</xmin>
            <ymin>259</ymin>
            <xmax>186</xmax>
            <ymax>259</ymax>
        </bndbox>
    </object>
    <object>
        <name>23</name>
        <difficult>0</difficult>
        <keypoints>
            <x1>270</x1>
            <y1>191</y1>
            <v1>2</v1>
        </keypoints>
        <bndbox>
            <xmin>270</xmin>
            <ymin>191</ymin>
            <xmax>270</xmax>
            <ymax>191</ymax>
        </bndbox>
    </object>
    <object>
        <name>6</name>
        <difficult>0</difficult>
        <keypoints>
            <x1>31</x1>
            <y1>242</y1>
            <v1>2</v1>
        </keypoints>
        <bndbox>
            <xmin>31</xmin>
            <ymin>242</ymin>
            <xmax>31</xmax>
            <ymax>242</ymax>
        </bndbox>
    </object>
    <object>
        <name>4</name>
        <difficult>0</difficult>
        <keypoints>
            <x1>153</x1>
            <y1>163</y1>
            <v1>2</v1>
        </keypoints>
        <bndbox>
            <xmin>153</xmin>
            <ymin>163</ymin>
            <xmax>153</xmax>
            <ymax>163</ymax>
        </bndbox>
    </object>
    <object>
        <name>3</name>
        <difficult>0</difficult>
        <keypoints>
            <x1>98</x1>
            <y1>152</y1>
            <v1>2</v1>
        </keypoints>
        <bndbox>
            <xmin>98</xmin>
            <ymin>152</ymin>
            <xmax>98</xmax>
            <ymax>152</ymax>
        </bndbox>
    </object>
    <object>
        <name>1</name>
        <difficult>0</difficult>
        <keypoints>
            <x1>158</x1>
            <y1>119</y1>
            <v1>2</v1>
        </keypoints>
        <bndbox>
            <xmin>158</xmin>
            <ymin>119</ymin>
            <xmax>158</xmax>
            <ymax>119</ymax>
        </bndbox>
    </object>
    <object>
        <name>0</name>
        <difficult>0</difficult>
        <keypoints>
            <x1>222</x1>
            <y1>82</y1>
            <v1>2</v1>
        </keypoints>
        <bndbox>
            <xmin>222</xmin>
            <ymin>82</ymin>
            <xmax>222</xmax>
            <ymax>82</ymax>
        </bndbox>
    </object>
</annotation>