<annotation>
    <folder>JPEGImages</folder>
    <filename>Bayern 0 - [1] Liverpool.mp4_frame_100.jpg</filename>
    <size>
        <width>320</width>
        <height>320</height>
        <depth>3</depth>
    </size>
    <object>
        <name>15</name>
        <difficult>0</difficult>
        <keypoints>
            <x1>275</x1>
            <y1>117</y1>
            <v1>2</v1>
        </keypoints>
        <bndbox>
            <xmin>275</xmin>
            <ymin>117</ymin>
            <xmax>275</xmax>
            <ymax>117</ymax>
        </bndbox>
    </object>
</annotation>