<annotation>
    <folder>JPEGImages</folder>
    <filename>img_L1_40.jpg</filename>
    <size>
        <width>320</width>
        <height>320</height>
        <depth>3</depth>
    </size>
    <object>
        <name>26</name>
        <difficult>0</difficult>
        <keypoints>
            <x1>256</x1>
            <y1>258</y1>
            <v1>2</v1>
        </keypoints>
        <bndbox>
            <xmin>256</xmin>
            <ymin>258</ymin>
            <xmax>256</xmax>
            <ymax>258</ymax>
        </bndbox>
    </object>
    <object>
        <name>25</name>
        <difficult>0</difficult>
        <keypoints>
            <x1>256</x1>
            <y1>153</y1>
            <v1>2</v1>
        </keypoints>
        <bndbox>
            <xmin>256</xmin>
            <ymin>153</ymin>
            <xmax>256</xmax>
            <ymax>153</ymax>
        </bndbox>
    </object>
    <object>
        <name>11</name>
        <difficult>0</difficult>
        <keypoints>
            <x1>256</x1>
            <y1>196</y1>
            <v1>2</v1>
        </keypoints>
        <bndbox>
            <xmin>256</xmin>
            <ymin>196</ymin>
            <xmax>256</xmax>
            <ymax>196</ymax>
        </bndbox>
    </object>
    <object>
        <name>10</name>
        <difficult>0</difficult>
        <keypoints>
            <x1>256</x1>
            <y1>78</y1>
            <v1>2</v1>
        </keypoints>
        <bndbox>
            <xmin>256</xmin>
            <ymin>78</ymin>
            <xmax>256</xmax>
            <ymax>78</ymax>
        </bndbox>
    </object>
</annotation>