<annotation>
    <folder>JPEGImages</folder>
    <filename>img_L1_92.jpg</filename>
    <size>
        <width>320</width>
        <height>320</height>
        <depth>3</depth>
    </size>
    <object>
        <name>24</name>
        <difficult>0</difficult>
        <keypoints>
            <x1>217</x1>
            <y1>239</y1>
            <v1>2</v1>
        </keypoints>
        <bndbox>
            <xmin>217</xmin>
            <ymin>239</ymin>
            <xmax>217</xmax>
            <ymax>239</ymax>
        </bndbox>
    </object>
    <object>
        <name>6</name>
        <difficult>0</difficult>
        <keypoints>
            <x1>37</x1>
            <y1>199</y1>
            <v1>2</v1>
        </keypoints>
        <bndbox>
            <xmin>37</xmin>
            <ymin>199</ymin>
            <xmax>37</xmax>
            <ymax>199</ymax>
        </bndbox>
    </object>
    <object>
        <name>4</name>
        <difficult>0</difficult>
        <keypoints>
            <x1>233</x1>
            <y1>116</y1>
            <v1>2</v1>
        </keypoints>
        <bndbox>
            <xmin>233</xmin>
            <ymin>116</ymin>
            <xmax>233</xmax>
            <ymax>116</ymax>
        </bndbox>
    </object>
    <object>
        <name>3</name>
        <difficult>0</difficult>
        <keypoints>
            <x1>171</x1>
            <y1>101</y1>
            <v1>2</v1>
        </keypoints>
        <bndbox>
            <xmin>171</xmin>
            <ymin>101</ymin>
            <xmax>171</xmax>
            <ymax>101</ymax>
        </bndbox>
    </object>
    <object>
        <name>1</name>
        <difficult>0</difficult>
        <keypoints>
            <x1>264</x1>
            <y1>67</y1>
            <v1>2</v1>
        </keypoints>
        <bndbox>
            <xmin>264</xmin>
            <ymin>67</ymin>
            <xmax>264</xmax>
            <ymax>67</ymax>
        </bndbox>
    </object>
</annotation>