<annotation>
    <folder>JPEGImages</folder>
    <filename>img_BL_1.jpg</filename>
    <size>
        <width>320</width>
        <height>320</height>
        <depth>3</depth>
    </size>
    <object>
        <name>25</name>
        <difficult>0</difficult>
        <keypoints>
            <x1>254</x1>
            <y1>187</y1>
            <v1>2</v1>
        </keypoints>
        <bndbox>
            <xmin>254</xmin>
            <ymin>187</ymin>
            <xmax>254</xmax>
            <ymax>187</ymax>
        </bndbox>
    </object>
    <object>
        <name>11</name>
        <difficult>0</difficult>
        <keypoints>
            <x1>256</x1>
            <y1>245</y1>
            <v1>2</v1>
        </keypoints>
        <bndbox>
            <xmin>256</xmin>
            <ymin>245</ymin>
            <xmax>256</xmax>
            <ymax>245</ymax>
        </bndbox>
    </object>
    <object>
        <name>10</name>
        <difficult>0</difficult>
        <keypoints>
            <x1>254</x1>
            <y1>81</y1>
            <v1>2</v1>
        </keypoints>
        <bndbox>
            <xmin>254</xmin>
            <ymin>81</ymin>
            <xmax>254</xmax>
            <ymax>81</ymax>
        </bndbox>
    </object>
</annotation>