<annotation>
    <folder>JPEGImages</folder>
    <filename>img_L1_58.jpg</filename>
    <size>
        <width>320</width>
        <height>320</height>
        <depth>3</depth>
    </size>
    <object>
        <name>24</name>
        <difficult>0</difficult>
        <keypoints>
            <x1>47</x1>
            <y1>174</y1>
            <v1>2</v1>
        </keypoints>
        <bndbox>
            <xmin>47</xmin>
            <ymin>174</ymin>
            <xmax>47</xmax>
            <ymax>174</ymax>
        </bndbox>
    </object>
    <object>
        <name>23</name>
        <difficult>0</difficult>
        <keypoints>
            <x1>95</x1>
            <y1>118</y1>
            <v1>2</v1>
        </keypoints>
        <bndbox>
            <xmin>95</xmin>
            <ymin>118</ymin>
            <xmax>95</xmax>
            <ymax>118</ymax>
        </bndbox>
    </object>
    <object>
        <name>4</name>
        <difficult>0</difficult>
        <keypoints>
            <x1>18</x1>
            <y1>100</y1>
            <v1>2</v1>
        </keypoints>
        <bndbox>
            <xmin>18</xmin>
            <ymin>100</ymin>
            <xmax>18</xmax>
            <ymax>100</ymax>
        </bndbox>
    </object>
    <object>
        <name>2</name>
        <difficult>0</difficult>
        <keypoints>
            <x1>127</x1>
            <y1>78</y1>
            <v1>2</v1>
        </keypoints>
        <bndbox>
            <xmin>127</xmin>
            <ymin>78</ymin>
            <xmax>127</xmax>
            <ymax>78</ymax>
        </bndbox>
    </object>
    <object>
        <name>1</name>
        <difficult>0</difficult>
        <keypoints>
            <x1>19</x1>
            <y1>65</y1>
            <v1>2</v1>
        </keypoints>
        <bndbox>
            <xmin>19</xmin>
            <ymin>65</ymin>
            <xmax>19</xmax>
            <ymax>65</ymax>
        </bndbox>
    </object>
    <object>
        <name>0</name>
        <difficult>0</difficult>
        <keypoints>
            <x1>59</x1>
            <y1>34</y1>
            <v1>2</v1>
        </keypoints>
        <bndbox>
            <xmin>59</xmin>
            <ymin>34</ymin>
            <xmax>59</xmax>
            <ymax>34</ymax>
        </bndbox>
    </object>
</annotation>