<annotation>
    <folder>JPEGImages</folder>
    <filename>img_L1_28.jpg</filename>
    <size>
        <width>320</width>
        <height>320</height>
        <depth>3</depth>
    </size>
    <object>
        <name>24</name>
        <difficult>0</difficult>
        <keypoints>
            <x1>200</x1>
            <y1>217</y1>
            <v1>2</v1>
        </keypoints>
        <bndbox>
            <xmin>200</xmin>
            <ymin>217</ymin>
            <xmax>200</xmax>
            <ymax>217</ymax>
        </bndbox>
    </object>
    <object>
        <name>23</name>
        <difficult>0</difficult>
        <keypoints>
            <x1>278</x1>
            <y1>164</y1>
            <v1>2</v1>
        </keypoints>
        <bndbox>
            <xmin>278</xmin>
            <ymin>164</ymin>
            <xmax>278</xmax>
            <ymax>164</ymax>
        </bndbox>
    </object>
    <object>
        <name>8</name>
        <difficult>0</difficult>
        <keypoints>
            <x1>114</x1>
            <y1>279</y1>
            <v1>2</v1>
        </keypoints>
        <bndbox>
            <xmin>114</xmin>
            <ymin>279</ymin>
            <xmax>114</xmax>
            <ymax>279</ymax>
        </bndbox>
    </object>
    <object>
        <name>6</name>
        <difficult>0</difficult>
        <keypoints>
            <x1>27</x1>
            <y1>206</y1>
            <v1>2</v1>
        </keypoints>
        <bndbox>
            <xmin>27</xmin>
            <ymin>206</ymin>
            <xmax>27</xmax>
            <ymax>206</ymax>
        </bndbox>
    </object>
    <object>
        <name>4</name>
        <difficult>0</difficult>
        <keypoints>
            <x1>143</x1>
            <y1>144</y1>
            <v1>2</v1>
        </keypoints>
        <bndbox>
            <xmin>143</xmin>
            <ymin>144</ymin>
            <xmax>143</xmax>
            <ymax>144</ymax>
        </bndbox>
    </object>
    <object>
        <name>3</name>
        <difficult>0</difficult>
        <keypoints>
            <x1>79</x1>
            <y1>136</y1>
            <v1>2</v1>
        </keypoints>
        <bndbox>
            <xmin>79</xmin>
            <ymin>136</ymin>
            <xmax>79</xmax>
            <ymax>136</ymax>
        </bndbox>
    </object>
    <object>
        <name>1</name>
        <difficult>0</difficult>
        <keypoints>
            <x1>139</x1>
            <y1>109</y1>
            <v1>2</v1>
        </keypoints>
        <bndbox>
            <xmin>139</xmin>
            <ymin>109</ymin>
            <xmax>139</xmax>
            <ymax>109</ymax>
        </bndbox>
    </object>
    <object>
        <name>0</name>
        <difficult>0</difficult>
        <keypoints>
            <x1>200</x1>
            <y1>78</y1>
            <v1>2</v1>
        </keypoints>
        <bndbox>
            <xmin>200</xmin>
            <ymin>78</ymin>
            <xmax>200</xmax>
            <ymax>78</ymax>
        </bndbox>
    </object>
</annotation>