<annotation>
    <folder>JPEGImages</folder>
    <filename>img_L1_104.jpg</filename>
    <size>
        <width>320</width>
        <height>320</height>
        <depth>3</depth>
    </size>
    <object>
        <name>23</name>
        <difficult>0</difficult>
        <keypoints>
            <x1>46</x1>
            <y1>130</y1>
            <v1>2</v1>
        </keypoints>
        <bndbox>
            <xmin>46</xmin>
            <ymin>130</ymin>
            <xmax>46</xmax>
            <ymax>130</ymax>
        </bndbox>
    </object>
    <object>
        <name>2</name>
        <difficult>0</difficult>
        <keypoints>
            <x1>83</x1>
            <y1>105</y1>
            <v1>2</v1>
        </keypoints>
        <bndbox>
            <xmin>83</xmin>
            <ymin>105</ymin>
            <xmax>83</xmax>
            <ymax>105</ymax>
        </bndbox>
    </object>
    <object>
        <name>0</name>
        <difficult>0</difficult>
        <keypoints>
            <x1>27</x1>
            <y1>73</y1>
            <v1>2</v1>
        </keypoints>
        <bndbox>
            <xmin>27</xmin>
            <ymin>73</ymin>
            <xmax>27</xmax>
            <ymax>73</ymax>
        </bndbox>
    </object>
</annotation>