<annotation>
    <folder>JPEGImages</folder>
    <filename>img_BL_19.jpg</filename>
    <size>
        <width>320</width>
        <height>320</height>
        <depth>3</depth>
    </size>
    <object>
        <name>27</name>
        <difficult>0</difficult>
        <keypoints>
            <x1>256</x1>
            <y1>172</y1>
            <v1>2</v1>
        </keypoints>
        <bndbox>
            <xmin>256</xmin>
            <ymin>172</ymin>
            <xmax>256</xmax>
            <ymax>172</ymax>
        </bndbox>
    </object>
    <object>
        <name>15</name>
        <difficult>0</difficult>
        <keypoints>
            <x1>213</x1>
            <y1>131</y1>
            <v1>2</v1>
        </keypoints>
        <bndbox>
            <xmin>213</xmin>
            <ymin>131</ymin>
            <xmax>213</xmax>
            <ymax>131</ymax>
        </bndbox>
    </object>
    <object>
        <name>13</name>
        <difficult>0</difficult>
        <keypoints>
            <x1>279</x1>
            <y1>84</y1>
            <v1>2</v1>
        </keypoints>
        <bndbox>
            <xmin>279</xmin>
            <ymin>84</ymin>
            <xmax>279</xmax>
            <ymax>84</ymax>
        </bndbox>
    </object>
</annotation>