<annotation>
    <folder>JPEGImages</folder>
    <filename>img_L1_14.jpg</filename>
    <size>
        <width>320</width>
        <height>320</height>
        <depth>3</depth>
    </size>
    <object>
        <name>8</name>
        <difficult>0</difficult>
        <keypoints>
            <x1>239</x1>
            <y1>256</y1>
            <v1>2</v1>
        </keypoints>
        <bndbox>
            <xmin>239</xmin>
            <ymin>256</ymin>
            <xmax>239</xmax>
            <ymax>256</ymax>
        </bndbox>
    </object>
    <object>
        <name>7</name>
        <difficult>0</difficult>
        <keypoints>
            <x1>94</x1>
            <y1>158</y1>
            <v1>2</v1>
        </keypoints>
        <bndbox>
            <xmin>94</xmin>
            <ymin>158</ymin>
            <xmax>94</xmax>
            <ymax>158</ymax>
        </bndbox>
    </object>
    <object>
        <name>6</name>
        <difficult>0</difficult>
        <keypoints>
            <x1>272</x1>
            <y1>154</y1>
            <v1>2</v1>
        </keypoints>
        <bndbox>
            <xmin>272</xmin>
            <ymin>154</ymin>
            <xmax>272</xmax>
            <ymax>154</ymax>
        </bndbox>
    </object>
    <object>
        <name>5</name>
        <difficult>0</difficult>
        <keypoints>
            <x1>227</x1>
            <y1>134</y1>
            <v1>2</v1>
        </keypoints>
        <bndbox>
            <xmin>227</xmin>
            <ymin>134</ymin>
            <xmax>227</xmax>
            <ymax>134</ymax>
        </bndbox>
    </object>
</annotation>