<annotation>
    <folder>JPEGImages</folder>
    <filename>img_L1_8.jpg</filename>
    <size>
        <width>320</width>
        <height>320</height>
        <depth>3</depth>
    </size>
    <object>
        <name>24</name>
        <difficult>0</difficult>
        <keypoints>
            <x1>291</x1>
            <y1>294</y1>
            <v1>2</v1>
        </keypoints>
        <bndbox>
            <xmin>291</xmin>
            <ymin>294</ymin>
            <xmax>291</xmax>
            <ymax>294</ymax>
        </bndbox>
    </object>
    <object>
        <name>23</name>
        <difficult>0</difficult>
        <keypoints>
            <x1>283</x1>
            <y1>193</y1>
            <v1>2</v1>
        </keypoints>
        <bndbox>
            <xmin>283</xmin>
            <ymin>193</ymin>
            <xmax>283</xmax>
            <ymax>193</ymax>
        </bndbox>
    </object>
    <object>
        <name>6</name>
        <difficult>0</difficult>
        <keypoints>
            <x1>101</x1>
            <y1>306</y1>
            <v1>2</v1>
        </keypoints>
        <bndbox>
            <xmin>101</xmin>
            <ymin>306</ymin>
            <xmax>101</xmax>
            <ymax>306</ymax>
        </bndbox>
    </object>
    <object>
        <name>5</name>
        <difficult>0</difficult>
        <keypoints>
            <x1>8</x1>
            <y1>304</y1>
            <v1>2</v1>
        </keypoints>
        <bndbox>
            <xmin>8</xmin>
            <ymin>304</ymin>
            <xmax>8</xmax>
            <ymax>304</ymax>
        </bndbox>
    </object>
    <object>
        <name>4</name>
        <difficult>0</difficult>
        <keypoints>
            <x1>131</x1>
            <y1>181</y1>
            <v1>2</v1>
        </keypoints>
        <bndbox>
            <xmin>131</xmin>
            <ymin>181</ymin>
            <xmax>131</xmax>
            <ymax>181</ymax>
        </bndbox>
    </object>
    <object>
        <name>3</name>
        <difficult>0</difficult>
        <keypoints>
            <x1>59</x1>
            <y1>180</y1>
            <v1>2</v1>
        </keypoints>
        <bndbox>
            <xmin>59</xmin>
            <ymin>180</ymin>
            <xmax>59</xmax>
            <ymax>180</ymax>
        </bndbox>
    </object>
    <object>
        <name>2</name>
        <difficult>0</difficult>
        <keypoints>
            <x1>277</x1>
            <y1>130</y1>
            <v1>2</v1>
        </keypoints>
        <bndbox>
            <xmin>277</xmin>
            <ymin>130</ymin>
            <xmax>277</xmax>
            <ymax>130</ymax>
        </bndbox>
    </object>
    <object>
        <name>1</name>
        <difficult>0</difficult>
        <keypoints>
            <x1>81</x1>
            <y1>126</y1>
            <v1>2</v1>
        </keypoints>
        <bndbox>
            <xmin>81</xmin>
            <ymin>126</ymin>
            <xmax>81</xmax>
            <ymax>126</ymax>
        </bndbox>
    </object>
    <object>
        <name>0</name>
        <difficult>0</difficult>
        <keypoints>
            <x1>100</x1>
            <y1>76</y1>
            <v1>2</v1>
        </keypoints>
        <bndbox>
            <xmin>100</xmin>
            <ymin>76</ymin>
            <xmax>100</xmax>
            <ymax>76</ymax>
        </bndbox>
    </object>
</annotation>