<annotation>
    <folder>JPEGImages</folder>
    <filename>img_L1_79.jpg</filename>
    <size>
        <width>320</width>
        <height>320</height>
        <depth>3</depth>
    </size>
    <object>
        <name>19</name>
        <difficult>0</difficult>
        <keypoints>
            <x1>221</x1>
            <y1>220</y1>
            <v1>2</v1>
        </keypoints>
        <bndbox>
            <xmin>221</xmin>
            <ymin>220</ymin>
            <xmax>221</xmax>
            <ymax>220</ymax>
        </bndbox>
    </object>
    <object>
        <name>17</name>
        <difficult>0</difficult>
        <keypoints>
            <x1>150</x1>
            <y1>64</y1>
            <v1>2</v1>
        </keypoints>
        <bndbox>
            <xmin>150</xmin>
            <ymin>64</ymin>
            <xmax>150</xmax>
            <ymax>64</ymax>
        </bndbox>
    </object>
    <object>
        <name>16</name>
        <difficult>0</difficult>
        <keypoints>
            <x1>247</x1>
            <y1>58</y1>
            <v1>2</v1>
        </keypoints>
        <bndbox>
            <xmin>247</xmin>
            <ymin>58</ymin>
            <xmax>247</xmax>
            <ymax>58</ymax>
        </bndbox>
    </object>
</annotation>