<annotation>
    <folder>JPEGImages</folder>
    <filename>img_L1_91.jpg</filename>
    <size>
        <width>320</width>
        <height>320</height>
        <depth>3</depth>
    </size>
    <object>
        <name>28</name>
        <difficult>0</difficult>
        <keypoints>
            <x1>81</x1>
            <y1>243</y1>
            <v1>2</v1>
        </keypoints>
        <bndbox>
            <xmin>81</xmin>
            <ymin>243</ymin>
            <xmax>81</xmax>
            <ymax>243</ymax>
        </bndbox>
    </object>
    <object>
        <name>21</name>
        <difficult>0</difficult>
        <keypoints>
            <x1>185</x1>
            <y1>310</y1>
            <v1>2</v1>
        </keypoints>
        <bndbox>
            <xmin>185</xmin>
            <ymin>310</ymin>
            <xmax>185</xmax>
            <ymax>310</ymax>
        </bndbox>
    </object>
    <object>
        <name>19</name>
        <difficult>0</difficult>
        <keypoints>
            <x1>206</x1>
            <y1>220</y1>
            <v1>2</v1>
        </keypoints>
        <bndbox>
            <xmin>206</xmin>
            <ymin>220</ymin>
            <xmax>206</xmax>
            <ymax>220</ymax>
        </bndbox>
    </object>
    <object>
        <name>18</name>
        <difficult>0</difficult>
        <keypoints>
            <x1>254</x1>
            <y1>207</y1>
            <v1>2</v1>
        </keypoints>
        <bndbox>
            <xmin>254</xmin>
            <ymin>207</ymin>
            <xmax>254</xmax>
            <ymax>207</ymax>
        </bndbox>
    </object>
    <object>
        <name>17</name>
        <difficult>0</difficult>
        <keypoints>
            <x1>90</x1>
            <y1>162</y1>
            <v1>2</v1>
        </keypoints>
        <bndbox>
            <xmin>90</xmin>
            <ymin>162</ymin>
            <xmax>90</xmax>
            <ymax>162</ymax>
        </bndbox>
    </object>
    <object>
        <name>16</name>
        <difficult>0</difficult>
        <keypoints>
            <x1>132</x1>
            <y1>153</y1>
            <v1>2</v1>
        </keypoints>
        <bndbox>
            <xmin>132</xmin>
            <ymin>153</ymin>
            <xmax>132</xmax>
            <ymax>153</ymax>
        </bndbox>
    </object>
    <object>
        <name>14</name>
        <difficult>0</difficult>
        <keypoints>
            <x1>75</x1>
            <y1>128</y1>
            <v1>2</v1>
        </keypoints>
        <bndbox>
            <xmin>75</xmin>
            <ymin>128</ymin>
            <xmax>75</xmax>
            <ymax>128</ymax>
        </bndbox>
    </object>
    <object>
        <name>13</name>
        <difficult>0</difficult>
        <keypoints>
            <x1>15</x1>
            <y1>102</y1>
            <v1>2</v1>
        </keypoints>
        <bndbox>
            <xmin>15</xmin>
            <ymin>102</ymin>
            <xmax>15</xmax>
            <ymax>102</ymax>
        </bndbox>
    </object>
</annotation>