<annotation>
    <folder>JPEGImages</folder>
    <filename>img_L1_82.jpg</filename>
    <size>
        <width>320</width>
        <height>320</height>
        <depth>3</depth>
    </size>
    <object>
        <name>28</name>
        <difficult>0</difficult>
        <keypoints>
            <x1>18</x1>
            <y1>211</y1>
            <v1>2</v1>
        </keypoints>
        <bndbox>
            <xmin>18</xmin>
            <ymin>211</ymin>
            <xmax>18</xmax>
            <ymax>211</ymax>
        </bndbox>
    </object>
    <object>
        <name>27</name>
        <difficult>0</difficult>
        <keypoints>
            <x1>20</x1>
            <y1>85</y1>
            <v1>2</v1>
        </keypoints>
        <bndbox>
            <xmin>20</xmin>
            <ymin>85</ymin>
            <xmax>20</xmax>
            <ymax>85</ymax>
        </bndbox>
    </object>
    <object>
        <name>19</name>
        <difficult>0</difficult>
        <keypoints>
            <x1>203</x1>
            <y1>224</y1>
            <v1>2</v1>
        </keypoints>
        <bndbox>
            <xmin>203</xmin>
            <ymin>224</ymin>
            <xmax>203</xmax>
            <ymax>224</ymax>
        </bndbox>
    </object>
    <object>
        <name>18</name>
        <difficult>0</difficult>
        <keypoints>
            <x1>293</x1>
            <y1>222</y1>
            <v1>2</v1>
        </keypoints>
        <bndbox>
            <xmin>293</xmin>
            <ymin>222</ymin>
            <xmax>293</xmax>
            <ymax>222</ymax>
        </bndbox>
    </object>
    <object>
        <name>17</name>
        <difficult>0</difficult>
        <keypoints>
            <x1>172</x1>
            <y1>69</y1>
            <v1>2</v1>
        </keypoints>
        <bndbox>
            <xmin>172</xmin>
            <ymin>69</ymin>
            <xmax>172</xmax>
            <ymax>69</ymax>
        </bndbox>
    </object>
    <object>
        <name>16</name>
        <difficult>0</difficult>
        <keypoints>
            <x1>244</x1>
            <y1>67</y1>
            <v1>2</v1>
        </keypoints>
        <bndbox>
            <xmin>244</xmin>
            <ymin>67</ymin>
            <xmax>244</xmax>
            <ymax>67</ymax>
        </bndbox>
    </object>
    <object>
        <name>15</name>
        <difficult>0</difficult>
        <keypoints>
            <x1>21</x1>
            <y1>3</y1>
            <v1>2</v1>
        </keypoints>
        <bndbox>
            <xmin>21</xmin>
            <ymin>3</ymin>
            <xmax>21</xmax>
            <ymax>3</ymax>
        </bndbox>
    </object>
</annotation>