<annotation>
    <folder>JPEGImages</folder>
    <filename>img_L1_44.jpg</filename>
    <size>
        <width>320</width>
        <height>320</height>
        <depth>3</depth>
    </size>
    <object>
        <name>15</name>
        <difficult>0</difficult>
        <keypoints>
            <x1>283</x1>
            <y1>135</y1>
            <v1>2</v1>
        </keypoints>
        <bndbox>
            <xmin>283</xmin>
            <ymin>135</ymin>
            <xmax>283</xmax>
            <ymax>135</ymax>
        </bndbox>
    </object>
</annotation>