<annotation>
    <folder>JPEGImages</folder>
    <filename>img_L1_51.jpg</filename>
    <size>
        <width>320</width>
        <height>320</height>
        <depth>3</depth>
    </size>
    <object>
        <name>24</name>
        <difficult>0</difficult>
        <keypoints>
            <x1>65</x1>
            <y1>183</y1>
            <v1>2</v1>
        </keypoints>
        <bndbox>
            <xmin>65</xmin>
            <ymin>183</ymin>
            <xmax>65</xmax>
            <ymax>183</ymax>
        </bndbox>
    </object>
    <object>
        <name>23</name>
        <difficult>0</difficult>
        <keypoints>
            <x1>173</x1>
            <y1>102</y1>
            <v1>2</v1>
        </keypoints>
        <bndbox>
            <xmin>173</xmin>
            <ymin>102</ymin>
            <xmax>173</xmax>
            <ymax>102</ymax>
        </bndbox>
    </object>
    <object>
        <name>4</name>
        <difficult>0</difficult>
        <keypoints>
            <x1>43</x1>
            <y1>72</y1>
            <v1>2</v1>
        </keypoints>
        <bndbox>
            <xmin>43</xmin>
            <ymin>72</ymin>
            <xmax>43</xmax>
            <ymax>72</ymax>
        </bndbox>
    </object>
    <object>
        <name>2</name>
        <difficult>0</difficult>
        <keypoints>
            <x1>245</x1>
            <y1>46</y1>
            <v1>2</v1>
        </keypoints>
        <bndbox>
            <xmin>245</xmin>
            <ymin>46</ymin>
            <xmax>245</xmax>
            <ymax>46</ymax>
        </bndbox>
    </object>
    <object>
        <name>1</name>
        <difficult>0</difficult>
        <keypoints>
            <x1>57</x1>
            <y1>22</y1>
            <v1>2</v1>
        </keypoints>
        <bndbox>
            <xmin>57</xmin>
            <ymin>22</ymin>
            <xmax>57</xmax>
            <ymax>22</ymax>
        </bndbox>
    </object>
</annotation>