<annotation>
    <folder>JPEGImages</folder>
    <filename>img_L1_86.jpg</filename>
    <size>
        <width>320</width>
        <height>320</height>
        <depth>3</depth>
    </size>
    <object>
        <name>24</name>
        <difficult>0</difficult>
        <keypoints>
            <x1>94</x1>
            <y1>145</y1>
            <v1>2</v1>
        </keypoints>
        <bndbox>
            <xmin>94</xmin>
            <ymin>145</ymin>
            <xmax>94</xmax>
            <ymax>145</ymax>
        </bndbox>
    </object>
    <object>
        <name>23</name>
        <difficult>0</difficult>
        <keypoints>
            <x1>158</x1>
            <y1>91</y1>
            <v1>2</v1>
        </keypoints>
        <bndbox>
            <xmin>158</xmin>
            <ymin>91</ymin>
            <xmax>158</xmax>
            <ymax>91</ymax>
        </bndbox>
    </object>
    <object>
        <name>8</name>
        <difficult>0</difficult>
        <keypoints>
            <x1>17</x1>
            <y1>212</y1>
            <v1>2</v1>
        </keypoints>
        <bndbox>
            <xmin>17</xmin>
            <ymin>212</ymin>
            <xmax>17</xmax>
            <ymax>212</ymax>
        </bndbox>
    </object>
    <object>
        <name>4</name>
        <difficult>0</difficult>
        <keypoints>
            <x1>85</x1>
            <y1>72</y1>
            <v1>2</v1>
        </keypoints>
        <bndbox>
            <xmin>85</xmin>
            <ymin>72</ymin>
            <xmax>85</xmax>
            <ymax>72</ymax>
        </bndbox>
    </object>
    <object>
        <name>3</name>
        <difficult>0</difficult>
        <keypoints>
            <x1>50</x1>
            <y1>66</y1>
            <v1>2</v1>
        </keypoints>
        <bndbox>
            <xmin>50</xmin>
            <ymin>66</ymin>
            <xmax>50</xmax>
            <ymax>66</ymax>
        </bndbox>
    </object>
    <object>
        <name>2</name>
        <difficult>0</difficult>
        <keypoints>
            <x1>197</x1>
            <y1>55</y1>
            <v1>2</v1>
        </keypoints>
        <bndbox>
            <xmin>197</xmin>
            <ymin>55</ymin>
            <xmax>197</xmax>
            <ymax>55</ymax>
        </bndbox>
    </object>
    <object>
        <name>1</name>
        <difficult>0</difficult>
        <keypoints>
            <x1>94</x1>
            <y1>40</y1>
            <v1>2</v1>
        </keypoints>
        <bndbox>
            <xmin>94</xmin>
            <ymin>40</ymin>
            <xmax>94</xmax>
            <ymax>40</ymax>
        </bndbox>
    </object>
    <object>
        <name>0</name>
        <difficult>0</difficult>
        <keypoints>
            <x1>138</x1>
            <y1>13</y1>
            <v1>2</v1>
        </keypoints>
        <bndbox>
            <xmin>138</xmin>
            <ymin>13</ymin>
            <xmax>138</xmax>
            <ymax>13</ymax>
        </bndbox>
    </object>
</annotation>