<annotation>
    <folder>JPEGImages</folder>
    <filename>img_L1_85.jpg</filename>
    <size>
        <width>320</width>
        <height>320</height>
        <depth>3</depth>
    </size>
    <object>
        <name>2</name>
        <difficult>0</difficult>
        <keypoints>
            <x1>70</x1>
            <y1>56</y1>
            <v1>2</v1>
        </keypoints>
        <bndbox>
            <xmin>70</xmin>
            <ymin>56</ymin>
            <xmax>70</xmax>
            <ymax>56</ymax>
        </bndbox>
    </object>
</annotation>