<annotation>
    <folder>JPEGImages</folder>
    <filename>img_L1_74.jpg</filename>
    <size>
        <width>320</width>
        <height>320</height>
        <depth>3</depth>
    </size>
    <object>
        <name>26</name>
        <difficult>0</difficult>
        <keypoints>
            <x1>162</x1>
            <y1>186</y1>
            <v1>2</v1>
        </keypoints>
        <bndbox>
            <xmin>162</xmin>
            <ymin>186</ymin>
            <xmax>162</xmax>
            <ymax>186</ymax>
        </bndbox>
    </object>
    <object>
        <name>25</name>
        <difficult>0</difficult>
        <keypoints>
            <x1>164</x1>
            <y1>93</y1>
            <v1>2</v1>
        </keypoints>
        <bndbox>
            <xmin>164</xmin>
            <ymin>93</ymin>
            <xmax>164</xmax>
            <ymax>93</ymax>
        </bndbox>
    </object>
    <object>
        <name>11</name>
        <difficult>0</difficult>
        <keypoints>
            <x1>163</x1>
            <y1>133</y1>
            <v1>2</v1>
        </keypoints>
        <bndbox>
            <xmin>163</xmin>
            <ymin>133</ymin>
            <xmax>163</xmax>
            <ymax>133</ymax>
        </bndbox>
    </object>
    <object>
        <name>10</name>
        <difficult>0</difficult>
        <keypoints>
            <x1>164</x1>
            <y1>17</y1>
            <v1>2</v1>
        </keypoints>
        <bndbox>
            <xmin>164</xmin>
            <ymin>17</ymin>
            <xmax>164</xmax>
            <ymax>17</ymax>
        </bndbox>
    </object>
</annotation>