<annotation>
    <folder>JPEGImages</folder>
    <filename>img_L1_30.jpg</filename>
    <size>
        <width>320</width>
        <height>320</height>
        <depth>3</depth>
    </size>
    <object>
        <name>25</name>
        <difficult>0</difficult>
        <keypoints>
            <x1>49</x1>
            <y1>168</y1>
            <v1>2</v1>
        </keypoints>
        <bndbox>
            <xmin>49</xmin>
            <ymin>168</ymin>
            <xmax>49</xmax>
            <ymax>168</ymax>
        </bndbox>
    </object>
    <object>
        <name>11</name>
        <difficult>0</difficult>
        <keypoints>
            <x1>49</x1>
            <y1>241</y1>
            <v1>2</v1>
        </keypoints>
        <bndbox>
            <xmin>49</xmin>
            <ymin>241</ymin>
            <xmax>49</xmax>
            <ymax>241</ymax>
        </bndbox>
    </object>
    <object>
        <name>10</name>
        <difficult>0</difficult>
        <keypoints>
            <x1>47</x1>
            <y1>51</y1>
            <v1>2</v1>
        </keypoints>
        <bndbox>
            <xmin>47</xmin>
            <ymin>51</ymin>
            <xmax>47</xmax>
            <ymax>51</ymax>
        </bndbox>
    </object>
</annotation>