<annotation>
    <folder>JPEGImages</folder>
    <filename>img_L1_5.jpg</filename>
    <size>
        <width>320</width>
        <height>320</height>
        <depth>3</depth>
    </size>
    <object>
        <name>24</name>
        <difficult>0</difficult>
        <keypoints>
            <x1>61</x1>
            <y1>76</y1>
            <v1>2</v1>
        </keypoints>
        <bndbox>
            <xmin>61</xmin>
            <ymin>76</ymin>
            <xmax>61</xmax>
            <ymax>76</ymax>
        </bndbox>
    </object>
    <object>
        <name>23</name>
        <difficult>0</difficult>
        <keypoints>
            <x1>140</x1>
            <y1>6</y1>
            <v1>2</v1>
        </keypoints>
        <bndbox>
            <xmin>140</xmin>
            <ymin>6</ymin>
            <xmax>140</xmax>
            <ymax>6</ymax>
        </bndbox>
    </object>
</annotation>