<annotation>
    <folder>JPEGImages</folder>
    <filename>img_L1_90.jpg</filename>
    <size>
        <width>320</width>
        <height>320</height>
        <depth>3</depth>
    </size>
    <object>
        <name>2</name>
        <difficult>0</difficult>
        <keypoints>
            <x1>13</x1>
            <y1>148</y1>
            <v1>2</v1>
        </keypoints>
        <bndbox>
            <xmin>13</xmin>
            <ymin>148</ymin>
            <xmax>13</xmax>
            <ymax>148</ymax>
        </bndbox>
    </object>
</annotation>