<annotation>
    <folder>JPEGImages</folder>
    <filename>img_L1_26.jpg</filename>
    <size>
        <width>320</width>
        <height>320</height>
        <depth>3</depth>
    </size>
    <object>
        <name>26</name>
        <difficult>0</difficult>
        <keypoints>
            <x1>276</x1>
            <y1>191</y1>
            <v1>2</v1>
        </keypoints>
        <bndbox>
            <xmin>276</xmin>
            <ymin>191</ymin>
            <xmax>276</xmax>
            <ymax>191</ymax>
        </bndbox>
    </object>
    <object>
        <name>25</name>
        <difficult>0</difficult>
        <keypoints>
            <x1>279</x1>
            <y1>101</y1>
            <v1>2</v1>
        </keypoints>
        <bndbox>
            <xmin>279</xmin>
            <ymin>101</ymin>
            <xmax>279</xmax>
            <ymax>101</ymax>
        </bndbox>
    </object>
    <object>
        <name>11</name>
        <difficult>0</difficult>
        <keypoints>
            <x1>278</x1>
            <y1>140</y1>
            <v1>2</v1>
        </keypoints>
        <bndbox>
            <xmin>278</xmin>
            <ymin>140</ymin>
            <xmax>278</xmax>
            <ymax>140</ymax>
        </bndbox>
    </object>
    <object>
        <name>10</name>
        <difficult>0</difficult>
        <keypoints>
            <x1>281</x1>
            <y1>26</y1>
            <v1>2</v1>
        </keypoints>
        <bndbox>
            <xmin>281</xmin>
            <ymin>26</ymin>
            <xmax>281</xmax>
            <ymax>26</ymax>
        </bndbox>
    </object>
</annotation>