<annotation>
    <folder>JPEGImages</folder>
    <filename>img_L1_83.jpg</filename>
    <size>
        <width>320</width>
        <height>320</height>
        <depth>3</depth>
    </size>
    <object>
        <name>24</name>
        <difficult>0</difficult>
        <keypoints>
            <x1>173</x1>
            <y1>286</y1>
            <v1>2</v1>
        </keypoints>
        <bndbox>
            <xmin>173</xmin>
            <ymin>286</ymin>
            <xmax>173</xmax>
            <ymax>286</ymax>
        </bndbox>
    </object>
    <object>
        <name>23</name>
        <difficult>0</difficult>
        <keypoints>
            <x1>169</x1>
            <y1>172</y1>
            <v1>2</v1>
        </keypoints>
        <bndbox>
            <xmin>169</xmin>
            <ymin>172</ymin>
            <xmax>169</xmax>
            <ymax>172</ymax>
        </bndbox>
    </object>
    <object>
        <name>2</name>
        <difficult>0</difficult>
        <keypoints>
            <x1>167</x1>
            <y1>109</y1>
            <v1>2</v1>
        </keypoints>
        <bndbox>
            <xmin>167</xmin>
            <ymin>109</ymin>
            <xmax>167</xmax>
            <ymax>109</ymax>
        </bndbox>
    </object>
</annotation>