<annotation>
    <folder>JPEGImages</folder>
    <filename>img_L1_84.jpg</filename>
    <size>
        <width>320</width>
        <height>320</height>
        <depth>3</depth>
    </size>
    <object>
        <name>23</name>
        <difficult>0</difficult>
        <keypoints>
            <x1>117</x1>
            <y1>129</y1>
            <v1>2</v1>
        </keypoints>
        <bndbox>
            <xmin>117</xmin>
            <ymin>129</ymin>
            <xmax>117</xmax>
            <ymax>129</ymax>
        </bndbox>
    </object>
    <object>
        <name>2</name>
        <difficult>0</difficult>
        <keypoints>
            <x1>205</x1>
            <y1>80</y1>
            <v1>2</v1>
        </keypoints>
        <bndbox>
            <xmin>205</xmin>
            <ymin>80</ymin>
            <xmax>205</xmax>
            <ymax>80</ymax>
        </bndbox>
    </object>
    <object>
        <name>1</name>
        <difficult>0</difficult>
        <keypoints>
            <x1>17</x1>
            <y1>49</y1>
            <v1>2</v1>
        </keypoints>
        <bndbox>
            <xmin>17</xmin>
            <ymin>49</ymin>
            <xmax>17</xmax>
            <ymax>49</ymax>
        </bndbox>
    </object>
    <object>
        <name>0</name>
        <difficult>0</difficult>
        <keypoints>
            <x1>108</x1>
            <y1>16</y1>
            <v1>2</v1>
        </keypoints>
        <bndbox>
            <xmin>108</xmin>
            <ymin>16</ymin>
            <xmax>108</xmax>
            <ymax>16</ymax>
        </bndbox>
    </object>
</annotation>