<annotation>
    <folder>JPEGImages</folder>
    <filename>img_L1_118.jpg</filename>
    <size>
        <width>320</width>
        <height>320</height>
        <depth>3</depth>
    </size>
    <object>
        <name>28</name>
        <difficult>0</difficult>
        <keypoints>
            <x1>245</x1>
            <y1>178</y1>
            <v1>2</v1>
        </keypoints>
        <bndbox>
            <xmin>245</xmin>
            <ymin>178</ymin>
            <xmax>245</xmax>
            <ymax>178</ymax>
        </bndbox>
    </object>
    <object>
        <name>27</name>
        <difficult>0</difficult>
        <keypoints>
            <x1>192</x1>
            <y1>126</y1>
            <v1>2</v1>
        </keypoints>
        <bndbox>
            <xmin>192</xmin>
            <ymin>126</ymin>
            <xmax>192</xmax>
            <ymax>126</ymax>
        </bndbox>
    </object>
    <object>
        <name>21</name>
        <difficult>0</difficult>
        <keypoints>
            <x1>318</x1>
            <y1>246</y1>
            <v1>2</v1>
        </keypoints>
        <bndbox>
            <xmin>318</xmin>
            <ymin>246</ymin>
            <xmax>318</xmax>
            <ymax>246</ymax>
        </bndbox>
    </object>
    <object>
        <name>17</name>
        <difficult>0</difficult>
        <keypoints>
            <x1>259</x1>
            <y1>107</y1>
            <v1>2</v1>
        </keypoints>
        <bndbox>
            <xmin>259</xmin>
            <ymin>107</ymin>
            <xmax>259</xmax>
            <ymax>107</ymax>
        </bndbox>
    </object>
    <object>
        <name>16</name>
        <difficult>0</difficult>
        <keypoints>
            <x1>294</x1>
            <y1>99</y1>
            <v1>2</v1>
        </keypoints>
        <bndbox>
            <xmin>294</xmin>
            <ymin>99</ymin>
            <xmax>294</xmax>
            <ymax>99</ymax>
        </bndbox>
    </object>
    <object>
        <name>15</name>
        <difficult>0</difficult>
        <keypoints>
            <x1>155</x1>
            <y1>91</y1>
            <v1>2</v1>
        </keypoints>
        <bndbox>
            <xmin>155</xmin>
            <ymin>91</ymin>
            <xmax>155</xmax>
            <ymax>91</ymax>
        </bndbox>
    </object>
    <object>
        <name>14</name>
        <difficult>0</difficult>
        <keypoints>
            <x1>253</x1>
            <y1>74</y1>
            <v1>2</v1>
        </keypoints>
        <bndbox>
            <xmin>253</xmin>
            <ymin>74</ymin>
            <xmax>253</xmax>
            <ymax>74</ymax>
        </bndbox>
    </object>
    <object>
        <name>13</name>
        <difficult>0</difficult>
        <keypoints>
            <x1>213</x1>
            <y1>47</y1>
            <v1>2</v1>
        </keypoints>
        <bndbox>
            <xmin>213</xmin>
            <ymin>47</ymin>
            <xmax>213</xmax>
            <ymax>47</ymax>
        </bndbox>
    </object>
</annotation>