<annotation>
    <folder>JPEGImages</folder>
    <filename>img_L1_68.jpg</filename>
    <size>
        <width>320</width>
        <height>320</height>
        <depth>3</depth>
    </size>
    <object>
        <name>10</name>
        <difficult>0</difficult>
        <keypoints>
            <x1>2</x1>
            <y1>51</y1>
            <v1>2</v1>
        </keypoints>
        <bndbox>
            <xmin>2</xmin>
            <ymin>51</ymin>
            <xmax>2</xmax>
            <ymax>51</ymax>
        </bndbox>
    </object>
    <object>
        <name>25</name>
        <difficult>0</difficult>
        <keypoints>
            <x1>3</x1>
            <y1>144</y1>
            <v1>2</v1>
        </keypoints>
        <bndbox>
            <xmin>3</xmin>
            <ymin>144</ymin>
            <xmax>3</xmax>
            <ymax>144</ymax>
        </bndbox>
    </object>
    <object>
        <name>26</name>
        <difficult>0</difficult>
        <keypoints>
            <x1>4</x1>
            <y1>266</y1>
            <v1>2</v1>
        </keypoints>
        <bndbox>
            <xmin>4</xmin>
            <ymin>266</ymin>
            <xmax>4</xmax>
            <ymax>266</ymax>
        </bndbox>
    </object>
    <object>
        <name>11</name>
        <difficult>0</difficult>
        <keypoints>
            <x1>3</x1>
            <y1>196</y1>
            <v1>2</v1>
        </keypoints>
        <bndbox>
            <xmin>3</xmin>
            <ymin>196</ymin>
            <xmax>3</xmax>
            <ymax>196</ymax>
        </bndbox>
    </object>
</annotation>