<annotation>
    <folder>JPEGImages</folder>
    <filename>img_L1_15.jpg</filename>
    <size>
        <width>320</width>
        <height>320</height>
        <depth>3</depth>
    </size>
    <object>
        <name>28</name>
        <difficult>0</difficult>
        <keypoints>
            <x1>270</x1>
            <y1>146</y1>
            <v1>2</v1>
        </keypoints>
        <bndbox>
            <xmin>270</xmin>
            <ymin>146</ymin>
            <xmax>270</xmax>
            <ymax>146</ymax>
        </bndbox>
    </object>
    <object>
        <name>27</name>
        <difficult>0</difficult>
        <keypoints>
            <x1>162</x1>
            <y1>75</y1>
            <v1>2</v1>
        </keypoints>
        <bndbox>
            <xmin>162</xmin>
            <ymin>75</ymin>
            <xmax>162</xmax>
            <ymax>75</ymax>
        </bndbox>
    </object>
    <object>
        <name>17</name>
        <difficult>0</difficult>
        <keypoints>
            <x1>293</x1>
            <y1>43</y1>
            <v1>2</v1>
        </keypoints>
        <bndbox>
            <xmin>293</xmin>
            <ymin>43</ymin>
            <xmax>293</xmax>
            <ymax>43</ymax>
        </bndbox>
    </object>
    <object>
        <name>15</name>
        <difficult>0</difficult>
        <keypoints>
            <x1>93</x1>
            <y1>28</y1>
            <v1>2</v1>
        </keypoints>
        <bndbox>
            <xmin>93</xmin>
            <ymin>28</ymin>
            <xmax>93</xmax>
            <ymax>28</ymax>
        </bndbox>
    </object>
</annotation>