<annotation>
    <folder>JPEGImages</folder>
    <filename>img_L1_46.jpg</filename>
    <size>
        <width>320</width>
        <height>320</height>
        <depth>3</depth>
    </size>
    <object>
        <name>2</name>
        <difficult>0</difficult>
        <keypoints>
            <x1>23</x1>
            <y1>122</y1>
            <v1>2</v1>
        </keypoints>
        <bndbox>
            <xmin>23</xmin>
            <ymin>122</ymin>
            <xmax>23</xmax>
            <ymax>122</ymax>
        </bndbox>
    </object>
</annotation>