<annotation>
    <folder>JPEGImages</folder>
    <filename>img_L1_121.jpg</filename>
    <size>
        <width>320</width>
        <height>320</height>
        <depth>3</depth>
    </size>
    <object>
        <name>24</name>
        <difficult>0</difficult>
        <keypoints>
            <x1>217</x1>
            <y1>168</y1>
            <v1>2</v1>
        </keypoints>
        <bndbox>
            <xmin>217</xmin>
            <ymin>168</ymin>
            <xmax>217</xmax>
            <ymax>168</ymax>
        </bndbox>
    </object>
    <object>
        <name>23</name>
        <difficult>0</difficult>
        <keypoints>
            <x1>213</x1>
            <y1>112</y1>
            <v1>2</v1>
        </keypoints>
        <bndbox>
            <xmin>213</xmin>
            <ymin>112</ymin>
            <xmax>213</xmax>
            <ymax>112</ymax>
        </bndbox>
    </object>
    <object>
        <name>8</name>
        <difficult>0</difficult>
        <keypoints>
            <x1>223</x1>
            <y1>246</y1>
            <v1>2</v1>
        </keypoints>
        <bndbox>
            <xmin>223</xmin>
            <ymin>246</ymin>
            <xmax>223</xmax>
            <ymax>246</ymax>
        </bndbox>
    </object>
    <object>
        <name>7</name>
        <difficult>0</difficult>
        <keypoints>
            <x1>31</x1>
            <y1>241</y1>
            <v1>2</v1>
        </keypoints>
        <bndbox>
            <xmin>31</xmin>
            <ymin>241</ymin>
            <xmax>31</xmax>
            <ymax>241</ymax>
        </bndbox>
    </object>
    <object>
        <name>6</name>
        <difficult>0</difficult>
        <keypoints>
            <x1>110</x1>
            <y1>176</y1>
            <v1>2</v1>
        </keypoints>
        <bndbox>
            <xmin>110</xmin>
            <ymin>176</ymin>
            <xmax>110</xmax>
            <ymax>176</ymax>
        </bndbox>
    </object>
    <object>
        <name>5</name>
        <difficult>0</difficult>
        <keypoints>
            <x1>57</x1>
            <y1>174</y1>
            <v1>2</v1>
        </keypoints>
        <bndbox>
            <xmin>57</xmin>
            <ymin>174</ymin>
            <xmax>57</xmax>
            <ymax>174</ymax>
        </bndbox>
    </object>
    <object>
        <name>4</name>
        <difficult>0</difficult>
        <keypoints>
            <x1>126</x1>
            <y1>105</y1>
            <v1>2</v1>
        </keypoints>
        <bndbox>
            <xmin>126</xmin>
            <ymin>105</ymin>
            <xmax>126</xmax>
            <ymax>105</ymax>
        </bndbox>
    </object>
    <object>
        <name>3</name>
        <difficult>0</difficult>
        <keypoints>
            <x1>86</x1>
            <y1>104</y1>
            <v1>2</v1>
        </keypoints>
        <bndbox>
            <xmin>86</xmin>
            <ymin>104</ymin>
            <xmax>86</xmax>
            <ymax>104</ymax>
        </bndbox>
    </object>
    <object>
        <name>2</name>
        <difficult>0</difficult>
        <keypoints>
            <x1>210</x1>
            <y1>76</y1>
            <v1>2</v1>
        </keypoints>
        <bndbox>
            <xmin>210</xmin>
            <ymin>76</ymin>
            <xmax>210</xmax>
            <ymax>76</ymax>
        </bndbox>
    </object>
    <object>
        <name>1</name>
        <difficult>0</difficult>
        <keypoints>
            <x1>98</x1>
            <y1>74</y1>
            <v1>2</v1>
        </keypoints>
        <bndbox>
            <xmin>98</xmin>
            <ymin>74</ymin>
            <xmax>98</xmax>
            <ymax>74</ymax>
        </bndbox>
    </object>
    <object>
        <name>0</name>
        <difficult>0</difficult>
        <keypoints>
            <x1>109</x1>
            <y1>45</y1>
            <v1>2</v1>
        </keypoints>
        <bndbox>
            <xmin>109</xmin>
            <ymin>45</ymin>
            <xmax>109</xmax>
            <ymax>45</ymax>
        </bndbox>
    </object>
</annotation>