<annotation>
    <folder>JPEGImages</folder>
    <filename>img_L1_4.jpg</filename>
    <size>
        <width>320</width>
        <height>320</height>
        <depth>3</depth>
    </size>
    <object>
        <name>2</name>
        <difficult>0</difficult>
        <keypoints>
            <x1>36</x1>
            <y1>39</y1>
            <v1>2</v1>
        </keypoints>
        <bndbox>
            <xmin>36</xmin>
            <ymin>39</ymin>
            <xmax>36</xmax>
            <ymax>39</ymax>
        </bndbox>
    </object>
</annotation>