<annotation>
    <folder>JPEGImages</folder>
    <filename>img_L1_89.jpg</filename>
    <size>
        <width>320</width>
        <height>320</height>
        <depth>3</depth>
    </size>
    <object>
        <name>24</name>
        <difficult>0</difficult>
        <keypoints>
            <x1>17</x1>
            <y1>243</y1>
            <v1>2</v1>
        </keypoints>
        <bndbox>
            <xmin>17</xmin>
            <ymin>243</ymin>
            <xmax>17</xmax>
            <ymax>243</ymax>
        </bndbox>
    </object>
    <object>
        <name>23</name>
        <difficult>0</difficult>
        <keypoints>
            <x1>102</x1>
            <y1>181</y1>
            <v1>2</v1>
        </keypoints>
        <bndbox>
            <xmin>102</xmin>
            <ymin>181</ymin>
            <xmax>102</xmax>
            <ymax>181</ymax>
        </bndbox>
    </object>
    <object>
        <name>2</name>
        <difficult>0</difficult>
        <keypoints>
            <x1>154</x1>
            <y1>144</y1>
            <v1>2</v1>
        </keypoints>
        <bndbox>
            <xmin>154</xmin>
            <ymin>144</ymin>
            <xmax>154</xmax>
            <ymax>144</ymax>
        </bndbox>
    </object>
    <object>
        <name>1</name>
        <difficult>0</difficult>
        <keypoints>
            <x1>18</x1>
            <y1>127</y1>
            <v1>2</v1>
        </keypoints>
        <bndbox>
            <xmin>18</xmin>
            <ymin>127</ymin>
            <xmax>18</xmax>
            <ymax>127</ymax>
        </bndbox>
    </object>
    <object>
        <name>0</name>
        <difficult>0</difficult>
        <keypoints>
            <x1>76</x1>
            <y1>100</y1>
            <v1>2</v1>
        </keypoints>
        <bndbox>
            <xmin>76</xmin>
            <ymin>100</ymin>
            <xmax>76</xmax>
            <ymax>100</ymax>
        </bndbox>
    </object>
</annotation>