<annotation>
    <folder>JPEGImages</folder>
    <filename>img_L1_88.jpg</filename>
    <size>
        <width>320</width>
        <height>320</height>
        <depth>3</depth>
    </size>
    <object>
        <name>28</name>
        <difficult>0</difficult>
        <keypoints>
            <x1>201</x1>
            <y1>203</y1>
            <v1>2</v1>
        </keypoints>
        <bndbox>
            <xmin>201</xmin>
            <ymin>203</ymin>
            <xmax>201</xmax>
            <ymax>203</ymax>
        </bndbox>
    </object>
    <object>
        <name>27</name>
        <difficult>0</difficult>
        <keypoints>
            <x1>203</x1>
            <y1>136</y1>
            <v1>2</v1>
        </keypoints>
        <bndbox>
            <xmin>203</xmin>
            <ymin>136</ymin>
            <xmax>203</xmax>
            <ymax>136</ymax>
        </bndbox>
    </object>
    <object>
        <name>21</name>
        <difficult>0</difficult>
        <keypoints>
            <x1>198</x1>
            <y1>287</y1>
            <v1>2</v1>
        </keypoints>
        <bndbox>
            <xmin>198</xmin>
            <ymin>287</ymin>
            <xmax>198</xmax>
            <ymax>287</ymax>
        </bndbox>
    </object>
    <object>
        <name>19</name>
        <difficult>0</difficult>
        <keypoints>
            <x1>304</x1>
            <y1>225</y1>
            <v1>2</v1>
        </keypoints>
        <bndbox>
            <xmin>304</xmin>
            <ymin>225</ymin>
            <xmax>304</xmax>
            <ymax>225</ymax>
        </bndbox>
    </object>
    <object>
        <name>17</name>
        <difficult>0</difficult>
        <keypoints>
            <x1>288</x1>
            <y1>137</y1>
            <v1>2</v1>
        </keypoints>
        <bndbox>
            <xmin>288</xmin>
            <ymin>137</ymin>
            <xmax>288</xmax>
            <ymax>137</ymax>
        </bndbox>
    </object>
    <object>
        <name>15</name>
        <difficult>0</difficult>
        <keypoints>
            <x1>206</x1>
            <y1>93</y1>
            <v1>2</v1>
        </keypoints>
        <bndbox>
            <xmin>206</xmin>
            <ymin>93</ymin>
            <xmax>206</xmax>
            <ymax>93</ymax>
        </bndbox>
    </object>
    <object>
        <name>13</name>
        <difficult>0</difficult>
        <keypoints>
            <x1>308</x1>
            <y1>61</y1>
            <v1>2</v1>
        </keypoints>
        <bndbox>
            <xmin>308</xmin>
            <ymin>61</ymin>
            <xmax>308</xmax>
            <ymax>61</ymax>
        </bndbox>
    </object>
    <object>
        <name>14</name>
        <difficult>0</difficult>
        <keypoints>
            <x1>320</x1>
            <y1>100</y1>
            <v1>2</v1>
        </keypoints>
        <bndbox>
            <xmin>320</xmin>
            <ymin>100</ymin>
            <xmax>320</xmax>
            <ymax>100</ymax>
        </bndbox>
    </object>
</annotation>