<annotation>
    <folder>JPEGImages</folder>
    <filename>img_L1_24.jpg</filename>
    <size>
        <width>320</width>
        <height>320</height>
        <depth>3</depth>
    </size>
    <object>
        <name>2</name>
        <difficult>0</difficult>
        <keypoints>
            <x1>41</x1>
            <y1>94</y1>
            <v1>2</v1>
        </keypoints>
        <bndbox>
            <xmin>41</xmin>
            <ymin>94</ymin>
            <xmax>41</xmax>
            <ymax>94</ymax>
        </bndbox>
    </object>
</annotation>