<annotation>
    <folder>JPEGImages</folder>
    <filename>img_L1_62.jpg</filename>
    <size>
        <width>320</width>
        <height>320</height>
        <depth>3</depth>
    </size>
    <object>
        <name>23</name>
        <difficult>0</difficult>
        <keypoints>
            <x1>71</x1>
            <y1>63</y1>
            <v1>2</v1>
        </keypoints>
        <bndbox>
            <xmin>71</xmin>
            <ymin>63</ymin>
            <xmax>71</xmax>
            <ymax>63</ymax>
        </bndbox>
    </object>
</annotation>