<annotation>
    <folder>JPEGImages</folder>
    <filename>img_L1_72.jpg</filename>
    <size>
        <width>320</width>
        <height>320</height>
        <depth>3</depth>
    </size>
    <object>
        <name>26</name>
        <difficult>0</difficult>
        <keypoints>
            <x1>159</x1>
            <y1>224</y1>
            <v1>2</v1>
        </keypoints>
        <bndbox>
            <xmin>159</xmin>
            <ymin>224</ymin>
            <xmax>159</xmax>
            <ymax>224</ymax>
        </bndbox>
    </object>
    <object>
        <name>25</name>
        <difficult>0</difficult>
        <keypoints>
            <x1>159</x1>
            <y1>74</y1>
            <v1>2</v1>
        </keypoints>
        <bndbox>
            <xmin>159</xmin>
            <ymin>74</ymin>
            <xmax>159</xmax>
            <ymax>74</ymax>
        </bndbox>
    </object>
    <object>
        <name>11</name>
        <difficult>0</difficult>
        <keypoints>
            <x1>159</x1>
            <y1>139</y1>
            <v1>2</v1>
        </keypoints>
        <bndbox>
            <xmin>159</xmin>
            <ymin>139</ymin>
            <xmax>159</xmax>
            <ymax>139</ymax>
        </bndbox>
    </object>
</annotation>