<annotation>
    <folder>JPEGImages</folder>
    <filename>img_L1_96.jpg</filename>
    <size>
        <width>320</width>
        <height>320</height>
        <depth>3</depth>
    </size>
    <object>
        <name>26</name>
        <difficult>0</difficult>
        <keypoints>
            <x1>75</x1>
            <y1>180</y1>
            <v1>2</v1>
        </keypoints>
        <bndbox>
            <xmin>75</xmin>
            <ymin>180</ymin>
            <xmax>75</xmax>
            <ymax>180</ymax>
        </bndbox>
    </object>
    <object>
        <name>25</name>
        <difficult>0</difficult>
        <keypoints>
            <x1>73</x1>
            <y1>105</y1>
            <v1>2</v1>
        </keypoints>
        <bndbox>
            <xmin>73</xmin>
            <ymin>105</ymin>
            <xmax>73</xmax>
            <ymax>105</ymax>
        </bndbox>
    </object>
    <object>
        <name>11</name>
        <difficult>0</difficult>
        <keypoints>
            <x1>75</x1>
            <y1>136</y1>
            <v1>2</v1>
        </keypoints>
        <bndbox>
            <xmin>75</xmin>
            <ymin>136</ymin>
            <xmax>75</xmax>
            <ymax>136</ymax>
        </bndbox>
    </object>
    <object>
        <name>10</name>
        <difficult>0</difficult>
        <keypoints>
            <x1>73</x1>
            <y1>46</y1>
            <v1>2</v1>
        </keypoints>
        <bndbox>
            <xmin>73</xmin>
            <ymin>46</ymin>
            <xmax>73</xmax>
            <ymax>46</ymax>
        </bndbox>
    </object>
</annotation>