<annotation>
    <folder>JPEGImages</folder>
    <filename>img_L1_50.jpg</filename>
    <size>
        <width>320</width>
        <height>320</height>
        <depth>3</depth>
    </size>
    <object>
        <name>28</name>
        <difficult>0</difficult>
        <keypoints>
            <x1>275</x1>
            <y1>44</y1>
            <v1>2</v1>
        </keypoints>
        <bndbox>
            <xmin>275</xmin>
            <ymin>44</ymin>
            <xmax>275</xmax>
            <ymax>44</ymax>
        </bndbox>
    </object>
</annotation>