<annotation>
    <folder>JPEGImages</folder>
    <filename>Leicester 0 - [3] Liverpool.mp4_frame_1.jpg</filename>
    <size>
        <width>320</width>
        <height>320</height>
        <depth>3</depth>
    </size>
    <object>
        <name>28</name>
        <difficult>0</difficult>
        <keypoints>
            <x1>235</x1>
            <y1>154</y1>
            <v1>2</v1>
        </keypoints>
        <bndbox>
            <xmin>235</xmin>
            <ymin>154</ymin>
            <xmax>235</xmax>
            <ymax>154</ymax>
        </bndbox>
    </object>
    <object>
        <name>27</name>
        <difficult>0</difficult>
        <keypoints>
            <x1>182</x1>
            <y1>118</y1>
            <v1>2</v1>
        </keypoints>
        <bndbox>
            <xmin>182</xmin>
            <ymin>118</ymin>
            <xmax>182</xmax>
            <ymax>118</ymax>
        </bndbox>
    </object>
    <object>
        <name>21</name>
        <difficult>0</difficult>
        <keypoints>
            <x1>305</x1>
            <y1>201</y1>
            <v1>2</v1>
        </keypoints>
        <bndbox>
            <xmin>305</xmin>
            <ymin>201</ymin>
            <xmax>305</xmax>
            <ymax>201</ymax>
        </bndbox>
    </object>
    <object>
        <name>17</name>
        <difficult>0</difficult>
        <keypoints>
            <x1>249</x1>
            <y1>107</y1>
            <v1>2</v1>
        </keypoints>
        <bndbox>
            <xmin>249</xmin>
            <ymin>107</ymin>
            <xmax>249</xmax>
            <ymax>107</ymax>
        </bndbox>
    </object>
    <object>
        <name>16</name>
        <difficult>0</difficult>
        <keypoints>
            <x1>280</x1>
            <y1>102</y1>
            <v1>2</v1>
        </keypoints>
        <bndbox>
            <xmin>280</xmin>
            <ymin>102</ymin>
            <xmax>280</xmax>
            <ymax>102</ymax>
        </bndbox>
    </object>
    <object>
        <name>15</name>
        <difficult>0</difficult>
        <keypoints>
            <x1>149</x1>
            <y1>96</y1>
            <v1>2</v1>
        </keypoints>
        <bndbox>
            <xmin>149</xmin>
            <ymin>96</ymin>
            <xmax>149</xmax>
            <ymax>96</ymax>
        </bndbox>
    </object>
    <object>
        <name>14</name>
        <difficult>0</difficult>
        <keypoints>
            <x1>241</x1>
            <y1>85</y1>
            <v1>2</v1>
        </keypoints>
        <bndbox>
            <xmin>241</xmin>
            <ymin>85</ymin>
            <xmax>241</xmax>
            <ymax>85</ymax>
        </bndbox>
    </object>
    <object>
        <name>13</name>
        <difficult>0</difficult>
        <keypoints>
            <x1>204</x1>
            <y1>68</y1>
            <v1>2</v1>
        </keypoints>
        <bndbox>
            <xmin>204</xmin>
            <ymin>68</ymin>
            <xmax>204</xmax>
            <ymax>68</ymax>
        </bndbox>
    </object>
</annotation>