<annotation>
    <folder>JPEGImages</folder>
    <filename>Leicester 0 - [3] Liverpool.mp4_frame_109.jpg</filename>
    <size>
        <width>320</width>
        <height>320</height>
        <depth>3</depth>
    </size>
    <object>
        <name>28</name>
        <difficult>0</difficult>
        <keypoints>
            <x1>169</x1>
            <y1>158</y1>
            <v1>2</v1>
        </keypoints>
        <bndbox>
            <xmin>169</xmin>
            <ymin>158</ymin>
            <xmax>169</xmax>
            <ymax>158</ymax>
        </bndbox>
    </object>
    <object>
        <name>27</name>
        <difficult>0</difficult>
        <keypoints>
            <x1>112</x1>
            <y1>124</y1>
            <v1>2</v1>
        </keypoints>
        <bndbox>
            <xmin>112</xmin>
            <ymin>124</ymin>
            <xmax>112</xmax>
            <ymax>124</ymax>
        </bndbox>
    </object>
    <object>
        <name>21</name>
        <difficult>0</difficult>
        <keypoints>
            <x1>238</x1>
            <y1>203</y1>
            <v1>2</v1>
        </keypoints>
        <bndbox>
            <xmin>238</xmin>
            <ymin>203</ymin>
            <xmax>238</xmax>
            <ymax>203</ymax>
        </bndbox>
    </object>
    <object>
        <name>19</name>
        <difficult>0</difficult>
        <keypoints>
            <x1>261</x1>
            <y1>148</y1>
            <v1>2</v1>
        </keypoints>
        <bndbox>
            <xmin>261</xmin>
            <ymin>148</ymin>
            <xmax>261</xmax>
            <ymax>148</ymax>
        </bndbox>
    </object>
    <object>
        <name>18</name>
        <difficult>0</difficult>
        <keypoints>
            <x1>297</x1>
            <y1>141</y1>
            <v1>2</v1>
        </keypoints>
        <bndbox>
            <xmin>297</xmin>
            <ymin>141</ymin>
            <xmax>297</xmax>
            <ymax>141</ymax>
        </bndbox>
    </object>
    <object>
        <name>17</name>
        <difficult>0</difficult>
        <keypoints>
            <x1>180</x1>
            <y1>109</y1>
            <v1>2</v1>
        </keypoints>
        <bndbox>
            <xmin>180</xmin>
            <ymin>109</ymin>
            <xmax>180</xmax>
            <ymax>109</ymax>
        </bndbox>
    </object>
    <object>
        <name>16</name>
        <difficult>0</difficult>
        <keypoints>
            <x1>211</x1>
            <y1>104</y1>
            <v1>2</v1>
        </keypoints>
        <bndbox>
            <xmin>211</xmin>
            <ymin>104</ymin>
            <xmax>211</xmax>
            <ymax>104</ymax>
        </bndbox>
    </object>
    <object>
        <name>15</name>
        <difficult>0</difficult>
        <keypoints>
            <x1>75</x1>
            <y1>100</y1>
            <v1>2</v1>
        </keypoints>
        <bndbox>
            <xmin>75</xmin>
            <ymin>100</ymin>
            <xmax>75</xmax>
            <ymax>100</ymax>
        </bndbox>
    </object>
    <object>
        <name>14</name>
        <difficult>0</difficult>
        <keypoints>
            <x1>172</x1>
            <y1>87</y1>
            <v1>2</v1>
        </keypoints>
        <bndbox>
            <xmin>172</xmin>
            <ymin>87</ymin>
            <xmax>172</xmax>
            <ymax>87</ymax>
        </bndbox>
    </object>
    <object>
        <name>13</name>
        <difficult>0</difficult>
        <keypoints>
            <x1>133</x1>
            <y1>70</y1>
            <v1>2</v1>
        </keypoints>
        <bndbox>
            <xmin>133</xmin>
            <ymin>70</ymin>
            <xmax>133</xmax>
            <ymax>70</ymax>
        </bndbox>
    </object>
</annotation>