<annotation>
    <folder>JPEGImages</folder>
    <filename>Leicester 0 - [3] Liverpool.mp4_frame_140.jpg</filename>
    <size>
        <width>320</width>
        <height>320</height>
        <depth>3</depth>
    </size>
    <object>
        <name>28</name>
        <difficult>0</difficult>
        <keypoints>
            <x1>118</x1>
            <y1>168</y1>
            <v1>2</v1>
        </keypoints>
        <bndbox>
            <xmin>118</xmin>
            <ymin>168</ymin>
            <xmax>118</xmax>
            <ymax>168</ymax>
        </bndbox>
    </object>
    <object>
        <name>27</name>
        <difficult>0</difficult>
        <keypoints>
            <x1>52</x1>
            <y1>129</y1>
            <v1>2</v1>
        </keypoints>
        <bndbox>
            <xmin>52</xmin>
            <ymin>129</ymin>
            <xmax>52</xmax>
            <ymax>129</ymax>
        </bndbox>
    </object>
    <object>
        <name>21</name>
        <difficult>0</difficult>
        <keypoints>
            <x1>194</x1>
            <y1>216</y1>
            <v1>2</v1>
        </keypoints>
        <bndbox>
            <xmin>194</xmin>
            <ymin>216</ymin>
            <xmax>194</xmax>
            <ymax>216</ymax>
        </bndbox>
    </object>
    <object>
        <name>19</name>
        <difficult>0</difficult>
        <keypoints>
            <x1>219</x1>
            <y1>153</y1>
            <v1>2</v1>
        </keypoints>
        <bndbox>
            <xmin>219</xmin>
            <ymin>153</ymin>
            <xmax>219</xmax>
            <ymax>153</ymax>
        </bndbox>
    </object>
    <object>
        <name>18</name>
        <difficult>0</difficult>
        <keypoints>
            <x1>260</x1>
            <y1>144</y1>
            <v1>2</v1>
        </keypoints>
        <bndbox>
            <xmin>260</xmin>
            <ymin>144</ymin>
            <xmax>260</xmax>
            <ymax>144</ymax>
        </bndbox>
    </object>
    <object>
        <name>17</name>
        <difficult>0</difficult>
        <keypoints>
            <x1>131</x1>
            <y1>110</y1>
            <v1>2</v1>
        </keypoints>
        <bndbox>
            <xmin>131</xmin>
            <ymin>110</ymin>
            <xmax>131</xmax>
            <ymax>110</ymax>
        </bndbox>
    </object>
    <object>
        <name>16</name>
        <difficult>0</difficult>
        <keypoints>
            <x1>164</x1>
            <y1>105</y1>
            <v1>2</v1>
        </keypoints>
        <bndbox>
            <xmin>164</xmin>
            <ymin>105</ymin>
            <xmax>164</xmax>
            <ymax>105</ymax>
        </bndbox>
    </object>
    <object>
        <name>15</name>
        <difficult>0</difficult>
        <keypoints>
            <x1>8</x1>
            <y1>103</y1>
            <v1>2</v1>
        </keypoints>
        <bndbox>
            <xmin>8</xmin>
            <ymin>103</ymin>
            <xmax>8</xmax>
            <ymax>103</ymax>
        </bndbox>
    </object>
    <object>
        <name>14</name>
        <difficult>0</difficult>
        <keypoints>
            <x1>121</x1>
            <y1>86</y1>
            <v1>2</v1>
        </keypoints>
        <bndbox>
            <xmin>121</xmin>
            <ymin>86</ymin>
            <xmax>121</xmax>
            <ymax>86</ymax>
        </bndbox>
    </object>
    <object>
        <name>13</name>
        <difficult>0</difficult>
        <keypoints>
            <x1>76</x1>
            <y1>67</y1>
            <v1>2</v1>
        </keypoints>
        <bndbox>
            <xmin>76</xmin>
            <ymin>67</ymin>
            <xmax>76</xmax>
            <ymax>67</ymax>
        </bndbox>
    </object>
</annotation>