<annotation>
    <folder>JPEGImages</folder>
    <filename>Leicester 0 - [3] Liverpool.mp4_frame_11.jpg</filename>
    <size>
        <width>320</width>
        <height>320</height>
        <depth>3</depth>
    </size>
    <object>
        <name>28</name>
        <difficult>0</difficult>
        <keypoints>
            <x1>218</x1>
            <y1>152</y1>
            <v1>2</v1>
        </keypoints>
        <bndbox>
            <xmin>218</xmin>
            <ymin>152</ymin>
            <xmax>218</xmax>
            <ymax>152</ymax>
        </bndbox>
    </object>
    <object>
        <name>27</name>
        <difficult>0</difficult>
        <keypoints>
            <x1>166</x1>
            <y1>117</y1>
            <v1>2</v1>
        </keypoints>
        <bndbox>
            <xmin>166</xmin>
            <ymin>117</ymin>
            <xmax>166</xmax>
            <ymax>117</ymax>
        </bndbox>
    </object>
    <object>
        <name>21</name>
        <difficult>0</difficult>
        <keypoints>
            <x1>286</x1>
            <y1>197</y1>
            <v1>2</v1>
        </keypoints>
        <bndbox>
            <xmin>286</xmin>
            <ymin>197</ymin>
            <xmax>286</xmax>
            <ymax>197</ymax>
        </bndbox>
    </object>
    <object>
        <name>19</name>
        <difficult>0</difficult>
        <keypoints>
            <x1>311</x1>
            <y1>144</y1>
            <v1>2</v1>
        </keypoints>
        <bndbox>
            <xmin>311</xmin>
            <ymin>144</ymin>
            <xmax>311</xmax>
            <ymax>144</ymax>
        </bndbox>
    </object>
    <object>
        <name>17</name>
        <difficult>0</difficult>
        <keypoints>
            <x1>231</x1>
            <y1>104</y1>
            <v1>2</v1>
        </keypoints>
        <bndbox>
            <xmin>231</xmin>
            <ymin>104</ymin>
            <xmax>231</xmax>
            <ymax>104</ymax>
        </bndbox>
    </object>
    <object>
        <name>16</name>
        <difficult>0</difficult>
        <keypoints>
            <x1>260</x1>
            <y1>100</y1>
            <v1>2</v1>
        </keypoints>
        <bndbox>
            <xmin>260</xmin>
            <ymin>100</ymin>
            <xmax>260</xmax>
            <ymax>100</ymax>
        </bndbox>
    </object>
    <object>
        <name>15</name>
        <difficult>0</difficult>
        <keypoints>
            <x1>131</x1>
            <y1>94</y1>
            <v1>2</v1>
        </keypoints>
        <bndbox>
            <xmin>131</xmin>
            <ymin>94</ymin>
            <xmax>131</xmax>
            <ymax>94</ymax>
        </bndbox>
    </object>
    <object>
        <name>14</name>
        <difficult>0</difficult>
        <keypoints>
            <x1>222</x1>
            <y1>82</y1>
            <v1>2</v1>
        </keypoints>
        <bndbox>
            <xmin>222</xmin>
            <ymin>82</ymin>
            <xmax>222</xmax>
            <ymax>82</ymax>
        </bndbox>
    </object>
    <object>
        <name>13</name>
        <difficult>0</difficult>
        <keypoints>
            <x1>186</x1>
            <y1>66</y1>
            <v1>2</v1>
        </keypoints>
        <bndbox>
            <xmin>186</xmin>
            <ymin>66</ymin>
            <xmax>186</xmax>
            <ymax>66</ymax>
        </bndbox>
    </object>
</annotation>