<annotation>
    <folder>JPEGImages</folder>
    <filename>Leicester 0 - [3] Liverpool.mp4_frame_70.jpg</filename>
    <size>
        <width>320</width>
        <height>320</height>
        <depth>3</depth>
    </size>
    <object>
        <name>28</name>
        <difficult>0</difficult>
        <keypoints>
            <x1>189</x1>
            <y1>150</y1>
            <v1>2</v1>
        </keypoints>
        <bndbox>
            <xmin>189</xmin>
            <ymin>150</ymin>
            <xmax>189</xmax>
            <ymax>150</ymax>
        </bndbox>
    </object>
    <object>
        <name>27</name>
        <difficult>0</difficult>
        <keypoints>
            <x1>137</x1>
            <y1>116</y1>
            <v1>2</v1>
        </keypoints>
        <bndbox>
            <xmin>137</xmin>
            <ymin>116</ymin>
            <xmax>137</xmax>
            <ymax>116</ymax>
        </bndbox>
    </object>
    <object>
        <name>21</name>
        <difficult>0</difficult>
        <keypoints>
            <x1>255</x1>
            <y1>193</y1>
            <v1>2</v1>
        </keypoints>
        <bndbox>
            <xmin>255</xmin>
            <ymin>193</ymin>
            <xmax>255</xmax>
            <ymax>193</ymax>
        </bndbox>
    </object>
    <object>
        <name>19</name>
        <difficult>0</difficult>
        <keypoints>
            <x1>277</x1>
            <y1>139</y1>
            <v1>2</v1>
        </keypoints>
        <bndbox>
            <xmin>277</xmin>
            <ymin>139</ymin>
            <xmax>277</xmax>
            <ymax>139</ymax>
        </bndbox>
    </object>
    <object>
        <name>18</name>
        <difficult>0</difficult>
        <keypoints>
            <x1>313</x1>
            <y1>134</y1>
            <v1>2</v1>
        </keypoints>
        <bndbox>
            <xmin>313</xmin>
            <ymin>134</ymin>
            <xmax>313</xmax>
            <ymax>134</ymax>
        </bndbox>
    </object>
    <object>
        <name>17</name>
        <difficult>0</difficult>
        <keypoints>
            <x1>201</x1>
            <y1>102</y1>
            <v1>2</v1>
        </keypoints>
        <bndbox>
            <xmin>201</xmin>
            <ymin>102</ymin>
            <xmax>201</xmax>
            <ymax>102</ymax>
        </bndbox>
    </object>
    <object>
        <name>16</name>
        <difficult>0</difficult>
        <keypoints>
            <x1>230</x1>
            <y1>98</y1>
            <v1>2</v1>
        </keypoints>
        <bndbox>
            <xmin>230</xmin>
            <ymin>98</ymin>
            <xmax>230</xmax>
            <ymax>98</ymax>
        </bndbox>
    </object>
    <object>
        <name>15</name>
        <difficult>0</difficult>
        <keypoints>
            <x1>102</x1>
            <y1>93</y1>
            <v1>2</v1>
        </keypoints>
        <bndbox>
            <xmin>102</xmin>
            <ymin>93</ymin>
            <xmax>102</xmax>
            <ymax>93</ymax>
        </bndbox>
    </object>
    <object>
        <name>14</name>
        <difficult>0</difficult>
        <keypoints>
            <x1>194</x1>
            <y1>82</y1>
            <v1>2</v1>
        </keypoints>
        <bndbox>
            <xmin>194</xmin>
            <ymin>82</ymin>
            <xmax>194</xmax>
            <ymax>82</ymax>
        </bndbox>
    </object>
    <object>
        <name>13</name>
        <difficult>0</difficult>
        <keypoints>
            <x1>156</x1>
            <y1>65</y1>
            <v1>2</v1>
        </keypoints>
        <bndbox>
            <xmin>156</xmin>
            <ymin>65</ymin>
            <xmax>156</xmax>
            <ymax>65</ymax>
        </bndbox>
    </object>
</annotation>