<annotation>
    <folder>JPEGImages</folder>
    <filename>Liverpool [1] - 0 Everton.mp4_frame_50.jpg</filename>
    <size>
        <width>320</width>
        <height>320</height>
        <depth>3</depth>
    </size>
    <object>
        <name>27</name>
        <difficult>0</difficult>
        <keypoints>
            <x1>316</x1>
            <y1>130</y1>
            <v1>2</v1>
        </keypoints>
        <bndbox>
            <xmin>316</xmin>
            <ymin>130</ymin>
            <xmax>316</xmax>
            <ymax>130</ymax>
        </bndbox>
    </object>
    <object>
        <name>15</name>
        <difficult>0</difficult>
        <keypoints>
            <x1>266</x1>
            <y1>93</y1>
            <v1>2</v1>
        </keypoints>
        <bndbox>
            <xmin>266</xmin>
            <ymin>93</ymin>
            <xmax>266</xmax>
            <ymax>93</ymax>
        </bndbox>
    </object>
</annotation>