<annotation>
    <folder>JPEGImages</folder>
    <filename>Liverpool [2] - 0 Manchester City.mp4_frame_0.jpg</filename>
    <size>
        <width>320</width>
        <height>320</height>
        <depth>3</depth>
    </size>
    <object>
        <name>26</name>
        <difficult>0</difficult>
        <keypoints>
            <x1>16</x1>
            <y1>280</y1>
            <v1>2</v1>
        </keypoints>
        <bndbox>
            <xmin>16</xmin>
            <ymin>280</ymin>
            <xmax>16</xmax>
            <ymax>280</ymax>
        </bndbox>
    </object>
    <object>
        <name>25</name>
        <difficult>0</difficult>
        <keypoints>
            <x1>14</x1>
            <y1>180</y1>
            <v1>2</v1>
        </keypoints>
        <bndbox>
            <xmin>14</xmin>
            <ymin>180</ymin>
            <xmax>14</xmax>
            <ymax>180</ymax>
        </bndbox>
    </object>
    <object>
        <name>11</name>
        <difficult>0</difficult>
        <keypoints>
            <x1>15</x1>
            <y1>223</y1>
            <v1>2</v1>
        </keypoints>
        <bndbox>
            <xmin>15</xmin>
            <ymin>223</ymin>
            <xmax>15</xmax>
            <ymax>223</ymax>
        </bndbox>
    </object>
    <object>
        <name>10</name>
        <difficult>0</difficult>
        <keypoints>
            <x1>13</x1>
            <y1>105</y1>
            <v1>2</v1>
        </keypoints>
        <bndbox>
            <xmin>13</xmin>
            <ymin>105</ymin>
            <xmax>13</xmax>
            <ymax>105</ymax>
        </bndbox>
    </object>
</annotation>