<annotation>
    <folder>JPEGImages</folder>
    <filename>Liverpool [2] - 0 Manchester City.mp4_frame_310.jpg</filename>
    <size>
        <width>320</width>
        <height>320</height>
        <depth>3</depth>
    </size>
    <object>
        <name>24</name>
        <difficult>0</difficult>
        <keypoints>
            <x1>115</x1>
            <y1>156</y1>
            <v1>2</v1>
        </keypoints>
        <bndbox>
            <xmin>115</xmin>
            <ymin>156</ymin>
            <xmax>115</xmax>
            <ymax>156</ymax>
        </bndbox>
    </object>
    <object>
        <name>23</name>
        <difficult>0</difficult>
        <keypoints>
            <x1>171</x1>
            <y1>114</y1>
            <v1>2</v1>
        </keypoints>
        <bndbox>
            <xmin>171</xmin>
            <ymin>114</ymin>
            <xmax>171</xmax>
            <ymax>114</ymax>
        </bndbox>
    </object>
    <object>
        <name>8</name>
        <difficult>0</difficult>
        <keypoints>
            <x1>43</x1>
            <y1>209</y1>
            <v1>2</v1>
        </keypoints>
        <bndbox>
            <xmin>43</xmin>
            <ymin>209</ymin>
            <xmax>43</xmax>
            <ymax>209</ymax>
        </bndbox>
    </object>
    <object>
        <name>6</name>
        <difficult>0</difficult>
        <keypoints>
            <x1>17</x1>
            <y1>144</y1>
            <v1>2</v1>
        </keypoints>
        <bndbox>
            <xmin>17</xmin>
            <ymin>144</ymin>
            <xmax>17</xmax>
            <ymax>144</ymax>
        </bndbox>
    </object>
    <object>
        <name>4</name>
        <difficult>0</difficult>
        <keypoints>
            <x1>102</x1>
            <y1>99</y1>
            <v1>2</v1>
        </keypoints>
        <bndbox>
            <xmin>102</xmin>
            <ymin>99</ymin>
            <xmax>102</xmax>
            <ymax>99</ymax>
        </bndbox>
    </object>
    <object>
        <name>3</name>
        <difficult>0</difficult>
        <keypoints>
            <x1>70</x1>
            <y1>93</y1>
            <v1>2</v1>
        </keypoints>
        <bndbox>
            <xmin>70</xmin>
            <ymin>93</ymin>
            <xmax>70</xmax>
            <ymax>93</ymax>
        </bndbox>
    </object>
    <object>
        <name>2</name>
        <difficult>0</difficult>
        <keypoints>
            <x1>209</x1>
            <y1>89</y1>
            <v1>2</v1>
        </keypoints>
        <bndbox>
            <xmin>209</xmin>
            <ymin>89</ymin>
            <xmax>209</xmax>
            <ymax>89</ymax>
        </bndbox>
    </object>
    <object>
        <name>1</name>
        <difficult>0</difficult>
        <keypoints>
            <x1>110</x1>
            <y1>74</y1>
            <v1>2</v1>
        </keypoints>
        <bndbox>
            <xmin>110</xmin>
            <ymin>74</ymin>
            <xmax>110</xmax>
            <ymax>74</ymax>
        </bndbox>
    </object>
    <object>
        <name>0</name>
        <difficult>0</difficult>
        <keypoints>
            <x1>150</x1>
            <y1>55</y1>
            <v1>2</v1>
        </keypoints>
        <bndbox>
            <xmin>150</xmin>
            <ymin>55</ymin>
            <xmax>150</xmax>
            <ymax>55</ymax>
        </bndbox>
    </object>
</annotation>