<annotation>
    <folder>JPEGImages</folder>
    <filename>Liverpool [1] - 0 Everton.mp4_frame_90.jpg</filename>
    <size>
        <width>320</width>
        <height>320</height>
        <depth>3</depth>
    </size>
    <object>
        <name>26</name>
        <difficult>0</difficult>
        <keypoints>
            <x1>73</x1>
            <y1>194</y1>
            <v1>2</v1>
        </keypoints>
        <bndbox>
            <xmin>73</xmin>
            <ymin>194</ymin>
            <xmax>73</xmax>
            <ymax>194</ymax>
        </bndbox>
    </object>
    <object>
        <name>25</name>
        <difficult>0</difficult>
        <keypoints>
            <x1>71</x1>
            <y1>111</y1>
            <v1>2</v1>
        </keypoints>
        <bndbox>
            <xmin>71</xmin>
            <ymin>111</ymin>
            <xmax>71</xmax>
            <ymax>111</ymax>
        </bndbox>
    </object>
    <object>
        <name>11</name>
        <difficult>0</difficult>
        <keypoints>
            <x1>71</x1>
            <y1>146</y1>
            <v1>2</v1>
        </keypoints>
        <bndbox>
            <xmin>71</xmin>
            <ymin>146</ymin>
            <xmax>71</xmax>
            <ymax>146</ymax>
        </bndbox>
    </object>
    <object>
        <name>10</name>
        <difficult>0</difficult>
        <keypoints>
            <x1>70</x1>
            <y1>48</y1>
            <v1>2</v1>
        </keypoints>
        <bndbox>
            <xmin>70</xmin>
            <ymin>48</ymin>
            <xmax>70</xmax>
            <ymax>48</ymax>
        </bndbox>
    </object>
</annotation>