<annotation>
    <folder>JPEGImages</folder>
    <filename>Liverpool [2] - 0 Manchester City.mp4_frame_320.jpg</filename>
    <size>
        <width>320</width>
        <height>320</height>
        <depth>3</depth>
    </size>
    <object>
        <name>24</name>
        <difficult>0</difficult>
        <keypoints>
            <x1>140</x1>
            <y1>165</y1>
            <v1>2</v1>
        </keypoints>
        <bndbox>
            <xmin>140</xmin>
            <ymin>165</ymin>
            <xmax>140</xmax>
            <ymax>165</ymax>
        </bndbox>
    </object>
    <object>
        <name>23</name>
        <difficult>0</difficult>
        <keypoints>
            <x1>198</x1>
            <y1>124</y1>
            <v1>2</v1>
        </keypoints>
        <bndbox>
            <xmin>198</xmin>
            <ymin>124</ymin>
            <xmax>198</xmax>
            <ymax>124</ymax>
        </bndbox>
    </object>
    <object>
        <name>8</name>
        <difficult>0</difficult>
        <keypoints>
            <x1>65</x1>
            <y1>219</y1>
            <v1>2</v1>
        </keypoints>
        <bndbox>
            <xmin>65</xmin>
            <ymin>219</ymin>
            <xmax>65</xmax>
            <ymax>219</ymax>
        </bndbox>
    </object>
    <object>
        <name>6</name>
        <difficult>0</difficult>
        <keypoints>
            <x1>38</x1>
            <y1>151</y1>
            <v1>2</v1>
        </keypoints>
        <bndbox>
            <xmin>38</xmin>
            <ymin>151</ymin>
            <xmax>38</xmax>
            <ymax>151</ymax>
        </bndbox>
    </object>
    <object>
        <name>4</name>
        <difficult>0</difficult>
        <keypoints>
            <x1>126</x1>
            <y1>106</y1>
            <v1>2</v1>
        </keypoints>
        <bndbox>
            <xmin>126</xmin>
            <ymin>106</ymin>
            <xmax>126</xmax>
            <ymax>106</ymax>
        </bndbox>
    </object>
    <object>
        <name>3</name>
        <difficult>0</difficult>
        <keypoints>
            <x1>92</x1>
            <y1>100</y1>
            <v1>2</v1>
        </keypoints>
        <bndbox>
            <xmin>92</xmin>
            <ymin>100</ymin>
            <xmax>92</xmax>
            <ymax>100</ymax>
        </bndbox>
    </object>
    <object>
        <name>2</name>
        <difficult>0</difficult>
        <keypoints>
            <x1>237</x1>
            <y1>96</y1>
            <v1>2</v1>
        </keypoints>
        <bndbox>
            <xmin>237</xmin>
            <ymin>96</ymin>
            <xmax>237</xmax>
            <ymax>96</ymax>
        </bndbox>
    </object>
    <object>
        <name>1</name>
        <difficult>0</difficult>
        <keypoints>
            <x1>133</x1>
            <y1>81</y1>
            <v1>2</v1>
        </keypoints>
        <bndbox>
            <xmin>133</xmin>
            <ymin>81</ymin>
            <xmax>133</xmax>
            <ymax>81</ymax>
        </bndbox>
    </object>
    <object>
        <name>0</name>
        <difficult>0</difficult>
        <keypoints>
            <x1>175</x1>
            <y1>61</y1>
            <v1>2</v1>
        </keypoints>
        <bndbox>
            <xmin>175</xmin>
            <ymin>61</ymin>
            <xmax>175</xmax>
            <ymax>61</ymax>
        </bndbox>
    </object>
</annotation>