<annotation>
    <folder>JPEGImages</folder>
    <filename>Liverpool [2] - 0 Manchester City.mp4_frame_260.jpg</filename>
    <size>
        <width>320</width>
        <height>320</height>
        <depth>3</depth>
    </size>
    <object>
        <name>26</name>
        <difficult>0</difficult>
        <keypoints>
            <x1>300</x1>
            <y1>186</y1>
            <v1>2</v1>
        </keypoints>
        <bndbox>
            <xmin>300</xmin>
            <ymin>186</ymin>
            <xmax>300</xmax>
            <ymax>186</ymax>
        </bndbox>
    </object>
    <object>
        <name>25</name>
        <difficult>0</difficult>
        <keypoints>
            <x1>303</x1>
            <y1>117</y1>
            <v1>2</v1>
        </keypoints>
        <bndbox>
            <xmin>303</xmin>
            <ymin>117</ymin>
            <xmax>303</xmax>
            <ymax>117</ymax>
        </bndbox>
    </object>
    <object>
        <name>23</name>
        <difficult>0</difficult>
        <keypoints>
            <x1>37</x1>
            <y1>99</y1>
            <v1>2</v1>
        </keypoints>
        <bndbox>
            <xmin>37</xmin>
            <ymin>99</ymin>
            <xmax>37</xmax>
            <ymax>99</ymax>
        </bndbox>
    </object>
    <object>
        <name>11</name>
        <difficult>0</difficult>
        <keypoints>
            <x1>302</x1>
            <y1>147</y1>
            <v1>2</v1>
        </keypoints>
        <bndbox>
            <xmin>302</xmin>
            <ymin>147</ymin>
            <xmax>302</xmax>
            <ymax>147</ymax>
        </bndbox>
    </object>
    <object>
        <name>10</name>
        <difficult>0</difficult>
        <keypoints>
            <x1>306</x1>
            <y1>63</y1>
            <v1>2</v1>
        </keypoints>
        <bndbox>
            <xmin>306</xmin>
            <ymin>63</ymin>
            <xmax>306</xmax>
            <ymax>63</ymax>
        </bndbox>
    </object>
    <object>
        <name>2</name>
        <difficult>0</difficult>
        <keypoints>
            <x1>72</x1>
            <y1>73</y1>
            <v1>2</v1>
        </keypoints>
        <bndbox>
            <xmin>72</xmin>
            <ymin>73</ymin>
            <xmax>72</xmax>
            <ymax>73</ymax>
        </bndbox>
    </object>
    <object>
        <name>0</name>
        <difficult>0</difficult>
        <keypoints>
            <x1>12</x1>
            <y1>42</y1>
            <v1>2</v1>
        </keypoints>
        <bndbox>
            <xmin>12</xmin>
            <ymin>42</ymin>
            <xmax>12</xmax>
            <ymax>42</ymax>
        </bndbox>
    </object>
</annotation>