<annotation>
    <folder>JPEGImages</folder>
    <filename>Liverpool [1] - 0 Everton.mp4_frame_260.jpg</filename>
    <size>
        <width>320</width>
        <height>320</height>
        <depth>3</depth>
    </size>
    <object>
        <name>24</name>
        <difficult>0</difficult>
        <keypoints>
            <x1>245</x1>
            <y1>207</y1>
            <v1>2</v1>
        </keypoints>
        <bndbox>
            <xmin>245</xmin>
            <ymin>207</ymin>
            <xmax>245</xmax>
            <ymax>207</ymax>
        </bndbox>
    </object>
    <object>
        <name>8</name>
        <difficult>0</difficult>
        <keypoints>
            <x1>151</x1>
            <y1>267</y1>
            <v1>2</v1>
        </keypoints>
        <bndbox>
            <xmin>151</xmin>
            <ymin>267</ymin>
            <xmax>151</xmax>
            <ymax>267</ymax>
        </bndbox>
    </object>
    <object>
        <name>6</name>
        <difficult>0</difficult>
        <keypoints>
            <x1>123</x1>
            <y1>185</y1>
            <v1>2</v1>
        </keypoints>
        <bndbox>
            <xmin>123</xmin>
            <ymin>185</ymin>
            <xmax>123</xmax>
            <ymax>185</ymax>
        </bndbox>
    </object>
    <object>
        <name>5</name>
        <difficult>0</difficult>
        <keypoints>
            <x1>78</x1>
            <y1>173</y1>
            <v1>2</v1>
        </keypoints>
        <bndbox>
            <xmin>78</xmin>
            <ymin>173</ymin>
            <xmax>78</xmax>
            <ymax>173</ymax>
        </bndbox>
    </object>
    <object>
        <name>4</name>
        <difficult>0</difficult>
        <keypoints>
            <x1>229</x1>
            <y1>132</y1>
            <v1>2</v1>
        </keypoints>
        <bndbox>
            <xmin>229</xmin>
            <ymin>132</ymin>
            <xmax>229</xmax>
            <ymax>132</ymax>
        </bndbox>
    </object>
    <object>
        <name>3</name>
        <difficult>0</difficult>
        <keypoints>
            <x1>187</x1>
            <y1>124</y1>
            <v1>2</v1>
        </keypoints>
        <bndbox>
            <xmin>187</xmin>
            <ymin>124</ymin>
            <xmax>187</xmax>
            <ymax>124</ymax>
        </bndbox>
    </object>
    <object>
        <name>1</name>
        <difficult>0</difficult>
        <keypoints>
            <x1>239</x1>
            <y1>102</y1>
            <v1>2</v1>
        </keypoints>
        <bndbox>
            <xmin>239</xmin>
            <ymin>102</ymin>
            <xmax>239</xmax>
            <ymax>102</ymax>
        </bndbox>
    </object>
    <object>
        <name>0</name>
        <difficult>0</difficult>
        <keypoints>
            <x1>293</x1>
            <y1>77</y1>
            <v1>2</v1>
        </keypoints>
        <bndbox>
            <xmin>293</xmin>
            <ymin>77</ymin>
            <xmax>293</xmax>
            <ymax>77</ymax>
        </bndbox>
    </object>
</annotation>