<annotation>
    <folder>JPEGImages</folder>
    <filename>Liverpool [1] - 0 Everton.mp4_frame_140.jpg</filename>
    <size>
        <width>320</width>
        <height>320</height>
        <depth>3</depth>
    </size>
    <object>
        <name>26</name>
        <difficult>0</difficult>
        <keypoints>
            <x1>246</x1>
            <y1>173</y1>
            <v1>2</v1>
        </keypoints>
        <bndbox>
            <xmin>246</xmin>
            <ymin>173</ymin>
            <xmax>246</xmax>
            <ymax>173</ymax>
        </bndbox>
    </object>
    <object>
        <name>25</name>
        <difficult>0</difficult>
        <keypoints>
            <x1>248</x1>
            <y1>100</y1>
            <v1>2</v1>
        </keypoints>
        <bndbox>
            <xmin>248</xmin>
            <ymin>100</ymin>
            <xmax>248</xmax>
            <ymax>100</ymax>
        </bndbox>
    </object>
    <object>
        <name>11</name>
        <difficult>0</difficult>
        <keypoints>
            <x1>248</x1>
            <y1>131</y1>
            <v1>2</v1>
        </keypoints>
        <bndbox>
            <xmin>248</xmin>
            <ymin>131</ymin>
            <xmax>248</xmax>
            <ymax>131</ymax>
        </bndbox>
    </object>
    <object>
        <name>10</name>
        <difficult>0</difficult>
        <keypoints>
            <x1>249</x1>
            <y1>40</y1>
            <v1>2</v1>
        </keypoints>
        <bndbox>
            <xmin>249</xmin>
            <ymin>40</ymin>
            <xmax>249</xmax>
            <ymax>40</ymax>
        </bndbox>
    </object>
</annotation>