<annotation>
    <folder>JPEGImages</folder>
    <filename>Liverpool [2] - 0 Manchester City.mp4_frame_50.jpg</filename>
    <size>
        <width>320</width>
        <height>320</height>
        <depth>3</depth>
    </size>
    <object>
        <name>26</name>
        <difficult>0</difficult>
        <keypoints>
            <x1>229</x1>
            <y1>276</y1>
            <v1>2</v1>
        </keypoints>
        <bndbox>
            <xmin>229</xmin>
            <ymin>276</ymin>
            <xmax>229</xmax>
            <ymax>276</ymax>
        </bndbox>
    </object>
    <object>
        <name>25</name>
        <difficult>0</difficult>
        <keypoints>
            <x1>230</x1>
            <y1>175</y1>
            <v1>2</v1>
        </keypoints>
        <bndbox>
            <xmin>230</xmin>
            <ymin>175</ymin>
            <xmax>230</xmax>
            <ymax>175</ymax>
        </bndbox>
    </object>
    <object>
        <name>11</name>
        <difficult>0</difficult>
        <keypoints>
            <x1>230</x1>
            <y1>217</y1>
            <v1>2</v1>
        </keypoints>
        <bndbox>
            <xmin>230</xmin>
            <ymin>217</ymin>
            <xmax>230</xmax>
            <ymax>217</ymax>
        </bndbox>
    </object>
    <object>
        <name>10</name>
        <difficult>0</difficult>
        <keypoints>
            <x1>231</x1>
            <y1>97</y1>
            <v1>2</v1>
        </keypoints>
        <bndbox>
            <xmin>231</xmin>
            <ymin>97</ymin>
            <xmax>231</xmax>
            <ymax>97</ymax>
        </bndbox>
    </object>
</annotation>