<annotation>
    <folder>JPEGImages</folder>
    <filename>Liverpool [2] - 0 Manchester City.mp4_frame_20.jpg</filename>
    <size>
        <width>320</width>
        <height>320</height>
        <depth>3</depth>
    </size>
    <object>
        <name>26</name>
        <difficult>0</difficult>
        <keypoints>
            <x1>104</x1>
            <y1>275</y1>
            <v1>2</v1>
        </keypoints>
        <bndbox>
            <xmin>104</xmin>
            <ymin>275</ymin>
            <xmax>104</xmax>
            <ymax>275</ymax>
        </bndbox>
    </object>
    <object>
        <name>25</name>
        <difficult>0</difficult>
        <keypoints>
            <x1>103</x1>
            <y1>177</y1>
            <v1>2</v1>
        </keypoints>
        <bndbox>
            <xmin>103</xmin>
            <ymin>177</ymin>
            <xmax>103</xmax>
            <ymax>177</ymax>
        </bndbox>
    </object>
    <object>
        <name>11</name>
        <difficult>0</difficult>
        <keypoints>
            <x1>104</x1>
            <y1>219</y1>
            <v1>2</v1>
        </keypoints>
        <bndbox>
            <xmin>104</xmin>
            <ymin>219</ymin>
            <xmax>104</xmax>
            <ymax>219</ymax>
        </bndbox>
    </object>
    <object>
        <name>10</name>
        <difficult>0</difficult>
        <keypoints>
            <x1>101</x1>
            <y1>102</y1>
            <v1>2</v1>
        </keypoints>
        <bndbox>
            <xmin>101</xmin>
            <ymin>102</ymin>
            <xmax>101</xmax>
            <ymax>102</ymax>
        </bndbox>
    </object>
</annotation>