<annotation>
    <folder>JPEGImages</folder>
    <filename>Liverpool [1] - 0 Everton.mp4_frame_0.jpg</filename>
    <size>
        <width>320</width>
        <height>320</height>
        <depth>3</depth>
    </size>
    <object>
        <name>28</name>
        <difficult>0</difficult>
        <keypoints>
            <x1>221</x1>
            <y1>207</y1>
            <v1>2</v1>
        </keypoints>
        <bndbox>
            <xmin>221</xmin>
            <ymin>207</ymin>
            <xmax>221</xmax>
            <ymax>207</ymax>
        </bndbox>
    </object>
    <object>
        <name>27</name>
        <difficult>0</difficult>
        <keypoints>
            <x1>139</x1>
            <y1>148</y1>
            <v1>2</v1>
        </keypoints>
        <bndbox>
            <xmin>139</xmin>
            <ymin>148</ymin>
            <xmax>139</xmax>
            <ymax>148</ymax>
        </bndbox>
    </object>
    <object>
        <name>17</name>
        <difficult>0</difficult>
        <keypoints>
            <x1>240</x1>
            <y1>127</y1>
            <v1>2</v1>
        </keypoints>
        <bndbox>
            <xmin>240</xmin>
            <ymin>127</ymin>
            <xmax>240</xmax>
            <ymax>127</ymax>
        </bndbox>
    </object>
    <object>
        <name>16</name>
        <difficult>0</difficult>
        <keypoints>
            <x1>289</x1>
            <y1>120</y1>
            <v1>2</v1>
        </keypoints>
        <bndbox>
            <xmin>289</xmin>
            <ymin>120</ymin>
            <xmax>289</xmax>
            <ymax>120</ymax>
        </bndbox>
    </object>
    <object>
        <name>15</name>
        <difficult>0</difficult>
        <keypoints>
            <x1>87</x1>
            <y1>111</y1>
            <v1>2</v1>
        </keypoints>
        <bndbox>
            <xmin>87</xmin>
            <ymin>111</ymin>
            <xmax>87</xmax>
            <ymax>111</ymax>
        </bndbox>
    </object>
    <object>
        <name>14</name>
        <difficult>0</difficult>
        <keypoints>
            <x1>230</x1>
            <y1>92</y1>
            <v1>2</v1>
        </keypoints>
        <bndbox>
            <xmin>230</xmin>
            <ymin>92</ymin>
            <xmax>230</xmax>
            <ymax>92</ymax>
        </bndbox>
    </object>
    <object>
        <name>13</name>
        <difficult>0</difficult>
        <keypoints>
            <x1>171</x1>
            <y1>64</y1>
            <v1>2</v1>
        </keypoints>
        <bndbox>
            <xmin>171</xmin>
            <ymin>64</ymin>
            <xmax>171</xmax>
            <ymax>64</ymax>
        </bndbox>
    </object>
</annotation>