<annotation>
    <folder>JPEGImages</folder>
    <filename>Liverpool [2] - 0 Manchester City.mp4_frame_360.jpg</filename>
    <size>
        <width>320</width>
        <height>320</height>
        <depth>3</depth>
    </size>
    <object>
        <name>24</name>
        <difficult>0</difficult>
        <keypoints>
            <x1>224</x1>
            <y1>210</y1>
            <v1>2</v1>
        </keypoints>
        <bndbox>
            <xmin>224</xmin>
            <ymin>210</ymin>
            <xmax>224</xmax>
            <ymax>210</ymax>
        </bndbox>
    </object>
    <object>
        <name>23</name>
        <difficult>0</difficult>
        <keypoints>
            <x1>302</x1>
            <y1>160</y1>
            <v1>2</v1>
        </keypoints>
        <bndbox>
            <xmin>302</xmin>
            <ymin>160</ymin>
            <xmax>302</xmax>
            <ymax>160</ymax>
        </bndbox>
    </object>
    <object>
        <name>8</name>
        <difficult>0</difficult>
        <keypoints>
            <x1>129</x1>
            <y1>274</y1>
            <v1>2</v1>
        </keypoints>
        <bndbox>
            <xmin>129</xmin>
            <ymin>274</ymin>
            <xmax>129</xmax>
            <ymax>274</ymax>
        </bndbox>
    </object>
    <object>
        <name>6</name>
        <difficult>0</difficult>
        <keypoints>
            <x1>99</x1>
            <y1>188</y1>
            <v1>2</v1>
        </keypoints>
        <bndbox>
            <xmin>99</xmin>
            <ymin>188</ymin>
            <xmax>99</xmax>
            <ymax>188</ymax>
        </bndbox>
    </object>
    <object>
        <name>5</name>
        <difficult>0</difficult>
        <keypoints>
            <x1>51</x1>
            <y1>177</y1>
            <v1>2</v1>
        </keypoints>
        <bndbox>
            <xmin>51</xmin>
            <ymin>177</ymin>
            <xmax>51</xmax>
            <ymax>177</ymax>
        </bndbox>
    </object>
    <object>
        <name>4</name>
        <difficult>0</difficult>
        <keypoints>
            <x1>206</x1>
            <y1>134</y1>
            <v1>2</v1>
        </keypoints>
        <bndbox>
            <xmin>206</xmin>
            <ymin>134</ymin>
            <xmax>206</xmax>
            <ymax>134</ymax>
        </bndbox>
    </object>
    <object>
        <name>3</name>
        <difficult>0</difficult>
        <keypoints>
            <x1>164</x1>
            <y1>126</y1>
            <v1>2</v1>
        </keypoints>
        <bndbox>
            <xmin>164</xmin>
            <ymin>126</ymin>
            <xmax>164</xmax>
            <ymax>126</ymax>
        </bndbox>
    </object>
    <object>
        <name>1</name>
        <difficult>0</difficult>
        <keypoints>
            <x1>217</x1>
            <y1>103</y1>
            <v1>2</v1>
        </keypoints>
        <bndbox>
            <xmin>217</xmin>
            <ymin>103</ymin>
            <xmax>217</xmax>
            <ymax>103</ymax>
        </bndbox>
    </object>
    <object>
        <name>0</name>
        <difficult>0</difficult>
        <keypoints>
            <x1>271</x1>
            <y1>78</y1>
            <v1>2</v1>
        </keypoints>
        <bndbox>
            <xmin>271</xmin>
            <ymin>78</ymin>
            <xmax>271</xmax>
            <ymax>78</ymax>
        </bndbox>
    </object>
</annotation>