<annotation>
    <folder>JPEGImages</folder>
    <filename>Liverpool [1] - 0 Everton.mp4_frame_60.jpg</filename>
    <size>
        <width>320</width>
        <height>320</height>
        <depth>3</depth>
    </size>
    <object>
        <name>15</name>
        <difficult>0</difficult>
        <keypoints>
            <x1>292</x1>
            <y1>84</y1>
            <v1>2</v1>
        </keypoints>
        <bndbox>
            <xmin>292</xmin>
            <ymin>84</ymin>
            <xmax>292</xmax>
            <ymax>84</ymax>
        </bndbox>
    </object>
</annotation>