<annotation>
    <folder>JPEGImages</folder>
    <filename>PL28_49.jpg</filename>
    <size>
        <width>320</width>
        <height>320</height>
        <depth>3</depth>
    </size>
    <object>
        <name>28</name>
        <difficult>0</difficult>
        <keypoints>
            <x1>71</x1>
            <y1>274</y1>
            <v1>2</v1>
        </keypoints>
        <bndbox>
            <xmin>71</xmin>
            <ymin>274</ymin>
            <xmax>71</xmax>
            <ymax>274</ymax>
        </bndbox>
    </object>
    <object>
        <name>19</name>
        <difficult>0</difficult>
        <keypoints>
            <x1>236</x1>
            <y1>247</y1>
            <v1>2</v1>
        </keypoints>
        <bndbox>
            <xmin>236</xmin>
            <ymin>247</ymin>
            <xmax>236</xmax>
            <ymax>247</ymax>
        </bndbox>
    </object>
    <object>
        <name>18</name>
        <difficult>0</difficult>
        <keypoints>
            <x1>305</x1>
            <y1>232</y1>
            <v1>2</v1>
        </keypoints>
        <bndbox>
            <xmin>305</xmin>
            <ymin>232</ymin>
            <xmax>305</xmax>
            <ymax>232</ymax>
        </bndbox>
    </object>
    <object>
        <name>17</name>
        <difficult>0</difficult>
        <keypoints>
            <x1>104</x1>
            <y1>167</y1>
            <v1>2</v1>
        </keypoints>
        <bndbox>
            <xmin>104</xmin>
            <ymin>167</ymin>
            <xmax>104</xmax>
            <ymax>167</ymax>
        </bndbox>
    </object>
    <object>
        <name>16</name>
        <difficult>0</difficult>
        <keypoints>
            <x1>162</x1>
            <y1>155</y1>
            <v1>2</v1>
        </keypoints>
        <bndbox>
            <xmin>162</xmin>
            <ymin>155</ymin>
            <xmax>162</xmax>
            <ymax>155</ymax>
        </bndbox>
    </object>
    <object>
        <name>14</name>
        <difficult>0</difficult>
        <keypoints>
            <x1>95</x1>
            <y1>120</y1>
            <v1>2</v1>
        </keypoints>
        <bndbox>
            <xmin>95</xmin>
            <ymin>120</ymin>
            <xmax>95</xmax>
            <ymax>120</ymax>
        </bndbox>
    </object>
    <object>
        <name>13</name>
        <difficult>0</difficult>
        <keypoints>
            <x1>26</x1>
            <y1>84</y1>
            <v1>2</v1>
        </keypoints>
        <bndbox>
            <xmin>26</xmin>
            <ymin>84</ymin>
            <xmax>26</xmax>
            <ymax>84</ymax>
        </bndbox>
    </object>
</annotation>