<annotation>
    <folder>JPEGImages</folder>
    <filename>PL28_39.jpg</filename>
    <size>
        <width>320</width>
        <height>320</height>
        <depth>3</depth>
    </size>
    <object>
        <name>28</name>
        <difficult>0</difficult>
        <keypoints>
            <x1>188</x1>
            <y1>166</y1>
            <v1>2</v1>
        </keypoints>
        <bndbox>
            <xmin>188</xmin>
            <ymin>166</ymin>
            <xmax>188</xmax>
            <ymax>166</ymax>
        </bndbox>
    </object>
    <object>
        <name>27</name>
        <difficult>0</difficult>
        <keypoints>
            <x1>103</x1>
            <y1>124</y1>
            <v1>2</v1>
        </keypoints>
        <bndbox>
            <xmin>103</xmin>
            <ymin>124</ymin>
            <xmax>103</xmax>
            <ymax>124</ymax>
        </bndbox>
    </object>
    <object>
        <name>21</name>
        <difficult>0</difficult>
        <keypoints>
            <x1>300</x1>
            <y1>224</y1>
            <v1>2</v1>
        </keypoints>
        <bndbox>
            <xmin>300</xmin>
            <ymin>224</ymin>
            <xmax>300</xmax>
            <ymax>224</ymax>
        </bndbox>
    </object>
    <object>
        <name>19</name>
        <difficult>0</difficult>
        <keypoints>
            <x1>286</x1>
            <y1>146</y1>
            <v1>2</v1>
        </keypoints>
        <bndbox>
            <xmin>286</xmin>
            <ymin>146</ymin>
            <xmax>286</xmax>
            <ymax>146</ymax>
        </bndbox>
    </object>
    <object>
        <name>17</name>
        <difficult>0</difficult>
        <keypoints>
            <x1>172</x1>
            <y1>102</y1>
            <v1>2</v1>
        </keypoints>
        <bndbox>
            <xmin>172</xmin>
            <ymin>102</ymin>
            <xmax>172</xmax>
            <ymax>102</ymax>
        </bndbox>
    </object>
    <object>
        <name>16</name>
        <difficult>0</difficult>
        <keypoints>
            <x1>205</x1>
            <y1>95</y1>
            <v1>2</v1>
        </keypoints>
        <bndbox>
            <xmin>205</xmin>
            <ymin>95</ymin>
            <xmax>205</xmax>
            <ymax>95</ymax>
        </bndbox>
    </object>
    <object>
        <name>15</name>
        <difficult>0</difficult>
        <keypoints>
            <x1>48</x1>
            <y1>96</y1>
            <v1>2</v1>
        </keypoints>
        <bndbox>
            <xmin>48</xmin>
            <ymin>96</ymin>
            <xmax>48</xmax>
            <ymax>96</ymax>
        </bndbox>
    </object>
    <object>
        <name>14</name>
        <difficult>0</difficult>
        <keypoints>
            <x1>152</x1>
            <y1>77</y1>
            <v1>2</v1>
        </keypoints>
        <bndbox>
            <xmin>152</xmin>
            <ymin>77</ymin>
            <xmax>152</xmax>
            <ymax>77</ymax>
        </bndbox>
    </object>
    <object>
        <name>13</name>
        <difficult>0</difficult>
        <keypoints>
            <x1>100</x1>
            <y1>59</y1>
            <v1>2</v1>
        </keypoints>
        <bndbox>
            <xmin>100</xmin>
            <ymin>59</ymin>
            <xmax>100</xmax>
            <ymax>59</ymax>
        </bndbox>
    </object>
</annotation>