<annotation>
    <folder>JPEGImages</folder>
    <filename>PL29_34.jpg</filename>
    <size>
        <width>320</width>
        <height>320</height>
        <depth>3</depth>
    </size>
    <object>
        <name>26</name>
        <difficult>0</difficult>
        <keypoints>
            <x1>281</x1>
            <y1>126</y1>
            <v1>2</v1>
        </keypoints>
        <bndbox>
            <xmin>281</xmin>
            <ymin>126</ymin>
            <xmax>281</xmax>
            <ymax>126</ymax>
        </bndbox>
    </object>
    <object>
        <name>25</name>
        <difficult>0</difficult>
        <keypoints>
            <x1>288</x1>
            <y1>66</y1>
            <v1>2</v1>
        </keypoints>
        <bndbox>
            <xmin>288</xmin>
            <ymin>66</ymin>
            <xmax>288</xmax>
            <ymax>66</ymax>
        </bndbox>
    </object>
    <object>
        <name>24</name>
        <difficult>0</difficult>
        <keypoints>
            <x1>83</x1>
            <y1>60</y1>
            <v1>2</v1>
        </keypoints>
        <bndbox>
            <xmin>83</xmin>
            <ymin>60</ymin>
            <xmax>83</xmax>
            <ymax>60</ymax>
        </bndbox>
    </object>
    <object>
        <name>23</name>
        <difficult>0</difficult>
        <keypoints>
            <x1>126</x1>
            <y1>32</y1>
            <v1>2</v1>
        </keypoints>
        <bndbox>
            <xmin>126</xmin>
            <ymin>32</ymin>
            <xmax>126</xmax>
            <ymax>32</ymax>
        </bndbox>
    </object>
    <object>
        <name>11</name>
        <difficult>0</difficult>
        <keypoints>
            <x1>285</x1>
            <y1>89</y1>
            <v1>2</v1>
        </keypoints>
        <bndbox>
            <xmin>285</xmin>
            <ymin>89</ymin>
            <xmax>285</xmax>
            <ymax>89</ymax>
        </bndbox>
    </object>
    <object>
        <name>10</name>
        <difficult>0</difficult>
        <keypoints>
            <x1>293</x1>
            <y1>27</y1>
            <v1>2</v1>
        </keypoints>
        <bndbox>
            <xmin>293</xmin>
            <ymin>27</ymin>
            <xmax>293</xmax>
            <ymax>27</ymax>
        </bndbox>
    </object>
    <object>
        <name>8</name>
        <difficult>0</difficult>
        <keypoints>
            <x1>25</x1>
            <y1>101</y1>
            <v1>2</v1>
        </keypoints>
        <bndbox>
            <xmin>25</xmin>
            <ymin>101</ymin>
            <xmax>25</xmax>
            <ymax>101</ymax>
        </bndbox>
    </object>
    <object>
        <name>6</name>
        <difficult>0</difficult>
        <keypoints>
            <x1>34</x1>
            <y1>54</y1>
            <v1>2</v1>
        </keypoints>
        <bndbox>
            <xmin>34</xmin>
            <ymin>54</ymin>
            <xmax>34</xmax>
            <ymax>54</ymax>
        </bndbox>
    </object>
    <object>
        <name>5</name>
        <difficult>0</difficult>
        <keypoints>
            <x1>16</x1>
            <y1>49</y1>
            <v1>2</v1>
        </keypoints>
        <bndbox>
            <xmin>16</xmin>
            <ymin>49</ymin>
            <xmax>16</xmax>
            <ymax>49</ymax>
        </bndbox>
    </object>
    <object>
        <name>4</name>
        <difficult>0</difficult>
        <keypoints>
            <x1>92</x1>
            <y1>23</y1>
            <v1>2</v1>
        </keypoints>
        <bndbox>
            <xmin>92</xmin>
            <ymin>23</ymin>
            <xmax>92</xmax>
            <ymax>23</ymax>
        </bndbox>
    </object>
    <object>
        <name>3</name>
        <difficult>0</difficult>
        <keypoints>
            <x1>77</x1>
            <y1>20</y1>
            <v1>2</v1>
        </keypoints>
        <bndbox>
            <xmin>77</xmin>
            <ymin>20</ymin>
            <xmax>77</xmax>
            <ymax>20</ymax>
        </bndbox>
    </object>
    <object>
        <name>2</name>
        <difficult>0</difficult>
        <keypoints>
            <x1>152</x1>
            <y1>17</y1>
            <v1>2</v1>
        </keypoints>
        <bndbox>
            <xmin>152</xmin>
            <ymin>17</ymin>
            <xmax>152</xmax>
            <ymax>17</ymax>
        </bndbox>
    </object>
    <object>
        <name>1</name>
        <difficult>0</difficult>
        <keypoints>
            <x1>102</x1>
            <y1>8</y1>
            <v1>2</v1>
        </keypoints>
        <bndbox>
            <xmin>102</xmin>
            <ymin>8</ymin>
            <xmax>102</xmax>
            <ymax>8</ymax>
        </bndbox>
    </object>
</annotation>