<annotation>
    <folder>JPEGImages</folder>
    <filename>PL29_06.jpg</filename>
    <size>
        <width>320</width>
        <height>320</height>
        <depth>3</depth>
    </size>
    <object>
        <name>28</name>
        <difficult>0</difficult>
        <keypoints>
            <x1>168</x1>
            <y1>184</y1>
            <v1>2</v1>
        </keypoints>
        <bndbox>
            <xmin>168</xmin>
            <ymin>184</ymin>
            <xmax>168</xmax>
            <ymax>184</ymax>
        </bndbox>
    </object>
    <object>
        <name>27</name>
        <difficult>0</difficult>
        <keypoints>
            <x1>54</x1>
            <y1>150</y1>
            <v1>2</v1>
        </keypoints>
        <bndbox>
            <xmin>54</xmin>
            <ymin>150</ymin>
            <xmax>54</xmax>
            <ymax>150</ymax>
        </bndbox>
    </object>
    <object>
        <name>21</name>
        <difficult>0</difficult>
        <keypoints>
            <x1>317</x1>
            <y1>230</y1>
            <v1>2</v1>
        </keypoints>
        <bndbox>
            <xmin>317</xmin>
            <ymin>230</ymin>
            <xmax>317</xmax>
            <ymax>230</ymax>
        </bndbox>
    </object>
    <object>
        <name>19</name>
        <difficult>0</difficult>
        <keypoints>
            <x1>300</x1>
            <y1>166</y1>
            <v1>2</v1>
        </keypoints>
        <bndbox>
            <xmin>300</xmin>
            <ymin>166</ymin>
            <xmax>300</xmax>
            <ymax>166</ymax>
        </bndbox>
    </object>
    <object>
        <name>17</name>
        <difficult>0</difficult>
        <keypoints>
            <x1>147</x1>
            <y1>131</y1>
            <v1>2</v1>
        </keypoints>
        <bndbox>
            <xmin>147</xmin>
            <ymin>131</ymin>
            <xmax>147</xmax>
            <ymax>131</ymax>
        </bndbox>
    </object>
    <object>
        <name>16</name>
        <difficult>0</difficult>
        <keypoints>
            <x1>190</x1>
            <y1>125</y1>
            <v1>2</v1>
        </keypoints>
        <bndbox>
            <xmin>190</xmin>
            <ymin>125</ymin>
            <xmax>190</xmax>
            <ymax>125</ymax>
        </bndbox>
    </object>
    <object>
        <name>14</name>
        <difficult>0</difficult>
        <keypoints>
            <x1>123</x1>
            <y1>112</y1>
            <v1>2</v1>
        </keypoints>
        <bndbox>
            <xmin>123</xmin>
            <ymin>112</ymin>
            <xmax>123</xmax>
            <ymax>112</ymax>
        </bndbox>
    </object>
    <object>
        <name>13</name>
        <difficult>0</difficult>
        <keypoints>
            <x1>54</x1>
            <y1>97</y1>
            <v1>2</v1>
        </keypoints>
        <bndbox>
            <xmin>54</xmin>
            <ymin>97</ymin>
            <xmax>54</xmax>
            <ymax>97</ymax>
        </bndbox>
    </object>
</annotation>