<annotation>
    <folder>JPEGImages</folder>
    <filename>PL29_38.jpg</filename>
    <size>
        <width>320</width>
        <height>320</height>
        <depth>3</depth>
    </size>
    <object>
        <name>24</name>
        <difficult>0</difficult>
        <keypoints>
            <x1>147</x1>
            <y1>130</y1>
            <v1>2</v1>
        </keypoints>
        <bndbox>
            <xmin>147</xmin>
            <ymin>130</ymin>
            <xmax>147</xmax>
            <ymax>130</ymax>
        </bndbox>
    </object>
    <object>
        <name>23</name>
        <difficult>0</difficult>
        <keypoints>
            <x1>213</x1>
            <y1>96</y1>
            <v1>2</v1>
        </keypoints>
        <bndbox>
            <xmin>213</xmin>
            <ymin>96</ymin>
            <xmax>213</xmax>
            <ymax>96</ymax>
        </bndbox>
    </object>
    <object>
        <name>8</name>
        <difficult>0</difficult>
        <keypoints>
            <x1>62</x1>
            <y1>175</y1>
            <v1>2</v1>
        </keypoints>
        <bndbox>
            <xmin>62</xmin>
            <ymin>175</ymin>
            <xmax>62</xmax>
            <ymax>175</ymax>
        </bndbox>
    </object>
    <object>
        <name>6</name>
        <difficult>0</difficult>
        <keypoints>
            <x1>78</x1>
            <y1>111</y1>
            <v1>2</v1>
        </keypoints>
        <bndbox>
            <xmin>78</xmin>
            <ymin>111</ymin>
            <xmax>78</xmax>
            <ymax>111</ymax>
        </bndbox>
    </object>
    <object>
        <name>5</name>
        <difficult>0</difficult>
        <keypoints>
            <x1>55</x1>
            <y1>100</y1>
            <v1>2</v1>
        </keypoints>
        <bndbox>
            <xmin>55</xmin>
            <ymin>100</ymin>
            <xmax>55</xmax>
            <ymax>100</ymax>
        </bndbox>
    </object>
    <object>
        <name>4</name>
        <difficult>0</difficult>
        <keypoints>
            <x1>164</x1>
            <y1>76</y1>
            <v1>2</v1>
        </keypoints>
        <bndbox>
            <xmin>164</xmin>
            <ymin>76</ymin>
            <xmax>164</xmax>
            <ymax>76</ymax>
        </bndbox>
    </object>
    <object>
        <name>3</name>
        <difficult>0</difficult>
        <keypoints>
            <x1>141</x1>
            <y1>70</y1>
            <v1>2</v1>
        </keypoints>
        <bndbox>
            <xmin>141</xmin>
            <ymin>70</ymin>
            <xmax>141</xmax>
            <ymax>70</ymax>
        </bndbox>
    </object>
    <object>
        <name>2</name>
        <difficult>0</difficult>
        <keypoints>
            <x1>255</x1>
            <y1>76</y1>
            <v1>2</v1>
        </keypoints>
        <bndbox>
            <xmin>255</xmin>
            <ymin>76</ymin>
            <xmax>255</xmax>
            <ymax>76</ymax>
        </bndbox>
    </object>
    <object>
        <name>1</name>
        <difficult>0</difficult>
        <keypoints>
            <x1>181</x1>
            <y1>57</y1>
            <v1>2</v1>
        </keypoints>
        <bndbox>
            <xmin>181</xmin>
            <ymin>57</ymin>
            <xmax>181</xmax>
            <ymax>57</ymax>
        </bndbox>
    </object>
    <object>
        <name>0</name>
        <difficult>0</difficult>
        <keypoints>
            <x1>218</x1>
            <y1>45</y1>
            <v1>2</v1>
        </keypoints>
        <bndbox>
            <xmin>218</xmin>
            <ymin>45</ymin>
            <xmax>218</xmax>
            <ymax>45</ymax>
        </bndbox>
    </object>
</annotation>