<annotation>
    <folder>JPEGImages</folder>
    <filename>PL31_14.jpg</filename>
    <size>
        <width>320</width>
        <height>320</height>
        <depth>3</depth>
    </size>
    <object>
        <name>24</name>
        <difficult>0</difficult>
        <keypoints>
            <x1>151</x1>
            <y1>214</y1>
            <v1>2</v1>
        </keypoints>
        <bndbox>
            <xmin>151</xmin>
            <ymin>214</ymin>
            <xmax>151</xmax>
            <ymax>214</ymax>
        </bndbox>
    </object>
    <object>
        <name>23</name>
        <difficult>0</difficult>
        <keypoints>
            <x1>242</x1>
            <y1>164</y1>
            <v1>2</v1>
        </keypoints>
        <bndbox>
            <xmin>242</xmin>
            <ymin>164</ymin>
            <xmax>242</xmax>
            <ymax>164</ymax>
        </bndbox>
    </object>
    <object>
        <name>8</name>
        <difficult>0</difficult>
        <keypoints>
            <x1>41</x1>
            <y1>279</y1>
            <v1>2</v1>
        </keypoints>
        <bndbox>
            <xmin>41</xmin>
            <ymin>279</ymin>
            <xmax>41</xmax>
            <ymax>279</ymax>
        </bndbox>
    </object>
    <object>
        <name>4</name>
        <difficult>0</difficult>
        <keypoints>
            <x1>123</x1>
            <y1>144</y1>
            <v1>2</v1>
        </keypoints>
        <bndbox>
            <xmin>123</xmin>
            <ymin>144</ymin>
            <xmax>123</xmax>
            <ymax>144</ymax>
        </bndbox>
    </object>
    <object>
        <name>3</name>
        <difficult>0</difficult>
        <keypoints>
            <x1>65</x1>
            <y1>137</y1>
            <v1>2</v1>
        </keypoints>
        <bndbox>
            <xmin>65</xmin>
            <ymin>137</ymin>
            <xmax>65</xmax>
            <ymax>137</ymax>
        </bndbox>
    </object>
    <object>
        <name>2</name>
        <difficult>0</difficult>
        <keypoints>
            <x1>303</x1>
            <y1>130</y1>
            <v1>2</v1>
        </keypoints>
        <bndbox>
            <xmin>303</xmin>
            <ymin>130</ymin>
            <xmax>303</xmax>
            <ymax>130</ymax>
        </bndbox>
    </object>
    <object>
        <name>1</name>
        <difficult>0</difficult>
        <keypoints>
            <x1>131</x1>
            <y1>114</y1>
            <v1>2</v1>
        </keypoints>
        <bndbox>
            <xmin>131</xmin>
            <ymin>114</ymin>
            <xmax>131</xmax>
            <ymax>114</ymax>
        </bndbox>
    </object>
    <object>
        <name>0</name>
        <difficult>0</difficult>
        <keypoints>
            <x1>196</x1>
            <y1>90</y1>
            <v1>2</v1>
        </keypoints>
        <bndbox>
            <xmin>196</xmin>
            <ymin>90</ymin>
            <xmax>196</xmax>
            <ymax>90</ymax>
        </bndbox>
    </object>
</annotation>