<annotation>
    <folder>JPEGImages</folder>
    <filename>PL31_08.jpg</filename>
    <size>
        <width>320</width>
        <height>320</height>
        <depth>3</depth>
    </size>
    <object>
        <name>26</name>
        <difficult>0</difficult>
        <keypoints>
            <x1>218</x1>
            <y1>249</y1>
            <v1>2</v1>
        </keypoints>
        <bndbox>
            <xmin>218</xmin>
            <ymin>249</ymin>
            <xmax>218</xmax>
            <ymax>249</ymax>
        </bndbox>
    </object>
    <object>
        <name>25</name>
        <difficult>0</difficult>
        <keypoints>
            <x1>218</x1>
            <y1>170</y1>
            <v1>2</v1>
        </keypoints>
        <bndbox>
            <xmin>218</xmin>
            <ymin>170</ymin>
            <xmax>218</xmax>
            <ymax>170</ymax>
        </bndbox>
    </object>
    <object>
        <name>11</name>
        <difficult>0</difficult>
        <keypoints>
            <x1>219</x1>
            <y1>202</y1>
            <v1>2</v1>
        </keypoints>
        <bndbox>
            <xmin>219</xmin>
            <ymin>202</ymin>
            <xmax>219</xmax>
            <ymax>202</ymax>
        </bndbox>
    </object>
    <object>
        <name>10</name>
        <difficult>0</difficult>
        <keypoints>
            <x1>218</x1>
            <y1>105</y1>
            <v1>2</v1>
        </keypoints>
        <bndbox>
            <xmin>218</xmin>
            <ymin>105</ymin>
            <xmax>218</xmax>
            <ymax>105</ymax>
        </bndbox>
    </object>
</annotation>