<annotation>
    <folder>JPEGImages</folder>
    <filename>PL31_43.jpg</filename>
    <size>
        <width>320</width>
        <height>320</height>
        <depth>3</depth>
    </size>
    <object>
        <name>28</name>
        <difficult>0</difficult>
        <keypoints>
            <x1>266</x1>
            <y1>205</y1>
            <v1>2</v1>
        </keypoints>
        <bndbox>
            <xmin>266</xmin>
            <ymin>205</ymin>
            <xmax>266</xmax>
            <ymax>205</ymax>
        </bndbox>
    </object>
    <object>
        <name>27</name>
        <difficult>0</difficult>
        <keypoints>
            <x1>189</x1>
            <y1>155</y1>
            <v1>2</v1>
        </keypoints>
        <bndbox>
            <xmin>189</xmin>
            <ymin>155</ymin>
            <xmax>189</xmax>
            <ymax>155</ymax>
        </bndbox>
    </object>
    <object>
        <name>17</name>
        <difficult>0</difficult>
        <keypoints>
            <x1>281</x1>
            <y1>134</y1>
            <v1>2</v1>
        </keypoints>
        <bndbox>
            <xmin>281</xmin>
            <ymin>134</ymin>
            <xmax>281</xmax>
            <ymax>134</ymax>
        </bndbox>
    </object>
    <object>
        <name>15</name>
        <difficult>0</difficult>
        <keypoints>
            <x1>141</x1>
            <y1>122</y1>
            <v1>2</v1>
        </keypoints>
        <bndbox>
            <xmin>141</xmin>
            <ymin>122</ymin>
            <xmax>141</xmax>
            <ymax>122</ymax>
        </bndbox>
    </object>
    <object>
        <name>14</name>
        <difficult>0</difficult>
        <keypoints>
            <x1>273</x1>
            <y1>103</y1>
            <v1>2</v1>
        </keypoints>
        <bndbox>
            <xmin>273</xmin>
            <ymin>103</ymin>
            <xmax>273</xmax>
            <ymax>103</ymax>
        </bndbox>
    </object>
    <object>
        <name>13</name>
        <difficult>0</difficult>
        <keypoints>
            <x1>219</x1>
            <y1>79</y1>
            <v1>2</v1>
        </keypoints>
        <bndbox>
            <xmin>219</xmin>
            <ymin>79</ymin>
            <xmax>219</xmax>
            <ymax>79</ymax>
        </bndbox>
    </object>
</annotation>