<annotation>
    <folder>JPEGImages</folder>
    <filename>PL32_40.jpg</filename>
    <size>
        <width>320</width>
        <height>320</height>
        <depth>3</depth>
    </size>
    <object>
        <name>28</name>
        <difficult>0</difficult>
        <keypoints>
            <x1>183</x1>
            <y1>158</y1>
            <v1>2</v1>
        </keypoints>
        <bndbox>
            <xmin>183</xmin>
            <ymin>158</ymin>
            <xmax>183</xmax>
            <ymax>158</ymax>
        </bndbox>
    </object>
    <object>
        <name>27</name>
        <difficult>0</difficult>
        <keypoints>
            <x1>121</x1>
            <y1>120</y1>
            <v1>2</v1>
        </keypoints>
        <bndbox>
            <xmin>121</xmin>
            <ymin>120</ymin>
            <xmax>121</xmax>
            <ymax>120</ymax>
        </bndbox>
    </object>
    <object>
        <name>21</name>
        <difficult>0</difficult>
        <keypoints>
            <x1>263</x1>
            <y1>208</y1>
            <v1>2</v1>
        </keypoints>
        <bndbox>
            <xmin>263</xmin>
            <ymin>208</ymin>
            <xmax>263</xmax>
            <ymax>208</ymax>
        </bndbox>
    </object>
    <object>
        <name>19</name>
        <difficult>0</difficult>
        <keypoints>
            <x1>286</x1>
            <y1>148</y1>
            <v1>2</v1>
        </keypoints>
        <bndbox>
            <xmin>286</xmin>
            <ymin>148</ymin>
            <xmax>286</xmax>
            <ymax>148</ymax>
        </bndbox>
    </object>
    <object>
        <name>17</name>
        <difficult>0</difficult>
        <keypoints>
            <x1>196</x1>
            <y1>105</y1>
            <v1>2</v1>
        </keypoints>
        <bndbox>
            <xmin>196</xmin>
            <ymin>105</ymin>
            <xmax>196</xmax>
            <ymax>105</ymax>
        </bndbox>
    </object>
    <object>
        <name>16</name>
        <difficult>0</difficult>
        <keypoints>
            <x1>230</x1>
            <y1>100</y1>
            <v1>2</v1>
        </keypoints>
        <bndbox>
            <xmin>230</xmin>
            <ymin>100</ymin>
            <xmax>230</xmax>
            <ymax>100</ymax>
        </bndbox>
    </object>
    <object>
        <name>15</name>
        <difficult>0</difficult>
        <keypoints>
            <x1>81</x1>
            <y1>95</y1>
            <v1>2</v1>
        </keypoints>
        <bndbox>
            <xmin>81</xmin>
            <ymin>95</ymin>
            <xmax>81</xmax>
            <ymax>95</ymax>
        </bndbox>
    </object>
    <object>
        <name>14</name>
        <difficult>0</difficult>
        <keypoints>
            <x1>187</x1>
            <y1>82</y1>
            <v1>2</v1>
        </keypoints>
        <bndbox>
            <xmin>187</xmin>
            <ymin>82</ymin>
            <xmax>187</xmax>
            <ymax>82</ymax>
        </bndbox>
    </object>
    <object>
        <name>13</name>
        <difficult>0</difficult>
        <keypoints>
            <x1>144</x1>
            <y1>63</y1>
            <v1>2</v1>
        </keypoints>
        <bndbox>
            <xmin>144</xmin>
            <ymin>63</ymin>
            <xmax>144</xmax>
            <ymax>63</ymax>
        </bndbox>
    </object>
</annotation>