<annotation>
    <folder>JPEGImages</folder>
    <filename>PL32_16.jpg</filename>
    <size>
        <width>320</width>
        <height>320</height>
        <depth>3</depth>
    </size>
    <object>
        <name>24</name>
        <difficult>0</difficult>
        <keypoints>
            <x1>69</x1>
            <y1>156</y1>
            <v1>2</v1>
        </keypoints>
        <bndbox>
            <xmin>69</xmin>
            <ymin>156</ymin>
            <xmax>69</xmax>
            <ymax>156</ymax>
        </bndbox>
    </object>
    <object>
        <name>23</name>
        <difficult>0</difficult>
        <keypoints>
            <x1>133</x1>
            <y1>84</y1>
            <v1>2</v1>
        </keypoints>
        <bndbox>
            <xmin>133</xmin>
            <ymin>84</ymin>
            <xmax>133</xmax>
            <ymax>84</ymax>
        </bndbox>
    </object>
    <object>
        <name>4</name>
        <difficult>0</difficult>
        <keypoints>
            <x1>38</x1>
            <y1>60</y1>
            <v1>2</v1>
        </keypoints>
        <bndbox>
            <xmin>38</xmin>
            <ymin>60</ymin>
            <xmax>38</xmax>
            <ymax>60</ymax>
        </bndbox>
    </object>
    <object>
        <name>2</name>
        <difficult>0</difficult>
        <keypoints>
            <x1>174</x1>
            <y1>34</y1>
            <v1>2</v1>
        </keypoints>
        <bndbox>
            <xmin>174</xmin>
            <ymin>34</ymin>
            <xmax>174</xmax>
            <ymax>34</ymax>
        </bndbox>
    </object>
    <object>
        <name>1</name>
        <difficult>0</difficult>
        <keypoints>
            <x1>40</x1>
            <y1>14</y1>
            <v1>2</v1>
        </keypoints>
        <bndbox>
            <xmin>40</xmin>
            <ymin>14</ymin>
            <xmax>40</xmax>
            <ymax>14</ymax>
        </bndbox>
    </object>
</annotation>