<annotation>
    <folder>JPEGImages</folder>
    <filename>PL33_17.jpg</filename>
    <size>
        <width>320</width>
        <height>320</height>
        <depth>3</depth>
    </size>
    <object>
        <name>26</name>
        <difficult>0</difficult>
        <keypoints>
            <x1>139</x1>
            <y1>224</y1>
            <v1>2</v1>
        </keypoints>
        <bndbox>
            <xmin>139</xmin>
            <ymin>224</ymin>
            <xmax>139</xmax>
            <ymax>224</ymax>
        </bndbox>
    </object>
    <object>
        <name>25</name>
        <difficult>0</difficult>
        <keypoints>
            <x1>138</x1>
            <y1>132</y1>
            <v1>2</v1>
        </keypoints>
        <bndbox>
            <xmin>138</xmin>
            <ymin>132</ymin>
            <xmax>138</xmax>
            <ymax>132</ymax>
        </bndbox>
    </object>
    <object>
        <name>11</name>
        <difficult>0</difficult>
        <keypoints>
            <x1>138</x1>
            <y1>169</y1>
            <v1>2</v1>
        </keypoints>
        <bndbox>
            <xmin>138</xmin>
            <ymin>169</ymin>
            <xmax>138</xmax>
            <ymax>169</ymax>
        </bndbox>
    </object>
    <object>
        <name>10</name>
        <difficult>0</difficult>
        <keypoints>
            <x1>136</x1>
            <y1>68</y1>
            <v1>2</v1>
        </keypoints>
        <bndbox>
            <xmin>136</xmin>
            <ymin>68</ymin>
            <xmax>136</xmax>
            <ymax>68</ymax>
        </bndbox>
    </object>
</annotation>