<annotation>
    <folder>JPEGImages</folder>
    <filename>PL33_22.jpg</filename>
    <size>
        <width>320</width>
        <height>320</height>
        <depth>3</depth>
    </size>
    <object>
        <name>24</name>
        <difficult>0</difficult>
        <keypoints>
            <x1>82</x1>
            <y1>138</y1>
            <v1>2</v1>
        </keypoints>
        <bndbox>
            <xmin>82</xmin>
            <ymin>138</ymin>
            <xmax>82</xmax>
            <ymax>138</ymax>
        </bndbox>
    </object>
    <object>
        <name>23</name>
        <difficult>0</difficult>
        <keypoints>
            <x1>167</x1>
            <y1>94</y1>
            <v1>2</v1>
        </keypoints>
        <bndbox>
            <xmin>167</xmin>
            <ymin>94</ymin>
            <xmax>167</xmax>
            <ymax>94</ymax>
        </bndbox>
    </object>
    <object>
        <name>4</name>
        <difficult>0</difficult>
        <keypoints>
            <x1>97</x1>
            <y1>72</y1>
            <v1>2</v1>
        </keypoints>
        <bndbox>
            <xmin>97</xmin>
            <ymin>72</ymin>
            <xmax>97</xmax>
            <ymax>72</ymax>
        </bndbox>
    </object>
    <object>
        <name>3</name>
        <difficult>0</difficult>
        <keypoints>
            <x1>63</x1>
            <y1>65</y1>
            <v1>2</v1>
        </keypoints>
        <bndbox>
            <xmin>63</xmin>
            <ymin>65</ymin>
            <xmax>63</xmax>
            <ymax>65</ymax>
        </bndbox>
    </object>
    <object>
        <name>2</name>
        <difficult>0</difficult>
        <keypoints>
            <x1>221</x1>
            <y1>65</y1>
            <v1>2</v1>
        </keypoints>
        <bndbox>
            <xmin>221</xmin>
            <ymin>65</ymin>
            <xmax>221</xmax>
            <ymax>65</ymax>
        </bndbox>
    </object>
    <object>
        <name>1</name>
        <difficult>0</difficult>
        <keypoints>
            <x1>116</x1>
            <y1>47</y1>
            <v1>2</v1>
        </keypoints>
        <bndbox>
            <xmin>116</xmin>
            <ymin>47</ymin>
            <xmax>116</xmax>
            <ymax>47</ymax>
        </bndbox>
    </object>
    <object>
        <name>0</name>
        <difficult>0</difficult>
        <keypoints>
            <x1>169</x1>
            <y1>28</y1>
            <v1>2</v1>
        </keypoints>
        <bndbox>
            <xmin>169</xmin>
            <ymin>28</ymin>
            <xmax>169</xmax>
            <ymax>28</ymax>
        </bndbox>
    </object>
</annotation>