<annotation>
    <folder>JPEGImages</folder>
    <filename>PL34_34.jpg</filename>
    <size>
        <width>320</width>
        <height>320</height>
        <depth>3</depth>
    </size>
    <object>
        <name>28</name>
        <difficult>0</difficult>
        <keypoints>
            <x1>147</x1>
            <y1>75</y1>
            <v1>2</v1>
        </keypoints>
        <bndbox>
            <xmin>147</xmin>
            <ymin>75</ymin>
            <xmax>147</xmax>
            <ymax>75</ymax>
        </bndbox>
    </object>
    <object>
        <name>27</name>
        <difficult>0</difficult>
        <keypoints>
            <x1>78</x1>
            <y1>45</y1>
            <v1>2</v1>
        </keypoints>
        <bndbox>
            <xmin>78</xmin>
            <ymin>45</ymin>
            <xmax>78</xmax>
            <ymax>45</ymax>
        </bndbox>
    </object>
    <object>
        <name>21</name>
        <difficult>0</difficult>
        <keypoints>
            <x1>238</x1>
            <y1>112</y1>
            <v1>2</v1>
        </keypoints>
        <bndbox>
            <xmin>238</xmin>
            <ymin>112</ymin>
            <xmax>238</xmax>
            <ymax>112</ymax>
        </bndbox>
    </object>
    <object>
        <name>19</name>
        <difficult>0</difficult>
        <keypoints>
            <x1>233</x1>
            <y1>59</y1>
            <v1>2</v1>
        </keypoints>
        <bndbox>
            <xmin>233</xmin>
            <ymin>59</ymin>
            <xmax>233</xmax>
            <ymax>59</ymax>
        </bndbox>
    </object>
    <object>
        <name>18</name>
        <difficult>0</difficult>
        <keypoints>
            <x1>264</x1>
            <y1>50</y1>
            <v1>2</v1>
        </keypoints>
        <bndbox>
            <xmin>264</xmin>
            <ymin>50</ymin>
            <xmax>264</xmax>
            <ymax>50</ymax>
        </bndbox>
    </object>
    <object>
        <name>17</name>
        <difficult>0</difficult>
        <keypoints>
            <x1>139</x1>
            <y1>29</y1>
            <v1>2</v1>
        </keypoints>
        <bndbox>
            <xmin>139</xmin>
            <ymin>29</ymin>
            <xmax>139</xmax>
            <ymax>29</ymax>
        </bndbox>
    </object>
    <object>
        <name>16</name>
        <difficult>0</difficult>
        <keypoints>
            <x1>167</x1>
            <y1>23</y1>
            <v1>2</v1>
        </keypoints>
        <bndbox>
            <xmin>167</xmin>
            <ymin>23</ymin>
            <xmax>167</xmax>
            <ymax>23</ymax>
        </bndbox>
    </object>
    <object>
        <name>15</name>
        <difficult>0</difficult>
        <keypoints>
            <x1>30</x1>
            <y1>23</y1>
            <v1>2</v1>
        </keypoints>
        <bndbox>
            <xmin>30</xmin>
            <ymin>23</ymin>
            <xmax>30</xmax>
            <ymax>23</ymax>
        </bndbox>
    </object>
    <object>
        <name>14</name>
        <difficult>0</difficult>
        <keypoints>
            <x1>124</x1>
            <y1>10</y1>
            <v1>2</v1>
        </keypoints>
        <bndbox>
            <xmin>124</xmin>
            <ymin>10</ymin>
            <xmax>124</xmax>
            <ymax>10</ymax>
        </bndbox>
    </object>
</annotation>