<annotation>
    <folder>JPEGImages</folder>
    <filename>PL37_12 1.jpg</filename>
    <size>
        <width>320</width>
        <height>320</height>
        <depth>3</depth>
    </size>
    <object>
        <name>26</name>
        <difficult>0</difficult>
        <keypoints>
            <x1>49</x1>
            <y1>280</y1>
            <v1>2</v1>
        </keypoints>
        <bndbox>
            <xmin>49</xmin>
            <ymin>280</ymin>
            <xmax>49</xmax>
            <ymax>280</ymax>
        </bndbox>
    </object>
    <object>
        <name>25</name>
        <difficult>0</difficult>
        <keypoints>
            <x1>49</x1>
            <y1>182</y1>
            <v1>2</v1>
        </keypoints>
        <bndbox>
            <xmin>49</xmin>
            <ymin>182</ymin>
            <xmax>49</xmax>
            <ymax>182</ymax>
        </bndbox>
    </object>
    <object>
        <name>11</name>
        <difficult>0</difficult>
        <keypoints>
            <x1>49</x1>
            <y1>224</y1>
            <v1>2</v1>
        </keypoints>
        <bndbox>
            <xmin>49</xmin>
            <ymin>224</ymin>
            <xmax>49</xmax>
            <ymax>224</ymax>
        </bndbox>
    </object>
    <object>
        <name>10</name>
        <difficult>0</difficult>
        <keypoints>
            <x1>47</x1>
            <y1>107</y1>
            <v1>2</v1>
        </keypoints>
        <bndbox>
            <xmin>47</xmin>
            <ymin>107</ymin>
            <xmax>47</xmax>
            <ymax>107</ymax>
        </bndbox>
    </object>
</annotation>