<annotation>
    <folder>JPEGImages</folder>
    <filename>PL38_08.jpg</filename>
    <size>
        <width>320</width>
        <height>320</height>
        <depth>3</depth>
    </size>
    <object>
        <name>15</name>
        <difficult>0</difficult>
        <keypoints>
            <x1>278</x1>
            <y1>118</y1>
            <v1>2</v1>
        </keypoints>
        <bndbox>
            <xmin>278</xmin>
            <ymin>118</ymin>
            <xmax>278</xmax>
            <ymax>118</ymax>
        </bndbox>
    </object>
</annotation>