<annotation>
    <folder>JPEGImages</folder>
    <filename>PL39_36.jpg</filename>
    <size>
        <width>320</width>
        <height>320</height>
        <depth>3</depth>
    </size>
    <object>
        <name>26</name>
        <difficult>0</difficult>
        <keypoints>
            <x1>30</x1>
            <y1>206</y1>
            <v1>2</v1>
        </keypoints>
        <bndbox>
            <xmin>30</xmin>
            <ymin>206</ymin>
            <xmax>30</xmax>
            <ymax>206</ymax>
        </bndbox>
    </object>
    <object>
        <name>25</name>
        <difficult>0</difficult>
        <keypoints>
            <x1>31</x1>
            <y1>122</y1>
            <v1>2</v1>
        </keypoints>
        <bndbox>
            <xmin>31</xmin>
            <ymin>122</ymin>
            <xmax>31</xmax>
            <ymax>122</ymax>
        </bndbox>
    </object>
    <object>
        <name>11</name>
        <difficult>0</difficult>
        <keypoints>
            <x1>30</x1>
            <y1>156</y1>
            <v1>2</v1>
        </keypoints>
        <bndbox>
            <xmin>30</xmin>
            <ymin>156</ymin>
            <xmax>30</xmax>
            <ymax>156</ymax>
        </bndbox>
    </object>
    <object>
        <name>10</name>
        <difficult>0</difficult>
        <keypoints>
            <x1>28</x1>
            <y1>66</y1>
            <v1>2</v1>
        </keypoints>
        <bndbox>
            <xmin>28</xmin>
            <ymin>66</ymin>
            <xmax>28</xmax>
            <ymax>66</ymax>
        </bndbox>
    </object>
</annotation>