<annotation>
    <folder>JPEGImages</folder>
    <filename>PL39_58.jpg</filename>
    <size>
        <width>320</width>
        <height>320</height>
        <depth>3</depth>
    </size>
    <object>
        <name>27</name>
        <difficult>0</difficult>
        <keypoints>
            <x1>296</x1>
            <y1>55</y1>
            <v1>2</v1>
        </keypoints>
        <bndbox>
            <xmin>296</xmin>
            <ymin>55</ymin>
            <xmax>296</xmax>
            <ymax>55</ymax>
        </bndbox>
    </object>
    <object>
        <name>26</name>
        <difficult>0</difficult>
        <keypoints>
            <x1>204</x1>
            <y1>126</y1>
            <v1>2</v1>
        </keypoints>
        <bndbox>
            <xmin>204</xmin>
            <ymin>126</ymin>
            <xmax>204</xmax>
            <ymax>126</ymax>
        </bndbox>
    </object>
    <object>
        <name>25</name>
        <difficult>0</difficult>
        <keypoints>
            <x1>167</x1>
            <y1>77</y1>
            <v1>2</v1>
        </keypoints>
        <bndbox>
            <xmin>167</xmin>
            <ymin>77</ymin>
            <xmax>167</xmax>
            <ymax>77</ymax>
        </bndbox>
    </object>
    <object>
        <name>24</name>
        <difficult>0</difficult>
        <keypoints>
            <x1>9</x1>
            <y1>171</y1>
            <v1>2</v1>
        </keypoints>
        <bndbox>
            <xmin>9</xmin>
            <ymin>171</ymin>
            <xmax>9</xmax>
            <ymax>171</ymax>
        </bndbox>
    </object>
    <object>
        <name>23</name>
        <difficult>0</difficult>
        <keypoints>
            <x1>6</x1>
            <y1>119</y1>
            <v1>2</v1>
        </keypoints>
        <bndbox>
            <xmin>6</xmin>
            <ymin>119</ymin>
            <xmax>6</xmax>
            <ymax>119</ymax>
        </bndbox>
    </object>
    <object>
        <name>15</name>
        <difficult>0</difficult>
        <keypoints>
            <x1>266</x1>
            <y1>34</y1>
            <v1>2</v1>
        </keypoints>
        <bndbox>
            <xmin>266</xmin>
            <ymin>34</ymin>
            <xmax>266</xmax>
            <ymax>34</ymax>
        </bndbox>
    </object>
    <object>
        <name>14</name>
        <difficult>0</difficult>
        <keypoints>
            <x1>312</x1>
            <y1>26</y1>
            <v1>2</v1>
        </keypoints>
        <bndbox>
            <xmin>312</xmin>
            <ymin>26</ymin>
            <xmax>312</xmax>
            <ymax>26</ymax>
        </bndbox>
    </object>
    <object>
        <name>12</name>
        <difficult>0</difficult>
        <keypoints>
            <x1>285</x1>
            <y1>236</y1>
            <v1>2</v1>
        </keypoints>
        <bndbox>
            <xmin>285</xmin>
            <ymin>236</ymin>
            <xmax>285</xmax>
            <ymax>236</ymax>
        </bndbox>
    </object>
    <object>
        <name>11</name>
        <difficult>0</difficult>
        <keypoints>
            <x1>184</x1>
            <y1>99</y1>
            <v1>2</v1>
        </keypoints>
        <bndbox>
            <xmin>184</xmin>
            <ymin>99</ymin>
            <xmax>184</xmax>
            <ymax>99</ymax>
        </bndbox>
    </object>
    <object>
        <name>10</name>
        <difficult>0</difficult>
        <keypoints>
            <x1>134</x1>
            <y1>36</y1>
            <v1>2</v1>
        </keypoints>
        <bndbox>
            <xmin>134</xmin>
            <ymin>36</ymin>
            <xmax>134</xmax>
            <ymax>36</ymax>
        </bndbox>
    </object>
    <object>
        <name>8</name>
        <difficult>0</difficult>
        <keypoints>
            <x1>13</x1>
            <y1>237</y1>
            <v1>2</v1>
        </keypoints>
        <bndbox>
            <xmin>13</xmin>
            <ymin>237</ymin>
            <xmax>13</xmax>
            <ymax>237</ymax>
        </bndbox>
    </object>
    <object>
        <name>2</name>
        <difficult>0</difficult>
        <keypoints>
            <x1>3</x1>
            <y1>86</y1>
            <v1>2</v1>
        </keypoints>
        <bndbox>
            <xmin>3</xmin>
            <ymin>86</ymin>
            <xmax>3</xmax>
            <ymax>86</ymax>
        </bndbox>
    </object>
</annotation>