<annotation>
    <folder>JPEGImages</folder>
    <filename>PL39_38.jpg</filename>
    <size>
        <width>320</width>
        <height>320</height>
        <depth>3</depth>
    </size>
    <object>
        <name>26</name>
        <difficult>0</difficult>
        <keypoints>
            <x1>115</x1>
            <y1>165</y1>
            <v1>2</v1>
        </keypoints>
        <bndbox>
            <xmin>115</xmin>
            <ymin>165</ymin>
            <xmax>115</xmax>
            <ymax>165</ymax>
        </bndbox>
    </object>
    <object>
        <name>25</name>
        <difficult>0</difficult>
        <keypoints>
            <x1>113</x1>
            <y1>96</y1>
            <v1>2</v1>
        </keypoints>
        <bndbox>
            <xmin>113</xmin>
            <ymin>96</ymin>
            <xmax>113</xmax>
            <ymax>96</ymax>
        </bndbox>
    </object>
    <object>
        <name>11</name>
        <difficult>0</difficult>
        <keypoints>
            <x1>113</x1>
            <y1>124</y1>
            <v1>2</v1>
        </keypoints>
        <bndbox>
            <xmin>113</xmin>
            <ymin>124</ymin>
            <xmax>113</xmax>
            <ymax>124</ymax>
        </bndbox>
    </object>
    <object>
        <name>10</name>
        <difficult>0</difficult>
        <keypoints>
            <x1>113</x1>
            <y1>49</y1>
            <v1>2</v1>
        </keypoints>
        <bndbox>
            <xmin>113</xmin>
            <ymin>49</ymin>
            <xmax>113</xmax>
            <ymax>49</ymax>
        </bndbox>
    </object>
</annotation>