<annotation>
    <folder>JPEGImages</folder>
    <filename>PL40_28.jpg</filename>
    <size>
        <width>320</width>
        <height>320</height>
        <depth>3</depth>
    </size>
    <object>
        <name>26</name>
        <difficult>0</difficult>
        <keypoints>
            <x1>303</x1>
            <y1>270</y1>
            <v1>2</v1>
        </keypoints>
        <bndbox>
            <xmin>303</xmin>
            <ymin>270</ymin>
            <xmax>303</xmax>
            <ymax>270</ymax>
        </bndbox>
    </object>
    <object>
        <name>25</name>
        <difficult>0</difficult>
        <keypoints>
            <x1>304</x1>
            <y1>156</y1>
            <v1>2</v1>
        </keypoints>
        <bndbox>
            <xmin>304</xmin>
            <ymin>156</ymin>
            <xmax>304</xmax>
            <ymax>156</ymax>
        </bndbox>
    </object>
    <object>
        <name>11</name>
        <difficult>0</difficult>
        <keypoints>
            <x1>303</x1>
            <y1>205</y1>
            <v1>2</v1>
        </keypoints>
        <bndbox>
            <xmin>303</xmin>
            <ymin>205</ymin>
            <xmax>303</xmax>
            <ymax>205</ymax>
        </bndbox>
    </object>
    <object>
        <name>10</name>
        <difficult>0</difficult>
        <keypoints>
            <x1>307</x1>
            <y1>65</y1>
            <v1>2</v1>
        </keypoints>
        <bndbox>
            <xmin>307</xmin>
            <ymin>65</ymin>
            <xmax>307</xmax>
            <ymax>65</ymax>
        </bndbox>
    </object>
</annotation>