<annotation>
    <folder>JPEGImages</folder>
    <filename>PL40_29.jpg</filename>
    <size>
        <width>320</width>
        <height>320</height>
        <depth>3</depth>
    </size>
    <object>
        <name>26</name>
        <difficult>0</difficult>
        <keypoints>
            <x1>199</x1>
            <y1>263</y1>
            <v1>2</v1>
        </keypoints>
        <bndbox>
            <xmin>199</xmin>
            <ymin>263</ymin>
            <xmax>199</xmax>
            <ymax>263</ymax>
        </bndbox>
    </object>
    <object>
        <name>25</name>
        <difficult>0</difficult>
        <keypoints>
            <x1>198</x1>
            <y1>154</y1>
            <v1>2</v1>
        </keypoints>
        <bndbox>
            <xmin>198</xmin>
            <ymin>154</ymin>
            <xmax>198</xmax>
            <ymax>154</ymax>
        </bndbox>
    </object>
    <object>
        <name>11</name>
        <difficult>0</difficult>
        <keypoints>
            <x1>198</x1>
            <y1>202</y1>
            <v1>2</v1>
        </keypoints>
        <bndbox>
            <xmin>198</xmin>
            <ymin>202</ymin>
            <xmax>198</xmax>
            <ymax>202</ymax>
        </bndbox>
    </object>
    <object>
        <name>10</name>
        <difficult>0</difficult>
        <keypoints>
            <x1>198</x1>
            <y1>65</y1>
            <v1>2</v1>
        </keypoints>
        <bndbox>
            <xmin>198</xmin>
            <ymin>65</ymin>
            <xmax>198</xmax>
            <ymax>65</ymax>
        </bndbox>
    </object>
</annotation>