<annotation>
    <folder>JPEGImages</folder>
    <filename>wc_121.jpg</filename>
    <size>
        <width>320</width>
        <height>320</height>
        <depth>3</depth>
    </size>
    <object>
        <name>28</name>
        <difficult>0</difficult>
        <keypoints>
            <x1>91</x1>
            <y1>209</y1>
            <v1>2</v1>
        </keypoints>
        <bndbox>
            <xmin>91</xmin>
            <ymin>209</ymin>
            <xmax>91</xmax>
            <ymax>209</ymax>
        </bndbox>
    </object>
    <object>
        <name>27</name>
        <difficult>0</difficult>
        <keypoints>
            <x1>37</x1>
            <y1>168</y1>
            <v1>2</v1>
        </keypoints>
        <bndbox>
            <xmin>37</xmin>
            <ymin>168</ymin>
            <xmax>37</xmax>
            <ymax>168</ymax>
        </bndbox>
    </object>
    <object>
        <name>21</name>
        <difficult>0</difficult>
        <keypoints>
            <x1>154</x1>
            <y1>257</y1>
            <v1>2</v1>
        </keypoints>
        <bndbox>
            <xmin>154</xmin>
            <ymin>257</ymin>
            <xmax>154</xmax>
            <ymax>257</ymax>
        </bndbox>
    </object>
    <object>
        <name>20</name>
        <difficult>0</difficult>
        <keypoints>
            <x1>290</x1>
            <y1>219</y1>
            <v1>2</v1>
        </keypoints>
        <bndbox>
            <xmin>290</xmin>
            <ymin>219</ymin>
            <xmax>290</xmax>
            <ymax>219</ymax>
        </bndbox>
    </object>
    <object>
        <name>19</name>
        <difficult>0</difficult>
        <keypoints>
            <x1>187</x1>
            <y1>192</y1>
            <v1>2</v1>
        </keypoints>
        <bndbox>
            <xmin>187</xmin>
            <ymin>192</ymin>
            <xmax>187</xmax>
            <ymax>192</ymax>
        </bndbox>
    </object>
    <object>
        <name>18</name>
        <difficult>0</difficult>
        <keypoints>
            <x1>226</x1>
            <y1>184</y1>
            <v1>2</v1>
        </keypoints>
        <bndbox>
            <xmin>226</xmin>
            <ymin>184</ymin>
            <xmax>226</xmax>
            <ymax>184</ymax>
        </bndbox>
    </object>
    <object>
        <name>17</name>
        <difficult>0</difficult>
        <keypoints>
            <x1>112</x1>
            <y1>148</y1>
            <v1>2</v1>
        </keypoints>
        <bndbox>
            <xmin>112</xmin>
            <ymin>148</ymin>
            <xmax>112</xmax>
            <ymax>148</ymax>
        </bndbox>
    </object>
    <object>
        <name>16</name>
        <difficult>0</difficult>
        <keypoints>
            <x1>146</x1>
            <y1>141</y1>
            <v1>2</v1>
        </keypoints>
        <bndbox>
            <xmin>146</xmin>
            <ymin>141</ymin>
            <xmax>146</xmax>
            <ymax>141</ymax>
        </bndbox>
    </object>
    <object>
        <name>14</name>
        <difficult>0</difficult>
        <keypoints>
            <x1>107</x1>
            <y1>121</y1>
            <v1>2</v1>
        </keypoints>
        <bndbox>
            <xmin>107</xmin>
            <ymin>121</ymin>
            <xmax>107</xmax>
            <ymax>121</ymax>
        </bndbox>
    </object>
    <object>
        <name>13</name>
        <difficult>0</difficult>
        <keypoints>
            <x1>68</x1>
            <y1>99</y1>
            <v1>2</v1>
        </keypoints>
        <bndbox>
            <xmin>68</xmin>
            <ymin>99</ymin>
            <xmax>68</xmax>
            <ymax>99</ymax>
        </bndbox>
    </object>
</annotation>