<annotation>
    <folder>JPEGImages</folder>
    <filename>wc_108.jpg</filename>
    <size>
        <width>320</width>
        <height>320</height>
        <depth>3</depth>
    </size>
    <object>
        <name>28</name>
        <difficult>0</difficult>
        <keypoints>
            <x1>36</x1>
            <y1>147</y1>
            <v1>2</v1>
        </keypoints>
        <bndbox>
            <xmin>36</xmin>
            <ymin>147</ymin>
            <xmax>36</xmax>
            <ymax>147</ymax>
        </bndbox>
    </object>
    <object>
        <name>21</name>
        <difficult>0</difficult>
        <keypoints>
            <x1>100</x1>
            <y1>194</y1>
            <v1>2</v1>
        </keypoints>
        <bndbox>
            <xmin>100</xmin>
            <ymin>194</ymin>
            <xmax>100</xmax>
            <ymax>194</ymax>
        </bndbox>
    </object>
    <object>
        <name>20</name>
        <difficult>0</difficult>
        <keypoints>
            <x1>269</x1>
            <y1>165</y1>
            <v1>2</v1>
        </keypoints>
        <bndbox>
            <xmin>269</xmin>
            <ymin>165</ymin>
            <xmax>269</xmax>
            <ymax>165</ymax>
        </bndbox>
    </object>
    <object>
        <name>19</name>
        <difficult>0</difficult>
        <keypoints>
            <x1>156</x1>
            <y1>137</y1>
            <v1>2</v1>
        </keypoints>
        <bndbox>
            <xmin>156</xmin>
            <ymin>137</ymin>
            <xmax>156</xmax>
            <ymax>137</ymax>
        </bndbox>
    </object>
    <object>
        <name>18</name>
        <difficult>0</difficult>
        <keypoints>
            <x1>203</x1>
            <y1>129</y1>
            <v1>2</v1>
        </keypoints>
        <bndbox>
            <xmin>203</xmin>
            <ymin>129</ymin>
            <xmax>203</xmax>
            <ymax>129</ymax>
        </bndbox>
    </object>
    <object>
        <name>17</name>
        <difficult>0</difficult>
        <keypoints>
            <x1>76</x1>
            <y1>90</y1>
            <v1>2</v1>
        </keypoints>
        <bndbox>
            <xmin>76</xmin>
            <ymin>90</ymin>
            <xmax>76</xmax>
            <ymax>90</ymax>
        </bndbox>
    </object>
    <object>
        <name>16</name>
        <difficult>0</difficult>
        <keypoints>
            <x1>120</x1>
            <y1>85</y1>
            <v1>2</v1>
        </keypoints>
        <bndbox>
            <xmin>120</xmin>
            <ymin>85</ymin>
            <xmax>120</xmax>
            <ymax>85</ymax>
        </bndbox>
    </object>
    <object>
        <name>14</name>
        <difficult>0</difficult>
        <keypoints>
            <x1>79</x1>
            <y1>62</y1>
            <v1>2</v1>
        </keypoints>
        <bndbox>
            <xmin>79</xmin>
            <ymin>62</ymin>
            <xmax>79</xmax>
            <ymax>62</ymax>
        </bndbox>
    </object>
    <object>
        <name>13</name>
        <difficult>0</difficult>
        <keypoints>
            <x1>34</x1>
            <y1>38</y1>
            <v1>2</v1>
        </keypoints>
        <bndbox>
            <xmin>34</xmin>
            <ymin>38</ymin>
            <xmax>34</xmax>
            <ymax>38</ymax>
        </bndbox>
    </object>
</annotation>