<annotation>
    <folder>JPEGImages</folder>
    <filename>wc_123.jpg</filename>
    <size>
        <width>320</width>
        <height>320</height>
        <depth>3</depth>
    </size>
    <object>
        <name>26</name>
        <difficult>0</difficult>
        <keypoints>
            <x1>216</x1>
            <y1>220</y1>
            <v1>2</v1>
        </keypoints>
        <bndbox>
            <xmin>216</xmin>
            <ymin>220</ymin>
            <xmax>216</xmax>
            <ymax>220</ymax>
        </bndbox>
    </object>
    <object>
        <name>25</name>
        <difficult>0</difficult>
        <keypoints>
            <x1>217</x1>
            <y1>174</y1>
            <v1>2</v1>
        </keypoints>
        <bndbox>
            <xmin>217</xmin>
            <ymin>174</ymin>
            <xmax>217</xmax>
            <ymax>174</ymax>
        </bndbox>
    </object>
    <object>
        <name>23</name>
        <difficult>0</difficult>
        <keypoints>
            <x1>23</x1>
            <y1>171</y1>
            <v1>2</v1>
        </keypoints>
        <bndbox>
            <xmin>23</xmin>
            <ymin>171</ymin>
            <xmax>23</xmax>
            <ymax>171</ymax>
        </bndbox>
    </object>
    <object>
        <name>11</name>
        <difficult>0</difficult>
        <keypoints>
            <x1>216</x1>
            <y1>194</y1>
            <v1>2</v1>
        </keypoints>
        <bndbox>
            <xmin>216</xmin>
            <ymin>194</ymin>
            <xmax>216</xmax>
            <ymax>194</ymax>
        </bndbox>
    </object>
    <object>
        <name>10</name>
        <difficult>0</difficult>
        <keypoints>
            <x1>218</x1>
            <y1>135</y1>
            <v1>2</v1>
        </keypoints>
        <bndbox>
            <xmin>218</xmin>
            <ymin>135</ymin>
            <xmax>218</xmax>
            <ymax>135</ymax>
        </bndbox>
    </object>
    <object>
        <name>2</name>
        <difficult>0</difficult>
        <keypoints>
            <x1>46</x1>
            <y1>149</y1>
            <v1>2</v1>
        </keypoints>
        <bndbox>
            <xmin>46</xmin>
            <ymin>149</ymin>
            <xmax>46</xmax>
            <ymax>149</ymax>
        </bndbox>
    </object>
</annotation>