<annotation>
    <folder>JPEGImages</folder>
    <filename>wc_146.jpg</filename>
    <size>
        <width>320</width>
        <height>320</height>
        <depth>3</depth>
    </size>
    <object>
        <name>28</name>
        <difficult>0</difficult>
        <keypoints>
            <x1>171</x1>
            <y1>183</y1>
            <v1>2</v1>
        </keypoints>
        <bndbox>
            <xmin>171</xmin>
            <ymin>183</ymin>
            <xmax>171</xmax>
            <ymax>183</ymax>
        </bndbox>
    </object>
    <object>
        <name>27</name>
        <difficult>0</difficult>
        <keypoints>
            <x1>58</x1>
            <y1>115</y1>
            <v1>2</v1>
        </keypoints>
        <bndbox>
            <xmin>58</xmin>
            <ymin>115</ymin>
            <xmax>58</xmax>
            <ymax>115</ymax>
        </bndbox>
    </object>
    <object>
        <name>21</name>
        <difficult>0</difficult>
        <keypoints>
            <x1>311</x1>
            <y1>267</y1>
            <v1>2</v1>
        </keypoints>
        <bndbox>
            <xmin>311</xmin>
            <ymin>267</ymin>
            <xmax>311</xmax>
            <ymax>267</ymax>
        </bndbox>
    </object>
    <object>
        <name>17</name>
        <difficult>0</difficult>
        <keypoints>
            <x1>185</x1>
            <y1>88</y1>
            <v1>2</v1>
        </keypoints>
        <bndbox>
            <xmin>185</xmin>
            <ymin>88</ymin>
            <xmax>185</xmax>
            <ymax>88</ymax>
        </bndbox>
    </object>
    <object>
        <name>16</name>
        <difficult>0</difficult>
        <keypoints>
            <x1>245</x1>
            <y1>77</y1>
            <v1>2</v1>
        </keypoints>
        <bndbox>
            <xmin>245</xmin>
            <ymin>77</ymin>
            <xmax>245</xmax>
            <ymax>77</ymax>
        </bndbox>
    </object>
    <object>
        <name>14</name>
        <difficult>0</difficult>
        <keypoints>
            <x1>168</x1>
            <y1>47</y1>
            <v1>2</v1>
        </keypoints>
        <bndbox>
            <xmin>168</xmin>
            <ymin>47</ymin>
            <xmax>168</xmax>
            <ymax>47</ymax>
        </bndbox>
    </object>
    <object>
        <name>13</name>
        <difficult>0</difficult>
        <keypoints>
            <x1>91</x1>
            <y1>13</y1>
            <v1>2</v1>
        </keypoints>
        <bndbox>
            <xmin>91</xmin>
            <ymin>13</ymin>
            <xmax>91</xmax>
            <ymax>13</ymax>
        </bndbox>
    </object>
</annotation>