<annotation>
    <folder>JPEGImages</folder>
    <filename>wc_11.jpg</filename>
    <size>
        <width>320</width>
        <height>320</height>
        <depth>3</depth>
    </size>
    <object>
        <name>26</name>
        <difficult>0</difficult>
        <keypoints>
            <x1>103</x1>
            <y1>198</y1>
            <v1>2</v1>
        </keypoints>
        <bndbox>
            <xmin>103</xmin>
            <ymin>198</ymin>
            <xmax>103</xmax>
            <ymax>198</ymax>
        </bndbox>
    </object>
    <object>
        <name>25</name>
        <difficult>0</difficult>
        <keypoints>
            <x1>104</x1>
            <y1>150</y1>
            <v1>2</v1>
        </keypoints>
        <bndbox>
            <xmin>104</xmin>
            <ymin>150</ymin>
            <xmax>104</xmax>
            <ymax>150</ymax>
        </bndbox>
    </object>
    <object>
        <name>11</name>
        <difficult>0</difficult>
        <keypoints>
            <x1>104</x1>
            <y1>170</y1>
            <v1>2</v1>
        </keypoints>
        <bndbox>
            <xmin>104</xmin>
            <ymin>170</ymin>
            <xmax>104</xmax>
            <ymax>170</ymax>
        </bndbox>
    </object>
    <object>
        <name>10</name>
        <difficult>0</difficult>
        <keypoints>
            <x1>104</x1>
            <y1>111</y1>
            <v1>2</v1>
        </keypoints>
        <bndbox>
            <xmin>104</xmin>
            <ymin>111</ymin>
            <xmax>104</xmax>
            <ymax>111</ymax>
        </bndbox>
    </object>
</annotation>