<annotation>
    <folder>JPEGImages</folder>
    <filename>wc_136.jpg</filename>
    <size>
        <width>320</width>
        <height>320</height>
        <depth>3</depth>
    </size>
    <object>
        <name>28</name>
        <difficult>0</difficult>
        <keypoints>
            <x1>160</x1>
            <y1>177</y1>
            <v1>2</v1>
        </keypoints>
        <bndbox>
            <xmin>160</xmin>
            <ymin>177</ymin>
            <xmax>160</xmax>
            <ymax>177</ymax>
        </bndbox>
    </object>
    <object>
        <name>27</name>
        <difficult>0</difficult>
        <keypoints>
            <x1>107</x1>
            <y1>139</y1>
            <v1>2</v1>
        </keypoints>
        <bndbox>
            <xmin>107</xmin>
            <ymin>139</ymin>
            <xmax>107</xmax>
            <ymax>139</ymax>
        </bndbox>
    </object>
    <object>
        <name>21</name>
        <difficult>0</difficult>
        <keypoints>
            <x1>227</x1>
            <y1>226</y1>
            <v1>2</v1>
        </keypoints>
        <bndbox>
            <xmin>227</xmin>
            <ymin>226</ymin>
            <xmax>227</xmax>
            <ymax>226</ymax>
        </bndbox>
    </object>
    <object>
        <name>19</name>
        <difficult>0</difficult>
        <keypoints>
            <x1>252</x1>
            <y1>165</y1>
            <v1>2</v1>
        </keypoints>
        <bndbox>
            <xmin>252</xmin>
            <ymin>165</ymin>
            <xmax>252</xmax>
            <ymax>165</ymax>
        </bndbox>
    </object>
    <object>
        <name>18</name>
        <difficult>0</difficult>
        <keypoints>
            <x1>290</x1>
            <y1>156</y1>
            <v1>2</v1>
        </keypoints>
        <bndbox>
            <xmin>290</xmin>
            <ymin>156</ymin>
            <xmax>290</xmax>
            <ymax>156</ymax>
        </bndbox>
    </object>
    <object>
        <name>17</name>
        <difficult>0</difficult>
        <keypoints>
            <x1>174</x1>
            <y1>121</y1>
            <v1>2</v1>
        </keypoints>
        <bndbox>
            <xmin>174</xmin>
            <ymin>121</ymin>
            <xmax>174</xmax>
            <ymax>121</ymax>
        </bndbox>
    </object>
    <object>
        <name>16</name>
        <difficult>0</difficult>
        <keypoints>
            <x1>205</x1>
            <y1>115</y1>
            <v1>2</v1>
        </keypoints>
        <bndbox>
            <xmin>205</xmin>
            <ymin>115</ymin>
            <xmax>205</xmax>
            <ymax>115</ymax>
        </bndbox>
    </object>
    <object>
        <name>15</name>
        <difficult>0</difficult>
        <keypoints>
            <x1>71</x1>
            <y1>112</y1>
            <v1>2</v1>
        </keypoints>
        <bndbox>
            <xmin>71</xmin>
            <ymin>112</ymin>
            <xmax>71</xmax>
            <ymax>112</ymax>
        </bndbox>
    </object>
    <object>
        <name>14</name>
        <difficult>0</difficult>
        <keypoints>
            <x1>166</x1>
            <y1>96</y1>
            <v1>2</v1>
        </keypoints>
        <bndbox>
            <xmin>166</xmin>
            <ymin>96</ymin>
            <xmax>166</xmax>
            <ymax>96</ymax>
        </bndbox>
    </object>
    <object>
        <name>13</name>
        <difficult>0</difficult>
        <keypoints>
            <x1>130</x1>
            <y1>77</y1>
            <v1>2</v1>
        </keypoints>
        <bndbox>
            <xmin>130</xmin>
            <ymin>77</ymin>
            <xmax>130</xmax>
            <ymax>77</ymax>
        </bndbox>
    </object>
</annotation>