<annotation>
    <folder>JPEGImages</folder>
    <filename>wc_142.jpg</filename>
    <size>
        <width>320</width>
        <height>320</height>
        <depth>3</depth>
    </size>
    <object>
        <name>24</name>
        <difficult>0</difficult>
        <keypoints>
            <x1>200</x1>
            <y1>192</y1>
            <v1>2</v1>
        </keypoints>
        <bndbox>
            <xmin>200</xmin>
            <ymin>192</ymin>
            <xmax>200</xmax>
            <ymax>192</ymax>
        </bndbox>
    </object>
    <object>
        <name>23</name>
        <difficult>0</difficult>
        <keypoints>
            <x1>259</x1>
            <y1>153</y1>
            <v1>2</v1>
        </keypoints>
        <bndbox>
            <xmin>259</xmin>
            <ymin>153</ymin>
            <xmax>259</xmax>
            <ymax>153</ymax>
        </bndbox>
    </object>
    <object>
        <name>8</name>
        <difficult>0</difficult>
        <keypoints>
            <x1>125</x1>
            <y1>241</y1>
            <v1>2</v1>
        </keypoints>
        <bndbox>
            <xmin>125</xmin>
            <ymin>241</ymin>
            <xmax>125</xmax>
            <ymax>241</ymax>
        </bndbox>
    </object>
    <object>
        <name>6</name>
        <difficult>0</difficult>
        <keypoints>
            <x1>101</x1>
            <y1>175</y1>
            <v1>2</v1>
        </keypoints>
        <bndbox>
            <xmin>101</xmin>
            <ymin>175</ymin>
            <xmax>101</xmax>
            <ymax>175</ymax>
        </bndbox>
    </object>
    <object>
        <name>5</name>
        <difficult>0</difficult>
        <keypoints>
            <x1>63</x1>
            <y1>164</y1>
            <v1>2</v1>
        </keypoints>
        <bndbox>
            <xmin>63</xmin>
            <ymin>164</ymin>
            <xmax>63</xmax>
            <ymax>164</ymax>
        </bndbox>
    </object>
    <object>
        <name>4</name>
        <difficult>0</difficult>
        <keypoints>
            <x1>185</x1>
            <y1>132</y1>
            <v1>2</v1>
        </keypoints>
        <bndbox>
            <xmin>185</xmin>
            <ymin>132</ymin>
            <xmax>185</xmax>
            <ymax>132</ymax>
        </bndbox>
    </object>
    <object>
        <name>3</name>
        <difficult>0</difficult>
        <keypoints>
            <x1>152</x1>
            <y1>124</y1>
            <v1>2</v1>
        </keypoints>
        <bndbox>
            <xmin>152</xmin>
            <ymin>124</ymin>
            <xmax>152</xmax>
            <ymax>124</ymax>
        </bndbox>
    </object>
    <object>
        <name>2</name>
        <difficult>0</difficult>
        <keypoints>
            <x1>300</x1>
            <y1>126</y1>
            <v1>2</v1>
        </keypoints>
        <bndbox>
            <xmin>300</xmin>
            <ymin>126</ymin>
            <xmax>300</xmax>
            <ymax>126</ymax>
        </bndbox>
    </object>
    <object>
        <name>1</name>
        <difficult>0</difficult>
        <keypoints>
            <x1>193</x1>
            <y1>105</y1>
            <v1>2</v1>
        </keypoints>
        <bndbox>
            <xmin>193</xmin>
            <ymin>105</ymin>
            <xmax>193</xmax>
            <ymax>105</ymax>
        </bndbox>
    </object>
    <object>
        <name>0</name>
        <difficult>0</difficult>
        <keypoints>
            <x1>235</x1>
            <y1>85</y1>
            <v1>2</v1>
        </keypoints>
        <bndbox>
            <xmin>235</xmin>
            <ymin>85</ymin>
            <xmax>235</xmax>
            <ymax>85</ymax>
        </bndbox>
    </object>
</annotation>