<annotation>
    <folder>JPEGImages</folder>
    <filename>wc_135.jpg</filename>
    <size>
        <width>320</width>
        <height>320</height>
        <depth>3</depth>
    </size>
    <object>
        <name>27</name>
        <difficult>0</difficult>
        <keypoints>
            <x1>294</x1>
            <y1>135</y1>
            <v1>2</v1>
        </keypoints>
        <bndbox>
            <xmin>294</xmin>
            <ymin>135</ymin>
            <xmax>294</xmax>
            <ymax>135</ymax>
        </bndbox>
    </object>
    <object>
        <name>26</name>
        <difficult>0</difficult>
        <keypoints>
            <x1>8</x1>
            <y1>225</y1>
            <v1>2</v1>
        </keypoints>
        <bndbox>
            <xmin>8</xmin>
            <ymin>225</ymin>
            <xmax>8</xmax>
            <ymax>225</ymax>
        </bndbox>
    </object>
    <object>
        <name>25</name>
        <difficult>0</difficult>
        <keypoints>
            <x1>7</x1>
            <y1>153</y1>
            <v1>2</v1>
        </keypoints>
        <bndbox>
            <xmin>7</xmin>
            <ymin>153</ymin>
            <xmax>7</xmax>
            <ymax>153</ymax>
        </bndbox>
    </object>
    <object>
        <name>15</name>
        <difficult>0</difficult>
        <keypoints>
            <x1>258</x1>
            <y1>105</y1>
            <v1>2</v1>
        </keypoints>
        <bndbox>
            <xmin>258</xmin>
            <ymin>105</ymin>
            <xmax>258</xmax>
            <ymax>105</ymax>
        </bndbox>
    </object>
    <object>
        <name>11</name>
        <difficult>0</difficult>
        <keypoints>
            <x1>7</x1>
            <y1>185</y1>
            <v1>2</v1>
        </keypoints>
        <bndbox>
            <xmin>7</xmin>
            <ymin>185</ymin>
            <xmax>7</xmax>
            <ymax>185</ymax>
        </bndbox>
    </object>
    <object>
        <name>10</name>
        <difficult>0</difficult>
        <keypoints>
            <x1>5</x1>
            <y1>95</y1>
            <v1>2</v1>
        </keypoints>
        <bndbox>
            <xmin>5</xmin>
            <ymin>95</ymin>
            <xmax>5</xmax>
            <ymax>95</ymax>
        </bndbox>
    </object>
</annotation>