<annotation>
    <folder>JPEGImages</folder>
    <filename>wc_118.jpg</filename>
    <size>
        <width>320</width>
        <height>320</height>
        <depth>3</depth>
    </size>
    <object>
        <name>28</name>
        <difficult>0</difficult>
        <keypoints>
            <x1>241</x1>
            <y1>268</y1>
            <v1>2</v1>
        </keypoints>
        <bndbox>
            <xmin>241</xmin>
            <ymin>268</ymin>
            <xmax>241</xmax>
            <ymax>268</ymax>
        </bndbox>
    </object>
    <object>
        <name>27</name>
        <difficult>0</difficult>
        <keypoints>
            <x1>176</x1>
            <y1>212</y1>
            <v1>2</v1>
        </keypoints>
        <bndbox>
            <xmin>176</xmin>
            <ymin>212</ymin>
            <xmax>176</xmax>
            <ymax>212</ymax>
        </bndbox>
    </object>
    <object>
        <name>17</name>
        <difficult>0</difficult>
        <keypoints>
            <x1>268</x1>
            <y1>193</y1>
            <v1>2</v1>
        </keypoints>
        <bndbox>
            <xmin>268</xmin>
            <ymin>193</ymin>
            <xmax>268</xmax>
            <ymax>193</ymax>
        </bndbox>
    </object>
    <object>
        <name>16</name>
        <difficult>0</difficult>
        <keypoints>
            <x1>313</x1>
            <y1>186</y1>
            <v1>2</v1>
        </keypoints>
        <bndbox>
            <xmin>313</xmin>
            <ymin>186</ymin>
            <xmax>313</xmax>
            <ymax>186</ymax>
        </bndbox>
    </object>
    <object>
        <name>15</name>
        <difficult>0</difficult>
        <keypoints>
            <x1>134</x1>
            <y1>174</y1>
            <v1>2</v1>
        </keypoints>
        <bndbox>
            <xmin>134</xmin>
            <ymin>174</ymin>
            <xmax>134</xmax>
            <ymax>174</ymax>
        </bndbox>
    </object>
    <object>
        <name>14</name>
        <difficult>0</difficult>
        <keypoints>
            <x1>263</x1>
            <y1>157</y1>
            <v1>2</v1>
        </keypoints>
        <bndbox>
            <xmin>263</xmin>
            <ymin>157</ymin>
            <xmax>263</xmax>
            <ymax>157</ymax>
        </bndbox>
    </object>
    <object>
        <name>13</name>
        <difficult>0</difficult>
        <keypoints>
            <x1>215</x1>
            <y1>128</y1>
            <v1>2</v1>
        </keypoints>
        <bndbox>
            <xmin>215</xmin>
            <ymin>128</ymin>
            <xmax>215</xmax>
            <ymax>128</ymax>
        </bndbox>
    </object>
</annotation>