<annotation>
    <folder>JPEGImages</folder>
    <filename>wc_13.jpg</filename>
    <size>
        <width>320</width>
        <height>320</height>
        <depth>3</depth>
    </size>
    <object>
        <name>26</name>
        <difficult>0</difficult>
        <keypoints>
            <x1>185</x1>
            <y1>179</y1>
            <v1>2</v1>
        </keypoints>
        <bndbox>
            <xmin>185</xmin>
            <ymin>179</ymin>
            <xmax>185</xmax>
            <ymax>179</ymax>
        </bndbox>
    </object>
    <object>
        <name>25</name>
        <difficult>0</difficult>
        <keypoints>
            <x1>186</x1>
            <y1>133</y1>
            <v1>2</v1>
        </keypoints>
        <bndbox>
            <xmin>186</xmin>
            <ymin>133</ymin>
            <xmax>186</xmax>
            <ymax>133</ymax>
        </bndbox>
    </object>
    <object>
        <name>12</name>
        <difficult>0</difficult>
        <keypoints>
            <x1>183</x1>
            <y1>310</y1>
            <v1>2</v1>
        </keypoints>
        <bndbox>
            <xmin>183</xmin>
            <ymin>310</ymin>
            <xmax>183</xmax>
            <ymax>310</ymax>
        </bndbox>
    </object>
    <object>
        <name>11</name>
        <difficult>0</difficult>
        <keypoints>
            <x1>186</x1>
            <y1>153</y1>
            <v1>2</v1>
        </keypoints>
        <bndbox>
            <xmin>186</xmin>
            <ymin>153</ymin>
            <xmax>186</xmax>
            <ymax>153</ymax>
        </bndbox>
    </object>
    <object>
        <name>10</name>
        <difficult>0</difficult>
        <keypoints>
            <x1>186</x1>
            <y1>96</y1>
            <v1>2</v1>
        </keypoints>
        <bndbox>
            <xmin>186</xmin>
            <ymin>96</ymin>
            <xmax>186</xmax>
            <ymax>96</ymax>
        </bndbox>
    </object>
</annotation>