<annotation>
    <folder>JPEGImages</folder>
    <filename>wc_137.jpg</filename>
    <size>
        <width>320</width>
        <height>320</height>
        <depth>3</depth>
    </size>
    <object>
        <name>28</name>
        <difficult>0</difficult>
        <keypoints>
            <x1>97</x1>
            <y1>195</y1>
            <v1>2</v1>
        </keypoints>
        <bndbox>
            <xmin>97</xmin>
            <ymin>195</ymin>
            <xmax>97</xmax>
            <ymax>195</ymax>
        </bndbox>
    </object>
    <object>
        <name>27</name>
        <difficult>0</difficult>
        <keypoints>
            <x1>31</x1>
            <y1>150</y1>
            <v1>2</v1>
        </keypoints>
        <bndbox>
            <xmin>31</xmin>
            <ymin>150</ymin>
            <xmax>31</xmax>
            <ymax>150</ymax>
        </bndbox>
    </object>
    <object>
        <name>21</name>
        <difficult>0</difficult>
        <keypoints>
            <x1>180</x1>
            <y1>250</y1>
            <v1>2</v1>
        </keypoints>
        <bndbox>
            <xmin>180</xmin>
            <ymin>250</ymin>
            <xmax>180</xmax>
            <ymax>250</ymax>
        </bndbox>
    </object>
    <object>
        <name>19</name>
        <difficult>0</difficult>
        <keypoints>
            <x1>208</x1>
            <y1>176</y1>
            <v1>2</v1>
        </keypoints>
        <bndbox>
            <xmin>208</xmin>
            <ymin>176</ymin>
            <xmax>208</xmax>
            <ymax>176</ymax>
        </bndbox>
    </object>
    <object>
        <name>18</name>
        <difficult>0</difficult>
        <keypoints>
            <x1>251</x1>
            <y1>165</y1>
            <v1>2</v1>
        </keypoints>
        <bndbox>
            <xmin>251</xmin>
            <ymin>165</ymin>
            <xmax>251</xmax>
            <ymax>165</ymax>
        </bndbox>
    </object>
    <object>
        <name>17</name>
        <difficult>0</difficult>
        <keypoints>
            <x1>115</x1>
            <y1>127</y1>
            <v1>2</v1>
        </keypoints>
        <bndbox>
            <xmin>115</xmin>
            <ymin>127</ymin>
            <xmax>115</xmax>
            <ymax>127</ymax>
        </bndbox>
    </object>
    <object>
        <name>16</name>
        <difficult>0</difficult>
        <keypoints>
            <x1>151</x1>
            <y1>118</y1>
            <v1>2</v1>
        </keypoints>
        <bndbox>
            <xmin>151</xmin>
            <ymin>118</ymin>
            <xmax>151</xmax>
            <ymax>118</ymax>
        </bndbox>
    </object>
    <object>
        <name>14</name>
        <difficult>0</difficult>
        <keypoints>
            <x1>105</x1>
            <y1>96</y1>
            <v1>2</v1>
        </keypoints>
        <bndbox>
            <xmin>105</xmin>
            <ymin>96</ymin>
            <xmax>105</xmax>
            <ymax>96</ymax>
        </bndbox>
    </object>
    <object>
        <name>13</name>
        <difficult>0</difficult>
        <keypoints>
            <x1>57</x1>
            <y1>73</y1>
            <v1>2</v1>
        </keypoints>
        <bndbox>
            <xmin>57</xmin>
            <ymin>73</ymin>
            <xmax>57</xmax>
            <ymax>73</ymax>
        </bndbox>
    </object>
</annotation>