<annotation>
    <folder>JPEGImages</folder>
    <filename>wc_134.jpg</filename>
    <size>
        <width>320</width>
        <height>320</height>
        <depth>3</depth>
    </size>
    <object>
        <name>26</name>
        <difficult>0</difficult>
        <keypoints>
            <x1>168</x1>
            <y1>230</y1>
            <v1>2</v1>
        </keypoints>
        <bndbox>
            <xmin>168</xmin>
            <ymin>230</ymin>
            <xmax>168</xmax>
            <ymax>230</ymax>
        </bndbox>
    </object>
    <object>
        <name>25</name>
        <difficult>0</difficult>
        <keypoints>
            <x1>168</x1>
            <y1>155</y1>
            <v1>2</v1>
        </keypoints>
        <bndbox>
            <xmin>168</xmin>
            <ymin>155</ymin>
            <xmax>168</xmax>
            <ymax>155</ymax>
        </bndbox>
    </object>
    <object>
        <name>11</name>
        <difficult>0</difficult>
        <keypoints>
            <x1>168</x1>
            <y1>188</y1>
            <v1>2</v1>
        </keypoints>
        <bndbox>
            <xmin>168</xmin>
            <ymin>188</ymin>
            <xmax>168</xmax>
            <ymax>188</ymax>
        </bndbox>
    </object>
    <object>
        <name>10</name>
        <difficult>0</difficult>
        <keypoints>
            <x1>168</x1>
            <y1>95</y1>
            <v1>2</v1>
        </keypoints>
        <bndbox>
            <xmin>168</xmin>
            <ymin>95</ymin>
            <xmax>168</xmax>
            <ymax>95</ymax>
        </bndbox>
    </object>
</annotation>