<annotation>
    <folder>JPEGImages</folder>
    <filename>wc_114.jpg</filename>
    <size>
        <width>320</width>
        <height>320</height>
        <depth>3</depth>
    </size>
    <object>
        <name>26</name>
        <difficult>0</difficult>
        <keypoints>
            <x1>299</x1>
            <y1>280</y1>
            <v1>2</v1>
        </keypoints>
        <bndbox>
            <xmin>299</xmin>
            <ymin>280</ymin>
            <xmax>299</xmax>
            <ymax>280</ymax>
        </bndbox>
    </object>
    <object>
        <name>25</name>
        <difficult>0</difficult>
        <keypoints>
            <x1>301</x1>
            <y1>198</y1>
            <v1>2</v1>
        </keypoints>
        <bndbox>
            <xmin>301</xmin>
            <ymin>198</ymin>
            <xmax>301</xmax>
            <ymax>198</ymax>
        </bndbox>
    </object>
    <object>
        <name>11</name>
        <difficult>0</difficult>
        <keypoints>
            <x1>300</x1>
            <y1>234</y1>
            <v1>2</v1>
        </keypoints>
        <bndbox>
            <xmin>300</xmin>
            <ymin>234</ymin>
            <xmax>300</xmax>
            <ymax>234</ymax>
        </bndbox>
    </object>
    <object>
        <name>10</name>
        <difficult>0</difficult>
        <keypoints>
            <x1>302</x1>
            <y1>131</y1>
            <v1>2</v1>
        </keypoints>
        <bndbox>
            <xmin>302</xmin>
            <ymin>131</ymin>
            <xmax>302</xmax>
            <ymax>131</ymax>
        </bndbox>
    </object>
    <object>
        <name>2</name>
        <difficult>0</difficult>
        <keypoints>
            <x1>9</x1>
            <y1>150</y1>
            <v1>2</v1>
        </keypoints>
        <bndbox>
            <xmin>9</xmin>
            <ymin>150</ymin>
            <xmax>9</xmax>
            <ymax>150</ymax>
        </bndbox>
    </object>
</annotation>